1,1,140,00,,00,1,0,76.90,
2,1,473,00,,00,1,0,76.90,
3,2,897,00,,04,1,0,0.00,
4,2,427,00,,04,2,0,0.00,
5,2,1,00,,04,3,0,0.00,
6,2,898,00,,04,4,0,0.00,
7,2,391,00,,04,5,0,0.00,
8,3,899,00,,00,1,0,0.00,
9,3,3,00,,00,1,0,0.00,
10,3,900,00,,00,2,0,0.00,
11,3,901,00,,00,2,0,0.00,
12,3,1,00,,00,3,0,0.00,
13,3,902,00,,00,3,0,0.00,
14,4,1,00,,04,1,0,107.50,
15,4,903,00,,04,2,0,104.60,
16,4,902,00,,04,3,0,98.90,
17,4,904,00,,04,4,0,97.30,
18,4,427,00,,04,5,0,96.30,
19,4,897,00,,04,6,0,95.80,
20,4,905,00,,04,7,0,91.00,
21,4,906,00,,04,8,0,88.60,
22,4,898,00,,04,9,0,79.70,
23,4,907,00,,04,10,0,0.00,
24,5,1,00,,04,1,0,9.10,
25,5,897,00,,04,2,0,8.70,
26,5,899,00,,04,3,0,8.30,
27,5,903,00,,04,4,0,8.20,
28,5,906,00,,04,5,0,0.00,
29,6,1,00,,00,1,0,8.00,
30,6,903,00,,00,1,0,8.00,
31,6,427,00,,00,2,0,7.88,
32,6,899,00,,00,2,0,7.88,
33,6,904,00,,00,3,0,7.77,
34,6,152,00,,00,3,0,7.77,
35,22,903,00,,00,1,0,0.00,
36,22,1,00,,00,1,0,0.00,
37,22,897,00,,00,2,0,0.00,
38,22,427,00,,00,2,0,0.00,
39,23,1,00,,00,1,0,0.00,
40,23,903,00,,00,1,0,0.00,
41,23,898,00,,00,2,0,0.00,
42,23,550,00,,00,2,0,0.00,
43,23,906,00,,04,1,0,0.00,
44,23,1,00,,04,2,0,0.00,
45,1,470,00,,00,2,0,70.40,
46,1,508,00,,00,2,0,70.40,
47,1,421,00,,00,3,0,68.70,
48,1,145,00,,00,3,0,68.70,
49,1,597,00,,00,4,0,68.50,
50,1,567,00,,00,4,0,68.50,
51,1,268,00,,00,5,0,66.20,
52,1,737,00,,00,5,0,66.20,
53,1,370,00,,00,6,0,64.90,
54,1,675,00,,00,6,0,64.90,
55,1,892,00,,00,7,0,64.80,
56,1,852,00,,00,7,0,64.80,
57,1,411,00,,00,8,0,52.20,
58,1,30,00,,00,8,0,52.20,
59,1,701,00,,03,2,0,56.00,
60,1,630,00,,03,2,0,56.00,
61,1,289,00,,03,3,0,53.60,
62,1,482,00,,03,3,0,53.60,
63,1,937,00,,03,4,0,52.40,
64,1,441,00,,03,5,0,52.20,
65,1,421,00,,03,5,0,52.20,
66,1,667,00,,03,6,0,49.70,
67,1,567,00,,03,6,0,49.70,
68,1,470,00,,02,1,0,66.10,"Tommy was the star! He hit 3-spin phlaud pull to 3-spin gitis!"
69,1,852,00,,02,1,0,66.10,"First non- N.American player to win FPA Worlds!"
70,1,421,00,,02,1,0,66.10,"2nd World Tile for Paul"
71,1,140,00,,02,2,0,62.60,
72,1,473,00,,02,2,0,62.60,
73,1,567,00,,02,2,0,62.60,
74,1,442,00,,02,3,0,58.90,
75,1,97,00,,02,3,0,58.90,
76,1,892,00,,02,3,0,58.90,
77,1,370,00,,02,4,0,53.30,
78,1,508,00,,02,4,0,53.30,
79,1,268,00,,02,4,0,53.30,
80,1,908,00,,02,5,0,44.90,
81,1,145,00,,02,5,0,44.90,
82,1,913,00,,02,5,0,44.90,
83,1,597,00,,02,6,0,40.60,
84,1,698,00,,02,6,0,40.60,
85,1,482,00,,02,6,0,40.60,
86,1,367,00,,03,1,0,58.90,
87,1,140,00,,03,1,0,58.90,
88,1,410,00,,03,4,0,52.40,
89,1,367,00,,01,1,0,65.10,
90,1,441,00,,01,1,0,65.10,
91,1,289,00,,01,2,0,55.30,
92,1,667,00,,01,2,0,55.30,
93,1,937,00,,01,3,0,48.20,"First Women's finals for these up and coming stars!"
94,1,938,00,,01,3,0,48.20,
95,7,737,00,,06,1,0,0.00,"They were on another level!"
96,7,269,00,,06,1,0,0.00,"Matt showed us that he's one of the best jammers in thw world - period."
97,7,367,00,,06,2,2,0.00,"Ladies rule!"
98,7,486,00,,06,2,2,0.00,
99,7,441,00,,06,2,2,0.00,
100,7,701,00,,06,3,2,0.00,
101,7,442,00,,06,3,2,0.00,
102,7,667,00,,06,4,0,0.00,
103,7,289,00,,06,5,0,0.00,
104,7,281,00,,06,5,0,0.00,
105,7,738,00,,06,6,0,0.00,
106,7,315,00,,06,6,0,0.00,
107,7,460,00,,06,4,0,0.00,
108,7,359,00,,06,7,0,0.00,"Seed busting big-time to make the finals!"
109,7,939,00,,06,7,0,0.00,
110,7,162,00,,06,8,0,0.00,"Not bad for a couple of DDCers."
111,7,614,00,,06,8,0,0.00,
112,24,370,00,,00,1,0,0.00,
113,24,675,00,,00,1,0,0.00,
114,24,140,00,,00,2,0,0.00,
115,24,473,00,,00,2,0,0.00,
116,24,421,00,,00,3,0,0.00,
117,24,887,00,,00,3,0,0.00,
118,24,737,00,,00,4,0,0.00,
119,24,701,00,,00,4,0,0.00,
120,24,470,00,,00,5,0,0.00,
121,24,508,00,,00,5,0,0.00,
122,24,442,00,,00,6,0,0.00,
123,24,482,00,,00,6,0,0.00,
124,24,268,00,,00,7,0,0.00,
125,24,269,00,,00,7,0,0.00,
126,24,597,00,,00,8,0,0.00,
127,24,823,00,,00,8,0,0.00,"Oberhaus/Velasquez scratched due to a calf injury to Velasquez."
128,24,597,00,,02,1,0,0.00,
129,24,737,00,,02,1,0,0.00,
130,24,823,00,,02,1,0,0.00,
131,24,942,00,,02,2,0,0.00,
132,24,308,00,,02,2,0,0.00,
133,24,887,00,,02,2,0,0.00,
134,24,370,00,,02,3,0,0.00,
135,24,421,00,,02,3,0,0.00,
136,24,675,00,,02,3,0,0.00,
137,24,140,00,,02,4,0,0.00,
138,24,470,00,,02,4,0,0.00,
139,24,473,00,,02,4,0,0.00,
140,24,97,00,,02,5,0,0.00,
141,24,258,00,,02,5,0,0.00,
142,24,363,00,,02,5,0,0.00,
143,24,442,00,,02,6,0,0.00,
144,24,482,00,,02,6,0,0.00,
145,24,508,00,,02,6,0,0.00,
146,24,441,00,,03,1,0,0.00,
147,24,421,00,,03,1,0,0.00,
148,24,667,00,,03,2,0,0.00,
149,24,308,00,,03,2,0,0.00,
150,24,289,00,,03,3,0,0.00,
151,24,482,00,,03,3,0,0.00,
152,24,163,00,,03,4,0,0.00,
153,24,442,00,,03,4,0,0.00,
154,24,486,00,,03,5,0,0.00,
155,24,887,00,,03,5,0,0.00,
156,24,367,00,,03,6,0,0.00,
157,24,823,00,,03,6,0,0.00,
158,24,667,00,,01,1,0,0.00,
159,24,630,00,,01,1,0,0.00,
160,24,943,00,,01,2,0,0.00,
161,24,441,00,,01,2,0,0.00,
162,24,163,00,,01,3,0,0.00,
163,24,944,00,,01,3,0,0.00,
164,24,815,00,,01,4,0,0.00,
165,24,828,00,,01,4,0,0.00,
166,24,667,02,,01,1,0,0.00,
167,24,630,02,,01,1,0,0.00,
168,24,943,02,,01,2,2,0.00,
169,24,441,02,,01,2,2,0.00,
170,24,163,02,,01,3,2,0.00,
171,24,944,02,,01,3,2,0.00,
172,24,815,02,,01,4,0,0.00,
173,24,828,02,,01,4,0,0.00,
174,24,486,02,,01,5,0,0.00,
175,24,945,02,,01,5,0,0.00,
176,24,667,02,A,03,1,0,0.00,
177,24,308,02,A,03,1,0,0.00,
178,24,486,02,A,03,2,0,0.00,
179,24,887,02,A,03,2,0,0.00,
180,24,163,02,A,03,3,0,0.00,
181,24,442,02,A,03,3,0,0.00,
182,24,943,02,A,03,4,0,0.00,
183,24,79,02,A,03,4,0,0.00,
184,24,944,02,A,03,5,0,0.00,
185,24,217,02,A,03,5,0,0.00,
186,24,441,02,B,03,1,0,0.00,
187,24,421,02,B,03,1,0,0.00,
188,24,289,02,B,03,2,0,0.00,
189,24,482,02,B,03,2,0,0.00,
190,24,367,02,B,03,3,0,0.00,
191,24,823,02,B,03,3,0,0.00,
192,24,945,02,B,03,4,0,0.00,
193,24,370,02,B,03,4,0,0.00,
194,24,597,02,A,02,1,0,0.00,
195,24,737,02,A,02,1,0,0.00,
196,24,823,02,A,02,1,0,0.00,
197,24,942,02,A,02,2,0,0.00,
198,24,308,02,A,02,2,0,0.00,
199,24,887,02,A,02,2,0,0.00,
200,24,140,02,A,02,3,0,0.00,
201,24,470,02,A,02,3,0,0.00,
202,24,473,02,A,02,3,0,0.00,
203,24,367,02,A,02,4,0,0.00,
204,24,441,02,A,02,4,0,0.00,
205,24,486,02,A,02,4,0,0.00,
206,24,315,02,A,02,5,0,0.00,
207,24,461,02,A,02,5,0,0.00,
208,24,533,02,A,02,5,0,0.00,
209,24,217,02,A,02,6,0,0.00,
210,24,375,02,A,02,6,0,0.00,
211,24,590,02,A,02,6,0,0.00,
212,24,365,02,A,02,7,0,0.00,
213,24,558,02,A,02,7,0,0.00,
214,24,946,02,A,02,7,0,0.00,
215,24,370,02,B,02,1,0,0.00,
216,24,421,02,B,02,1,0,0.00,
217,24,675,02,B,02,1,0,0.00,
218,24,97,02,B,02,2,0,0.00,
219,24,258,02,B,02,2,0,0.00,
220,24,363,02,B,02,2,0,0.00,
221,24,442,02,B,02,3,0,0.00,
222,24,482,02,B,02,3,0,0.00,
223,24,508,02,B,02,3,0,0.00,
224,24,79,02,B,02,4,0,0.00,
225,24,268,02,B,02,4,0,0.00,
226,24,269,02,B,02,4,0,0.00,
227,24,128,02,B,02,5,0,0.00,
228,24,163,02,B,02,5,0,0.00,
229,24,864,02,B,02,5,0,0.00,
230,24,118,02,B,02,6,0,0.00,
231,24,708,02,B,02,6,0,0.00,
232,24,866,02,B,02,6,0,0.00,
233,24,191,02,B,02,7,0,0.00,
234,24,207,02,B,02,7,0,0.00,
235,24,867,02,B,02,7,0,0.00,
236,24,45,02,B,02,8,0,0.00,
237,24,289,02,B,02,8,0,0.00,
238,24,738,02,B,02,8,0,0.00,
239,24,140,04,A,00,1,0,0.00,
240,24,473,04,A,00,1,0,0.00,
241,24,597,04,A,00,2,0,0.00,
242,24,823,04,A,00,2,0,0.00,
243,24,315,04,A,00,3,0,0.00,
244,24,461,04,A,00,3,0,0.00,
245,24,45,04,A,00,4,0,0.00,
246,24,365,04,A,00,4,0,0.00,
247,24,207,04,A,00,5,0,0.00,
248,24,867,04,A,00,5,0,0.00,
249,24,421,04,B,00,1,0,0.00,
250,24,887,04,B,00,1,0,0.00,
251,24,268,04,B,00,2,0,0.00,
252,24,269,04,B,00,2,0,0.00,
253,24,533,04,B,00,3,0,0.00,
254,24,864,04,B,00,3,0,0.00,
255,24,118,04,B,00,4,0,0.00,
256,24,375,04,B,00,4,0,0.00,
257,24,128,04,B,00,5,0,0.00,
258,24,308,04,B,00,5,0,0.00,
259,24,701,04,C,00,1,0,0.00,
260,24,737,04,C,00,1,0,0.00,
261,24,470,04,C,00,2,0,0.00,
262,24,508,04,C,00,2,0,0.00,
263,24,97,04,C,00,3,0,0.00,
264,24,590,04,C,00,3,0,0.00,
265,24,217,04,C,00,4,0,0.00,
266,24,558,04,C,00,4,0,0.00,
267,24,191,04,C,00,5,0,0.00,
268,24,667,04,C,00,5,0,0.00,
269,24,370,04,D,00,1,0,0.00,
270,24,675,04,D,00,1,0,0.00,
271,24,442,04,D,00,2,0,0.00,
272,24,482,04,D,00,2,0,0.00,
273,24,258,04,D,00,3,0,0.00,
274,24,363,04,D,00,3,0,0.00,
275,24,708,04,D,00,4,0,0.00,
276,24,866,04,D,00,4,0,0.00,
277,24,738,04,D,00,5,0,0.00,
278,24,946,04,D,00,5,0,0.00,
279,24,140,02,A,00,1,0,0.00,
280,24,473,02,A,00,1,0,0.00,
281,24,470,02,A,00,2,0,0.00,
282,24,508,02,A,00,2,0,0.00,
283,24,701,02,A,00,3,0,0.00,
284,24,737,02,A,00,3,0,0.00,
285,24,597,02,A,00,4,0,0.00,
286,24,823,02,A,00,4,0,0.00,
287,24,533,02,A,00,5,0,0.00,
288,24,864,02,A,00,5,0,0.00,
289,24,315,02,A,00,6,0,0.00,
290,24,461,02,A,00,6,0,0.00,
291,24,708,02,A,00,7,0,0.00,
292,24,866,02,A,00,7,0,0.00,
293,24,217,02,A,00,8,0,0.00,
294,24,558,02,A,00,8,0,0.00,
295,24,370,02,B,00,1,0,0.00,
296,24,675,02,B,00,1,0,0.00,
297,24,442,02,B,00,2,0,0.00,
298,24,482,02,B,00,2,0,0.00,
299,24,421,02,B,00,3,0,0.00,
300,24,887,02,B,00,3,0,0.00,
301,24,268,02,B,00,4,0,0.00,
302,24,269,02,B,00,4,0,0.00,
303,24,97,02,B,00,5,0,0.00,
304,24,590,02,B,00,5,0,0.00,
305,24,258,02,B,00,6,0,0.00,
306,24,363,02,B,00,6,0,0.00,
307,24,118,02,B,00,7,0,0.00,
308,24,375,02,B,00,7,0,0.00,
309,24,45,02,B,00,8,0,0.00,
310,24,365,02,B,00,8,0,0.00,
311,12,667,00,,01,1,0,59.30,"Gold Medal"
312,12,486,00,,01,1,0,59.30,
313,12,441,00,,01,2,0,55.40,Silver
314,12,367,00,,01,2,0,55.40,
315,12,163,00,,01,3,0,46.80,Bronze
316,12,289,00,,01,3,0,46.80,
317,12,124,00,,01,4,0,44.10,
318,12,630,00,,01,4,0,44.10,
319,12,140,00,,00,1,0,74.30,
320,12,473,00,,00,1,0,74.30,
321,12,597,00,,00,2,0,69.40,
322,12,567,00,,00,2,0,69.40,
323,12,470,00,,00,3,0,66.70,
324,12,280,00,,00,3,0,66.70,
325,12,370,00,,00,4,0,63.50,
326,12,675,00,,00,4,0,63.50,
327,12,268,00,,00,5,0,62.30,
328,12,737,00,,00,5,0,62.30,
329,12,97,00,,00,6,0,59.20,
330,12,780,00,,00,6,0,59.20,
331,12,421,00,,00,7,0,58.50,
332,12,852,00,,00,7,0,58.50,
333,12,442,00,,00,8,0,55.90,
334,12,701,00,,00,8,0,55.90,
335,27,142,00,,09,1,0,0.00,"Boys under 19 Division"
336,27,951,00,,09,2,0,0.00,
337,27,952,00,,09,2,0,0.00,
338,27,961,00,,09,1,0,0.00,
339,27,141,00,A,09,1,0,0.00,"Boys under 16"
340,27,953,00,A,09,2,0,0.00,
341,27,954,00,A,09,3,0,0.00,
342,27,955,00,B,09,1,0,0.00,"Boys under 12"
343,27,956,00,B,09,2,0,0.00,
344,27,957,00,B,09,3,0,0.00,
345,27,958,00,,10,1,0,0.00,"Girls under 16 Division"
346,27,959,00,,10,2,0,0.00,
347,27,960,00,,10,3,0,0.00,
348,27,949,00,A,10,1,0,0.00,"Girls under 12"
349,27,880,00,,06,1,0,58.20,Masters
350,27,48,00,,06,1,0,58.20,Masters
351,27,442,00,,06,2,0,54.90,Masters
352,27,701,00,,06,2,0,54.90,Masters
353,27,365,00,,06,3,0,49.60,Masters
354,27,850,00,,06,3,0,49.60,Masters
355,27,85,00,,06,4,0,46.50,GrandMasters
356,27,489,00,,06,4,0,46.50,GrandMasters
357,27,866,00,,06,4,0,46.50,GrandMasters
358,27,71,00,,06,5,0,45.10,"Womens GrandMasters"
359,27,712,00,,06,5,0,45.10,Masters
360,27,289,00,,06,6,0,0.00,"Womens Masters"
361,27,630,00,,06,6,0,0.00,"Womens Masters"
362,27,92,00,,06,7,0,0.00,"Women's GrandMasters"
363,27,93,00,,06,7,0,0.00,Masters
364,27,70,00,,06,8,0,32.40,Grandmasters
365,27,946,00,,06,8,0,32.40,Grandmasters
366,29,97,00,,04,1,0,0.00,"90 seconds of hein!"
367,29,866,00,,04,2,0,0.00,
368,29,482,00,,04,3,0,0.00,
369,29,36,00,,04,4,0,0.00,
370,29,191,00,,04,5,0,0.00,
371,29,289,00,,04,6,0,0.00,"Women Rule!"
372,29,482,00,,03,1,0,0.00,"3 Minutes Routines"
373,29,289,00,,03,1,0,0.00,
374,29,97,00,,03,2,0,0.00,
375,29,739,00,,03,3,0,0.00,
376,29,708,00,,03,4,0,0.00,
377,29,964,00,,03,2,0,0.00,
378,29,963,00,,03,3,0,0.00,
379,29,962,00,,03,4,0,0.00,
380,29,739,00,,00,1,0,0.00,
381,29,482,00,,00,1,0,0.00,
382,29,866,00,,00,2,0,0.00,
383,29,708,00,,00,2,0,0.00,
384,29,36,00,,00,3,0,0.00,
385,29,289,00,,00,3,0,0.00,"Beatin' the men again :-)"
386,29,97,00,,00,4,0,0.00,
387,29,698,00,,00,4,0,0.00,
388,29,191,00,,00,5,0,0.00,
389,29,217,00,,00,5,0,0.00,
390,29,966,00,,00,6,0,0.00,
391,29,965,00,,00,6,0,0.00,
392,30,916,00,,00,3,0,0.00,
393,30,914,00,,00,3,0,0.00,
394,30,910,00,,00,4,0,0.00,
395,30,917,00,,00,4,0,0.00,
396,30,504,00,,00,1,0,0.00,
397,30,674,00,,00,1,0,0.00,
398,30,44,00,,00,2,0,0.00,
399,31,421,00,,00,1,0,0.00,
400,31,887,00,,00,1,0,0.00,
401,31,567,00,,00,2,0,0.00,
402,31,473,00,,00,2,0,0.00,
403,31,358,00,,00,3,0,0.00,
404,31,36,00,,00,3,0,0.00,
405,31,482,00,,00,4,0,0.00,
406,31,128,00,,00,4,0,0.00,
407,31,708,00,,00,5,0,0.00,
408,31,25,00,,00,5,0,0.00,
409,31,590,00,,00,6,0,0.00,
410,31,217,00,,00,6,0,0.00,
411,31,289,00,,00,7,0,0.00,"Women rule!"
412,31,944,00,,00,7,0,0.00,
413,31,191,00,,00,8,0,0.00,
414,31,72,00,,00,8,0,0.00,
415,31,482,00,,03,1,0,0.00,
416,31,289,00,,03,1,0,0.00,
417,31,128,00,,03,2,0,0.00,
418,31,944,00,,03,2,0,0.00,
419,31,967,00,,03,3,0,0.00,"Lovely wife of the TD!"
420,31,421,00,,03,3,0,0.00,"Tournament Director and Open Pairs Champ!"
421,32,710,00,,03,1,0,0.00,
422,32,47,00,,03,1,0,0.00,
423,32,140,00,,03,2,0,0.00,
424,32,367,00,,03,2,0,0.00,
425,32,473,00,,03,3,0,0.00,
426,32,289,00,,03,3,0,0.00,
427,32,441,00,,03,4,0,0.00,
428,32,268,00,,03,4,0,0.00,
429,32,630,00,,03,5,0,0.00,
430,32,701,00,,03,5,0,0.00,
431,32,567,00,,00,1,0,0.00,"Watch the video on this website! These guys were off the scale,"
432,32,710,00,,00,1,0,0.00,"and the rest of the pool shredded too."
433,32,737,00,,00,2,0,0.00,
434,32,268,00,,00,2,0,0.00,
435,32,140,00,,00,3,0,0.00,
436,32,473,00,,00,3,0,0.00,
437,32,112,00,,00,4,0,0.00,
438,32,442,00,,00,4,0,0.00,
439,32,508,00,,00,5,0,0.00,
440,32,128,00,,00,5,0,0.00,
441,32,47,00,,00,6,0,0.00,
442,32,701,00,,00,6,0,0.00,
443,33,597,00,,06,1,0,0.00,
444,33,698,00,,06,1,0,0.00,
445,33,482,00,,06,1,0,0.00,
446,33,739,00,,06,2,0,0.00,
447,33,363,00,,06,2,0,0.00,
448,33,258,00,,06,2,0,0.00,
449,33,460,00,,06,3,0,0.00,
450,33,85,00,,06,3,0,0.00,
451,33,119,00,,06,4,0,0.00,
452,33,157,00,,06,4,0,0.00,
453,33,142,00,,06,5,0,0.00,
454,33,97,00,,06,5,0,0.00,
455,33,630,00,,06,6,0,0.00,
456,33,701,00,,06,6,0,0.00,
457,34,269,00,,04,1,0,293.00,"This year's super hein champion!"
458,34,140,00,,04,2,2,285.00,
459,34,737,00,,04,3,2,285.00,
460,34,367,00,,04,4,0,282.00,
461,34,268,00,,04,5,0,281.00,
462,34,442,00,,04,6,0,276.00,
463,34,441,00,,04,7,0,262.00,
464,34,79,00,,04,8,0,250.00,
465,34,495,00,,04,9,9,249.00,
466,34,328,00,,04,10,9,249.00,
467,34,946,00,,04,11,0,245.00,
468,34,645,00,,04,12,0,243.00,
469,34,289,00,,04,13,0,157.00,
470,34,436,00,,04,14,0,155.00,
471,34,968,00,,04,15,0,151.00,
472,35,746,00,,00,1,0,21.55,"Great to see this team spinning to win and playing hot."
473,35,508,00,,00,1,0,21.55,
474,35,258,00,,00,2,0,21.38,"This team played together in 1979 and still has the vibe!"
475,35,533,00,,00,2,0,21.38,"AND they went off."
476,35,855,00,,00,3,0,19.30,"Skied Corbetts Couloir at Jackson Hole & jammed!"
477,35,864,00,,00,3,0,19.30,
478,35,946,00,,00,4,0,15.96,
479,35,594,00,,00,4,0,15.96,
480,35,79,00,,00,5,0,13.80,
481,35,470,00,,00,5,0,13.80,
482,36,421,00,,02,1,0,0.00,
483,36,470,00,,02,1,0,0.00,
484,36,852,00,,02,1,0,0.00,
485,36,145,00,,02,2,0,0.00,
486,36,908,00,,02,2,0,0.00,
487,36,913,00,,02,2,0,0.00,
488,36,969,00,,02,3,0,0.00,
489,36,36,00,,02,3,0,0.00,
490,36,645,00,,02,3,0,0.00,
491,36,909,00,,02,4,0,0.00,
492,36,946,00,,02,4,0,0.00,
493,36,947,00,,02,4,0,0.00,"Hila Yaniv played for Zahlen in the finals."
494,36,852,00,,00,1,0,0.00,
495,36,470,00,,00,1,0,0.00,
496,36,421,00,,00,2,0,0.00,
497,36,145,00,,00,2,0,0.00,
498,36,36,00,,00,3,0,0.00,
499,36,969,00,,00,3,0,0.00,
500,36,801,00,,00,4,0,0.00,"Anne Graves & Mark Regalbutti took this team's place in the finals."
501,36,947,00,,00,4,0,0.00,
502,37,269,00,,00,1,0,0.00,
503,37,280,00,,00,1,0,0.00,
504,37,128,00,,00,2,0,0.00,
505,37,645,00,,00,2,0,0.00,
506,37,971,00,,00,3,0,0.00,"Upset over 4th place team!"
507,37,968,00,,00,3,0,0.00,
508,37,436,00,,00,4,0,0.00,
509,37,224,00,,00,4,0,0.00,
510,37,280,00,,02,1,0,0.00,
511,37,269,00,,02,1,0,0.00,
512,37,140,00,,02,1,0,0.00,
513,37,128,00,,02,2,0,0.00,
514,37,594,00,,02,2,0,0.00,"Big sky country."
515,37,645,00,,02,2,0,0.00,
516,37,875,00,,02,3,0,0.00,
517,37,968,00,,02,3,0,0.00,
518,37,971,00,,02,3,0,0.00,
519,18,145,00,,04,1,0,0.00,Rimini
520,18,908,00,,04,2,0,0.00,Roma
521,18,909,00,,04,3,0,0.00,Roma
522,18,910,00,,04,4,0,0.00,Roma
523,18,911,00,,04,5,0,0.00,Forli'
524,18,912,00,,04,6,0,0.00,Roma
525,18,913,00,,04,7,0,0.00,Roma
526,18,914,00,,04,8,0,0.00,Milano
527,18,915,00,,04,9,0,0.00,Roma
528,18,916,00,,04,10,0,0.00,Roma
529,18,917,00,,04,11,0,0.00,Roma
530,18,918,00,,04,12,0,0.00,Milano
531,18,919,00,,04,13,0,0.00,Milano
532,18,920,00,,04,14,0,0.00,Roseto(TE)
533,18,921,00,,04,15,0,0.00,Roma
534,18,922,00,,04,16,0,0.00,Roma
535,18,923,00,,04,17,0,0.00,Trieste
536,18,924,00,,04,18,0,0.00,Trieste
537,18,925,00,,04,19,0,0.00,Roseto(TE)
538,18,926,00,,04,20,0,0.00,Roseto(TE)
539,18,927,00,,04,21,0,0.00,Roma
540,18,928,00,,04,22,0,0.00,Roma
541,18,929,00,,04,23,0,0.00,Roma
542,18,930,00,,04,24,0,0.00,Roma
543,18,931,00,,04,25,0,0.00,Roma
544,18,932,00,,04,26,0,0.00,Roma
545,18,933,00,,04,27,0,0.00,Roseto(te)
546,18,934,00,,04,28,0,0.00,Roma
547,18,935,00,,04,29,0,0.00,Roma
548,18,936,00,,04,30,0,0.00,Roma
549,8,191,00,,06,1,0,0.00,
550,8,425,00,,06,1,0,0.00,
551,8,867,00,,06,1,0,0.00,
552,8,16,00,,06,2,0,0.00,
553,8,132,00,,06,2,0,0.00,
554,8,133,00,,06,3,0,0.00,
555,8,972,00,,06,3,0,0.00,
556,8,276,00,,06,4,0,0.00,
557,8,246,00,,06,4,0,0.00,
558,8,136,00,,06,5,0,0.00,
559,8,973,00,,06,5,0,0.00,
560,8,974,00,,06,5,0,0.00,
562,47,470,00,,00,1,0,0.00,
563,47,649,00,,00,1,0,0.00,
564,47,258,00,,00,2,0,0.00,
565,47,739,00,,00,2,0,0.00,
566,47,79,00,,00,3,0,0.00,
567,47,946,00,,00,3,0,0.00,
568,48,597,00,,00,1,0,0.00,"4 minutes"
569,48,698,00,,00,1,0,0.00,
570,48,308,00,,00,2,0,0.00,
571,48,708,00,,00,2,0,0.00,
572,48,97,00,,00,3,0,0.00,
573,48,262,00,,00,3,0,0.00,
574,48,118,00,,00,4,0,0.00,
575,48,375,00,,00,4,0,0.00,
576,48,97,02,A,00,1,0,0.00,"4 minutes"
577,48,262,02,A,00,1,0,0.00,
578,48,375,02,A,00,2,0,0.00,
579,48,118,02,A,00,2,0,0.00,
580,48,980,02,A,00,3,0,0.00,
581,48,680,02,A,00,3,0,0.00,
582,48,887,02,A,00,4,0,0.00,
583,48,421,02,A,00,4,0,0.00,
584,48,964,02,A,00,5,0,0.00,
585,48,866,02,A,00,5,0,0.00,
586,48,308,02,B,00,1,0,0.00,
587,48,708,02,B,00,1,0,0.00,
588,48,597,02,B,00,2,0,0.00,
589,48,698,02,B,00,2,0,0.00,
590,48,801,02,B,00,3,0,0.00,
591,48,950,02,B,00,3,0,0.00,
592,48,196,02,B,00,4,0,0.00,
593,48,416,02,B,00,4,0,0.00,
594,48,369,02,B,00,5,0,0.00,
595,48,681,02,B,00,5,0,0.00,
596,48,597,00,,02,1,0,0.00,"Random Co-op"
597,48,369,00,,02,1,0,0.00,
598,48,416,00,,02,1,0,0.00,
599,48,964,00,,02,2,0,0.00,
600,48,708,00,,02,2,0,0.00,
601,48,698,00,,02,2,0,0.00,
602,48,97,00,,02,3,0,0.00,
603,48,118,00,,02,3,0,0.00,
604,48,866,00,,02,3,0,0.00,
605,48,196,00,,02,4,0,0.00,
606,48,375,00,,02,4,0,0.00,
607,48,950,00,,02,4,0,0.00,
608,48,262,00,,02,5,0,0.00,
609,48,801,00,,02,5,0,0.00,
610,48,887,00,,02,5,0,0.00,
611,48,698,00,,04,1,0,0.00,"90 seconds"
612,48,887,00,,04,2,0,0.00,
613,48,421,00,,04,3,0,0.00,
614,48,97,00,,04,4,0,0.00,
615,48,308,00,,04,5,0,0.00,
616,48,680,00,,04,6,0,0.00,
617,48,866,00,,04,7,0,0.00,
618,48,681,00,,04,8,0,0.00,
619,48,980,00,,04,9,0,0.00,
620,48,680,00,,03,1,0,0.00,"4 minutes"
621,48,681,00,,03,1,0,0.00,
622,48,980,00,,03,2,0,0.00,
623,48,597,00,,03,2,0,0.00,
624,48,964,00,,03,3,0,0.00,
625,48,708,00,,03,3,0,0.00,
626,49,421,00,,06,1,0,0.00,
627,49,737,00,,06,1,0,0.00,
628,49,887,00,,06,1,0,0.00,
629,49,97,00,,06,2,0,0.00,
630,49,442,00,,06,2,0,0.00,
631,49,482,00,,06,2,0,0.00,
632,49,852,00,,06,3,0,0.00,
633,49,892,00,,06,3,0,0.00,
634,49,145,00,,06,4,0,0.00,
635,49,370,00,,06,4,0,0.00,
636,49,473,00,,06,4,0,0.00,
637,49,852,02,,06,1,0,59.20,"top 4 to finals"
638,49,892,02,,06,1,0,59.20,
639,49,421,02,,06,2,0,58.90,
640,49,737,02,,06,2,0,58.90,
641,49,887,02,,06,2,0,58.90,
642,49,145,02,,06,3,0,58.80,
643,49,370,02,,06,3,0,58.80,
644,49,473,02,,06,3,0,58.80,
645,49,97,02,,06,4,0,56.60,
646,49,442,02,,06,4,0,56.60,
647,49,482,02,,06,4,0,56.60,
648,49,36,02,,06,5,0,37.10,
649,49,79,02,,06,5,0,37.10,
650,49,495,02,,06,5,0,37.10,
651,49,942,02,,06,6,0,36.70,
652,49,289,02,,06,6,0,36.70,
653,49,328,02,,06,6,0,36.70,
654,49,36,03,,06,1,0,37.10,"top 2 to Semis"
655,49,79,03,,06,1,0,37.10,
656,49,495,03,,06,1,0,37.10,
657,49,942,03,,06,2,0,36.70,
658,49,289,03,,06,2,0,36.70,
659,49,328,03,,06,2,0,36.70,
660,49,441,03,,06,3,0,36.20,
661,49,367,03,,06,3,0,36.20,
662,49,946,03,,06,4,0,27.30,
663,49,948,03,,06,4,0,27.30,
664,49,981,03,,06,5,0,0.00,
665,49,982,03,,06,5,0,0.00,
666,49,983,03,,06,6,0,28.80,
667,49,984,03,,06,6,0,28.80,
668,49,421,04,A,06,1,0,58.90,"top 2 in each pool to semis"
669,49,737,04,A,06,1,0,58.90,
670,49,887,04,A,06,1,0,58.90,
671,49,852,04,A,06,2,0,58.20,
672,49,892,04,A,06,2,0,58.20,
673,49,942,04,A,06,3,0,56.10,
674,49,289,04,A,06,3,0,56.10,
675,49,328,04,A,06,3,0,56.10,
676,49,441,04,A,06,4,0,49.00,
677,49,367,04,A,06,4,0,49.00,
678,49,946,04,A,06,5,0,38.00,
679,49,948,04,A,06,5,0,38.00,
680,49,145,04,B,06,1,0,58.80,
681,49,370,04,B,06,1,0,58.80,
682,49,473,04,B,06,1,0,58.80,
683,49,97,04,B,06,2,0,56.60,
684,49,442,04,B,06,2,0,56.60,
685,49,482,04,B,06,2,0,56.60,
686,49,36,04,B,06,3,0,50.70,
687,49,79,04,B,06,3,0,50.70,
688,49,495,04,B,06,3,0,50.70,
689,49,981,04,B,06,4,0,36.60,
690,49,982,04,B,06,4,0,36.60,
691,49,983,04,B,06,5,0,28.80,
692,49,984,04,B,06,5,0,28.80,
693,50,97,00,,06,1,0,0.00,
694,50,597,00,,06,1,0,0.00,
695,50,698,00,,06,1,0,0.00,
696,50,85,00,,06,2,0,0.00,
697,50,460,00,,06,2,0,0.00,
698,50,258,00,,06,3,0,0.00,
699,50,363,00,,06,3,0,0.00,
700,50,739,00,,06,3,0,0.00,
701,50,667,00,,06,4,0,0.00,
702,50,823,00,,06,4,0,0.00,
703,50,876,00,,06,4,0,0.00,
704,50,119,00,,06,5,0,0.00,
705,50,157,00,,06,5,0,0.00,
706,50,980,00,,06,6,0,0.00,
707,50,680,00,,06,6,0,0.00,
708,50,681,00,,06,6,0,0.00,
709,50,149,00,,06,7,0,0.00,
710,50,150,00,,06,7,0,0.00,
711,50,451,00,,06,7,0,0.00,
712,51,421,00,,00,1,0,0.00,
713,51,482,00,,00,1,0,0.00,
714,51,97,00,,00,2,0,0.00,
715,51,698,00,,00,2,0,0.00,
716,51,708,00,,00,3,0,0.00,
717,51,866,00,,00,3,0,0.00,
718,51,63,00,,00,4,0,0.00,
719,51,755,00,,00,4,0,0.00,
720,51,54,00,,00,5,0,0.00,
721,51,608,00,,00,5,0,0.00,
722,51,142,00,,00,6,0,0.00,
723,51,985,00,,00,6,0,0.00,
724,51,986,00,,00,7,0,0.00,
725,51,653,00,,00,8,0,0.00,
726,51,676,00,,00,8,0,0.00,
727,51,987,00,,00,9,0,0.00,
728,51,767,00,,00,9,0,0.00,
729,51,988,00,,00,10,0,0.00,
730,51,345,00,,00,10,0,0.00,
731,51,174,00,,00,11,0,0.00,
732,51,592,00,,00,11,0,0.00,
733,51,391,00,,00,12,0,0.00,
734,51,989,00,,00,12,0,0.00,
735,51,991,00,,00,7,0,0.00,
736,51,990,00,,05,1,0,0.00,
737,51,517,00,,05,2,0,0.00,
738,51,141,00,,09,1,0,0.00,"under 16"
739,51,992,00,,10,1,0,0.00,"under 12"
740,52,280,00,,00,1,0,0.00,
741,52,470,00,,00,1,0,0.00,
742,52,832,00,,00,2,0,0.00,
743,52,430,00,,00,3,0,0.00,
744,52,118,00,,00,3,0,0.00,
745,52,436,00,,00,4,0,0.00,
746,52,224,00,,00,4,0,0.00,
747,52,971,00,,00,5,0,0.00,
748,52,875,00,,00,5,0,0.00,
749,52,884,00,,00,6,0,0.00,
750,52,289,00,,00,6,0,0.00,
751,52,697,00,,00,7,0,0.00,
752,52,138,00,,00,7,0,0.00,
753,52,645,00,,00,8,0,0.00,
754,52,590,00,,00,8,0,0.00,
755,52,538,00,,00,9,0,0.00,
756,52,994,00,,00,2,0,0.00,
757,52,280,00,,02,1,0,0.00,"random Co-op"
758,52,875,00,,02,1,0,0.00,
759,52,832,00,,02,1,0,0.00,
760,52,697,00,,02,2,0,0.00,
761,52,289,00,,02,2,0,0.00,
762,52,594,00,,02,2,0,0.00,
763,52,645,00,,02,3,0,0.00,
764,52,470,00,,02,3,0,0.00,
765,52,436,00,,02,3,0,0.00,
766,52,224,00,,02,4,0,0.00,
767,52,971,00,,02,4,0,0.00,
768,52,118,00,,02,4,0,0.00,
769,52,430,00,,02,5,0,0.00,
770,52,138,00,,02,5,0,0.00,
771,52,289,00,,03,1,0,0.00,
772,52,470,00,,03,1,0,0.00,
773,52,875,00,,03,2,0,0.00,
774,52,280,00,,03,2,0,0.00,
775,52,971,00,,03,3,0,0.00,
776,52,118,00,,03,3,0,0.00,
777,53,712,00,,02,1,0,0.00,
778,53,508,00,,02,1,0,0.00,
779,53,489,00,,02,2,0,0.00,
780,53,995,00,,02,2,0,0.00,
781,53,733,00,,02,3,0,0.00,
782,53,271,00,,02,3,0,0.00,
783,53,996,00,,02,4,0,0.00,
784,53,997,00,,02,4,0,0.00,
785,53,998,00,,02,4,0,0.00,
786,53,999,00,,02,5,0,0.00,
787,53,849,00,,02,5,0,0.00,
788,53,1001,00,,02,6,0,0.00,
789,53,1002,00,,02,6,0,0.00,
790,53,1003,00,,02,6,0,0.00,
791,54,370,00,,06,1,0,67.30,
792,54,421,00,,06,1,0,67.30,
793,54,126,00,,06,2,0,64.30,
794,54,880,00,,06,2,0,64.30,
795,54,65,00,,06,3,0,59.40,
796,54,308,00,,06,3,0,59.40,
797,54,708,00,,06,4,0,51.30,
798,54,866,00,,06,4,0,51.30,
799,54,85,00,,06,5,0,48.40,
800,54,436,00,,06,5,0,48.40,
801,54,426,00,,06,6,0,47.10,
802,54,667,00,,06,6,0,47.10,
803,54,427,00,,06,7,0,37.50,
804,54,1,00,,06,7,0,37.50,
805,54,946,00,,06,7,0,37.50,
806,54,124,00,,06,8,0,37.50,
807,54,163,00,,06,8,0,37.50,
808,54,370,04,A,06,1,0,70.80,"top four advance to final"
809,54,421,04,A,06,1,0,70.80,
810,54,85,04,A,06,2,0,51.30,
811,54,436,04,A,06,2,0,51.30,
812,54,708,04,A,06,3,0,46.90,
813,54,866,04,A,06,3,0,46.90,
814,54,124,04,A,06,4,0,46.40,
815,54,163,04,A,06,4,0,46.40,
816,54,70,04,A,06,5,0,42.40,
817,54,451,04,A,06,5,0,42.40,
818,54,711,04,A,06,5,0,42.40,
819,54,815,04,A,06,6,0,42.30,
820,54,828,04,A,06,6,0,42.30,
821,54,104,04,A,06,7,0,41.70,
822,54,699,04,A,06,7,0,41.70,
823,54,1005,04,A,06,8,0,17.60,
824,54,611,04,A,06,8,0,17.60,
825,54,1004,04,A,06,7,0,41.70,
826,54,733,04,A,06,8,0,17.60,
827,54,126,04,B,06,1,0,68.40,"top four advance to final"
828,54,880,04,B,06,1,0,68.40,
829,54,65,04,B,06,2,0,60.50,
830,54,308,04,B,06,2,0,60.50,
831,54,427,04,B,06,3,0,50.20,
832,54,1,04,B,06,3,0,50.20,
833,54,946,04,B,06,3,0,50.20,
834,54,426,04,B,06,4,0,48.70,
835,54,667,04,B,06,4,0,48.70,
836,54,339,04,B,06,5,0,45.40,
837,54,346,04,B,06,5,0,45.40,
838,54,467,04,B,06,5,0,45.40,
839,54,1007,04,B,06,6,0,36.90,
840,54,355,04,B,06,6,0,36.90,
841,54,622,04,B,06,6,0,36.90,
842,54,453,04,B,06,7,0,34.70,
843,54,1008,04,B,06,7,0,34.70,
844,54,797,04,B,06,7,0,34.70,
845,54,1006,04,B,06,8,0,12.90,
846,54,356,04,B,06,8,0,12.90,
847,55,470,00,,00,1,0,0.00,
848,55,710,00,,00,1,0,0.00,
849,55,508,00,,00,2,0,0.00,
850,55,712,00,,00,2,0,0.00,
851,55,289,00,,00,3,0,0.00,
852,55,47,00,,00,3,0,0.00,
853,55,118,00,,00,4,0,0.00,
854,55,645,00,,00,4,0,0.00,
855,55,470,02,,00,1,0,20.70,
856,55,710,02,,00,1,0,20.70,
857,55,508,02,,00,2,0,17.30,
858,55,712,02,,00,2,0,17.30,
859,55,118,02,,00,3,0,16.80,
860,55,645,02,,00,3,0,16.80,
861,55,289,02,,00,4,0,16.50,
862,55,47,02,,00,4,0,16.50,
863,55,365,02,,00,5,0,14.30,
864,55,850,02,,00,5,0,14.30,
865,55,191,02,,00,6,0,11.60,
866,55,697,02,,00,6,0,11.60,
867,55,710,00,,03,1,0,0.00,
868,55,47,00,,03,1,0,0.00,
869,55,470,00,,03,2,0,0.00,
870,55,289,00,,03,2,0,0.00,
871,55,508,00,,03,3,0,0.00,
872,55,1009,00,,03,3,0,0.00,
873,55,710,02,,03,1,0,21.50,
874,55,47,02,,03,1,0,21.50,
875,55,470,02,,03,2,0,20.90,
876,55,289,02,,03,2,0,20.90,
877,55,508,02,,03,3,0,17.60,
878,55,1009,02,,03,3,0,17.60,
879,56,30,00,,00,1,0,0.00,
880,56,411,00,,00,1,0,0.00,
881,56,852,00,,00,2,0,0.00,
882,56,774,00,,00,2,0,0.00,
883,56,210,00,,00,3,0,0.00,
884,56,410,00,,00,3,0,0.00,
885,56,409,00,,00,4,0,0.00,
886,56,703,00,,00,4,0,0.00,
887,56,361,00,,00,5,0,0.00,
888,56,46,00,,00,5,0,0.00,
889,56,1010,00,,00,6,0,0.00,
890,56,105,00,,00,6,0,0.00,
891,56,828,00,,01,1,0,0.00,
892,56,815,00,,01,1,0,0.00,
893,56,937,00,,01,2,0,0.00,
894,56,938,00,,01,2,0,0.00,
895,57,36,00,,06,1,0,0.00,
896,57,97,00,,06,1,0,0.00,
897,57,289,00,,06,2,0,0.00,
898,57,698,00,,06,2,0,0.00,
899,57,681,00,,06,3,0,0.00,
900,57,680,00,,06,3,0,0.00,
901,57,980,00,,06,3,0,0.00,
902,57,54,00,,06,4,0,0.00,
903,57,142,00,,06,4,0,0.00,
904,57,986,00,,06,5,0,0.00,
905,57,871,00,,06,7,0,0.00,
906,57,1011,00,,06,5,0,0.00,
907,57,1012,00,,06,6,0,0.00,
908,57,1013,00,,06,6,0,0.00,
909,57,1014,00,,06,7,0,0.00,
910,57,1015,00,,06,7,0,0.00,
911,58,470,00,,00,1,0,72.50,
912,58,710,00,,00,1,0,72.50,
913,58,140,00,,00,2,0,68.10,
914,58,473,00,,00,2,0,68.10,
915,58,370,00,,00,3,0,64.80,
916,58,421,00,,00,3,0,64.80,
917,58,112,00,,00,4,0,64.30,
918,58,892,00,,00,4,0,64.30,
919,58,315,00,,00,5,0,59.50,
920,58,461,00,,00,5,0,59.50,
921,58,308,00,,00,6,0,59.30,
922,58,887,00,,00,6,0,59.30,
923,58,441,00,,00,7,0,56.40,
924,58,442,00,,00,7,0,56.40,
925,58,774,00,,00,8,0,52.40,
926,58,852,00,,00,8,0,52.40,
927,58,140,02,A,00,1,0,70.10,
928,58,473,02,A,00,1,0,70.10,
929,58,308,02,A,00,2,0,60.50,
930,58,887,02,A,00,2,0,60.50,
931,58,112,02,A,00,3,0,59.50,
932,58,892,02,A,00,3,0,59.50,
933,58,774,02,A,00,4,0,55.30,
934,58,852,02,A,00,4,0,55.30,
935,58,65,02,A,00,5,0,51.80,
936,58,662,02,A,00,5,0,51.80,
937,58,85,02,A,00,6,0,48.50,
938,58,880,02,A,00,6,0,48.50,
939,58,262,02,A,00,7,0,46.93,
940,58,614,02,A,00,7,0,46.93,
941,58,1,02,A,00,8,0,41.97,
942,58,672,02,A,00,8,0,41.97,
943,58,470,02,B,00,1,0,64.15,
944,58,710,02,B,00,1,0,64.15,
945,58,441,02,B,00,4,0,53.43,
946,58,442,02,B,00,4,0,53.43,
947,58,128,02,B,00,5,0,51.66,
948,58,695,02,B,00,5,0,51.66,
949,58,46,02,B,00,6,0,50.43,
950,58,703,02,B,00,6,0,50.43,
951,58,281,02,B,00,7,0,47.36,
952,58,866,02,B,00,7,0,47.36,
953,58,801,02,B,00,8,0,46.06,
954,58,969,02,B,00,8,0,46.06,
955,58,140,04,A,00,1,0,55.70,
956,58,473,04,A,00,1,0,55.70,
957,58,85,04,A,00,2,0,44.84,
958,58,880,04,A,00,2,0,44.84,
959,58,281,04,A,00,3,0,44.17,
960,58,866,04,A,00,3,0,44.17,
961,58,801,04,A,00,4,0,41.94,
962,58,969,04,A,00,4,0,41.94,
963,58,467,04,A,00,5,0,35.66,
964,58,645,04,A,00,5,0,35.66,
965,58,946,04,A,00,6,0,31.73,
966,58,1016,04,A,00,6,0,31.73,
967,58,470,04,B,00,1,0,66.70,
968,58,710,04,B,00,1,0,66.70,
969,58,315,04,B,00,2,0,62.50,
970,58,461,04,B,00,2,0,62.50,
971,58,774,04,B,00,3,0,58.30,
972,58,852,04,B,00,3,0,58.30,
973,58,46,04,B,00,4,0,51.07,
974,58,703,04,B,00,4,0,51.07,
975,58,53,04,B,00,5,0,44.80,
976,58,333,04,B,00,5,0,44.80,
977,58,75,04,B,00,6,0,39.50,
978,58,841,04,B,00,6,0,39.50,
979,58,370,04,C,00,1,0,54.09,
980,58,421,04,C,00,1,0,54.09,
981,58,441,04,C,00,2,0,51.99,
982,58,442,04,C,00,2,0,51.99,
983,58,128,04,C,00,3,0,50.85,
984,58,695,04,C,00,3,0,50.85,
985,58,1,04,C,00,4,0,43.32,
986,58,672,04,C,00,4,0,43.32,
987,58,950,04,C,00,5,0,41.50,
988,58,947,04,C,00,5,0,41.50,
989,58,339,04,C,00,6,0,35.70,
990,58,408,04,C,00,6,0,35.70,
991,58,308,04,D,00,1,0,58.30,
992,58,887,04,D,00,1,0,58.30,
993,58,112,04,D,00,2,0,54.21,
994,58,892,04,D,00,2,0,54.21,
995,58,65,04,D,00,3,0,52.19,
996,58,662,04,D,00,3,0,52.19,
997,58,262,04,D,00,4,0,47.05,
998,58,614,04,D,00,4,0,47.05,
999,58,162,04,D,00,5,0,40.77,
1000,58,837,04,D,00,5,0,40.77,
1001,58,355,04,D,00,6,0,29.44,
1002,58,622,04,D,00,6,0,29.44,
1003,58,289,00,,01,1,0,52.60,
1004,58,667,00,,01,1,0,52.60,
1005,58,630,00,,01,2,0,50.80,
1006,58,47,00,,01,2,0,50.80,
1007,58,946,00,,01,3,0,30.27,
1010,58,875,00,,01,4,0,15.86,
1009,58,1017,00,,01,3,0,30.27,
1011,58,1020,00,,01,4,0,15.86,
1012,58,289,02,,01,1,0,48.55,
1013,58,667,02,,01,1,0,48.55,
1014,58,630,02,,01,2,0,38.93,
1015,58,47,02,,01,2,0,38.93,
1016,58,948,02,,01,3,0,29.27,
1017,58,1017,02,,01,3,0,29.27,
1018,58,1018,02,,01,4,0,10.90,
1019,58,875,02,,01,4,0,10.90,
1020,58,801,00,,09,1,0,18.90,"Boys Under 18 Freestyle"
1021,58,950,00,,09,2,0,18.63,
1022,58,142,00,,09,3,0,17.67,
1023,58,1021,00,,09,4,0,15.51,
1024,58,1022,00,,09,4,0,15.51,
1025,58,1023,00,,09,5,0,15.26,
1026,58,1024,00,,09,6,0,14.91,
1027,58,1025,00,,09,1,0,11.10,"Boys Under 12 Freestyle"
1028,58,1026,00,,09,1,0,11.10,
1029,58,948,00,,10,1,0,18.68,"Girls Under 18 Freestyle"
1030,58,1027,00,,10,2,0,14.03,
1031,58,1017,00,,10,3,0,13.27,
1032,58,1028,00,,10,4,0,13.00,
1033,58,1029,00,,10,5,0,12.31,
1034,58,949,00,,10,1,0,15.28,"Girls Under 12 Freestyle"
1035,58,1020,00,,10,2,0,11.30,
1036,58,1030,00,,10,3,0,11.07,
1037,58,1031,00,,10,3,0,11.07,
1038,59,482,00,,04,1,0,62.50,
1039,59,975,00,,04,3,0,37.50,
1040,59,1032,00,,04,2,0,50.00,
1041,59,1033,00,,04,4,0,25.00,
1042,61,470,00,,00,1,0,9.33,
1043,61,710,00,,00,1,0,9.33,
1044,61,645,00,,00,2,0,7.48,
1045,61,28,00,,00,2,0,7.48,
1046,61,558,00,,00,3,0,7.46,
1047,61,994,00,,00,3,0,7.46,
1048,61,594,00,,00,4,0,6.80,
1049,61,697,00,,00,4,0,6.80,
1050,61,118,00,,00,5,0,6.63,
1051,61,848,00,,00,5,0,6.63,
1052,61,775,00,,00,6,0,6.15,
1053,61,971,00,,00,6,0,6.15,
1054,61,875,00,,00,7,0,6.00,
1055,61,436,00,,00,7,0,6.00,
1056,61,140,00,,00,8,0,0.00,"DNF - Knee injuries :-("
1057,61,662,00,,00,8,0,0.00,
1058,28,97,04,,00,1,0,0.00,
1059,28,482,04,,00,1,0,0.00,
1060,28,118,04,,00,2,0,0.00,
1061,28,375,04,,00,2,0,0.00,
1062,28,217,04,,00,3,0,0.00,
1063,28,866,04,,00,3,0,0.00,
1064,28,966,04,,00,4,0,0.00,
1065,28,965,04,,00,4,0,0.00,
1066,28,1046,04,,00,5,0,0.00,
1067,28,369,04,,00,5,0,0.00,
1068,28,962,04,,00,6,0,0.00,
1069,28,708,04,,00,6,0,0.00,
1070,28,97,00,,00,1,0,0.00,
1071,28,482,00,,00,1,0,0.00,
1072,28,118,00,,00,2,0,0.00,
1073,28,375,00,,00,2,0,0.00,
1074,28,217,00,,00,3,0,0.00,
1075,28,866,00,,00,3,0,0.00,
1076,28,966,00,,00,4,0,0.00,
1077,28,965,00,,00,4,0,0.00,
1078,28,962,00,,00,5,0,0.00,
1079,28,708,00,,00,5,0,0.00,
1080,28,1046,00,,00,6,0,0.00,
1081,28,369,00,,00,6,0,0.00,
1082,20,737,00,A,19,1,0,293.00,"Seasdie Super Hein 04 title winner"
1083,20,442,00,A,19,2,0,291.00,
1084,20,473,00,A,19,3,0,288.00,
1085,20,269,00,A,19,4,0,283.00,
1086,20,441,00,A,19,5,0,275.00,
1087,20,367,00,A,19,6,0,264.00,
1088,20,701,00,A,19,7,0,264.00,
1089,20,128,00,A,19,8,0,250.00,
1090,20,971,00,A,19,9,0,246.00,
1091,20,328,00,A,19,10,0,246.00,
1092,20,968,00,A,19,11,0,242.00,
1093,20,946,00,A,19,12,0,238.00,
1094,20,630,00,A,19,13,0,236.00,
1095,20,943,00,A,19,14,0,230.00,
1096,20,191,00,A,19,15,0,222.00,
1316,62,1103,03,A,00,4,0,26.89,
1315,62,1102,03,A,00,4,0,26.89,
1314,62,1104,03,A,00,3,0,27.66,
1313,62,1105,03,A,00,3,0,27.66,
1312,62,1108,03,A,00,2,0,36.62,
1311,62,911,03,A,00,2,0,36.62,"6 Judges"
1310,62,982,03,A,00,1,0,38.40,
1309,62,1106,03,A,00,1,0,38.40,"6 Judges"
1107,64,1061,00,,01,1,0,0.00,
1108,64,1062,00,,01,1,0,0.00,
1109,64,677,00,,01,2,0,0.00,
1110,64,1063,00,,01,2,0,0.00,
1111,64,1064,00,,11,1,0,0.00,
1112,64,1055,00,,06,1,0,0.00,
1113,64,387,00,,06,1,0,0.00,
1114,64,221,00,,06,1,0,0.00,
1115,64,1056,00,,06,2,0,0.00,
1116,64,1,00,,06,2,0,0.00,
1117,64,1057,00,,06,2,0,0.00,
1118,64,204,00,,06,3,0,0.00,
1119,64,236,00,,06,3,0,0.00,
1120,64,747,00,,06,4,0,0.00,
1121,64,363,00,,06,4,0,0.00,
1122,64,1058,00,,06,5,0,0.00,
1123,64,1059,00,,06,5,0,0.00,
1124,64,1060,00,,06,5,0,0.00,
1125,64,899,00,,06,6,0,0.00,
1126,64,427,00,,06,6,0,0.00,
1127,65,821,00,,06,1,0,0.00,
1128,65,427,00,,06,1,0,0.00,
1129,65,2,00,,06,2,0,0.00,
1130,65,403,00,,06,2,0,0.00,
1131,65,1071,00,,06,3,0,0.00,
1132,65,1072,00,,06,3,0,0.00,
1133,65,387,00,,06,3,0,0.00,
1134,65,890,00,,06,4,0,0.00,
1135,65,280,00,,06,4,0,0.00,
1136,65,1075,00,,06,5,0,0.00,
1137,65,1073,00,,06,5,0,0.00,
1138,65,1062,00,,19,1,0,0.00,
1139,65,1061,00,,19,2,0,0.00,
1140,65,1074,00,,19,3,0,0.00,
1141,65,1064,00,,11,1,0,0.00,
1142,11,421,04,A,00,1,0,74.00,"1°,2° &3° team go to semifinals (3 minutes)"
1143,11,892,04,A,00,1,0,74.00,
1144,11,909,04,A,00,2,0,56.00,
1145,11,912,04,A,00,2,0,56.00,
1146,11,908,04,A,00,3,0,55.00,
1147,11,913,04,A,00,3,0,55.00,
1148,11,947,04,A,00,4,0,47.00,
1149,11,801,04,A,00,4,0,47.00,
1150,11,1067,04,A,00,5,0,47.00,
1151,11,921,04,A,00,6,0,45.00,
1152,11,969,04,A,00,6,0,45.00,
1153,11,927,04,A,00,7,0,39.00,
1154,11,935,04,A,00,7,0,39.00,
1155,11,930,04,A,00,8,0,35.00,
1156,11,934,04,A,00,8,0,35.00,
1157,11,1076,04,A,00,5,0,47.00,
1158,11,470,04,B,00,1,0,57.00,"1° , 2° & 3° team go to Semifinals (3 minutes)"
1159,11,145,04,B,00,1,0,57.00,
1160,11,328,04,B,00,2,0,51.00,
1161,11,482,04,B,00,2,0,51.00,
1162,11,36,04,B,00,3,0,50.00,
1163,11,969,04,B,00,3,0,50.00,
1164,11,911,04,B,00,4,0,47.00,
1165,11,645,04,B,00,4,0,47.00,
1166,11,923,04,B,00,5,0,46.00,
1167,11,924,04,B,00,5,0,46.00,
1168,11,914,04,B,00,6,0,45.00,
1169,11,946,04,B,00,7,0,39.00,
1170,11,950,04,B,00,8,0,35.00,
1171,11,1081,04,B,00,6,0,45.00,
1172,11,1080,04,B,00,7,0,39.00,
1173,11,1077,04,B,00,8,0,35.00,
1174,11,1078,04,B,00,9,0,29.00,
1175,11,1079,04,B,00,9,0,29.00,
1176,11,923,03,,00,1,0,52.00,"The first team go to semifinals (3 minutes)"
1177,11,924,03,,00,1,0,52.00,
1178,11,914,03,,00,2,0,49.00,
1179,11,1081,03,,00,2,0,49.00,
1180,11,645,03,,00,3,0,47.00,
1181,11,911,03,,00,3,0,47.00,
1182,11,801,03,,00,4,0,45.00,
1183,11,947,03,,00,4,0,45.00,
1184,11,1077,03,,00,5,0,44.00,
1185,11,950,03,,00,5,0,44.00,
1186,11,1076,03,,00,6,0,39.00,
1187,11,1067,03,,00,6,0,39.00,
1188,11,1080,03,,00,7,0,39.00,
1189,11,946,03,,00,7,0,39.00,
1190,11,970,03,,00,8,0,38.00,
1191,11,921,03,,00,8,0,38.00,
1192,11,935,03,,00,9,0,36.00,
1193,11,927,03,,00,9,0,36.00,
1194,11,930,03,,00,10,0,32.00,
1195,11,934,03,,00,10,0,32.00,
1196,11,1078,03,,00,11,0,0.00,"Not played"
1197,11,1079,03,,00,11,0,0.00,
1198,11,421,02,,00,1,0,74.00,"1°, 2°, 3°, & 4° team go to finals (3 minutes)"
1199,11,892,02,,00,1,0,74.00,
1200,11,145,02,,00,2,0,69.00,
1201,11,470,02,,00,2,0,69.00,
1202,11,912,02,,00,3,0,66.00,
1203,11,909,02,,00,3,0,66.00,
1204,11,328,02,,00,4,0,63.00,
1205,11,482,02,,00,4,0,63.00,
1206,11,969,02,,00,5,0,61.00,
1207,11,36,02,,00,5,0,61.00,
1208,11,913,02,,00,6,0,56.00,
1209,11,908,02,,00,6,0,56.00,
1210,11,923,02,,00,7,0,51.00,
1211,11,924,02,,00,7,0,51.00,
1212,11,470,00,,00,1,0,70.00,"(4 minutes)"
1213,11,145,00,,00,1,0,70.00,
1214,11,892,00,,00,2,0,66.00,
1215,11,421,00,,00,2,0,66.00,
1216,11,482,00,,00,3,0,62.00,
1217,11,328,00,,00,3,0,62.00,
1218,11,912,00,,00,4,0,61.00,
1219,11,909,00,,00,4,0,61.00,
1220,11,470,02,A,02,1,0,62.00,"1ý & 2ý team go to finals (3 minutes)"
1221,11,145,02,A,02,1,0,62.00,
1222,11,482,02,A,02,1,0,62.00,
1223,11,913,02,A,02,2,0,60.00,
1224,11,908,02,A,02,2,0,60.00,
1225,11,911,02,A,02,2,0,60.00,
1226,11,923,02,A,02,3,0,50.00,
1227,11,924,02,A,02,3,0,50.00,
1228,11,1077,02,A,02,3,0,50.00,
1229,11,1067,02,A,02,4,0,44.00,
1230,11,328,02,A,02,4,0,44.00,
1231,11,1076,02,A,02,4,0,44.00,
1232,11,946,02,A,02,5,0,40.00,
1233,11,1078,02,A,02,5,0,40.00,
1234,11,1082,02,A,02,5,0,40.00,
1235,11,967,02,B,02,1,0,65.00,"1° & 2° team go to finals (3 minutes)"
1236,11,892,02,B,02,1,0,65.00,
1237,11,36,02,B,02,1,0,65.00,
1238,11,912,02,B,02,2,0,48.00,
1239,11,909,02,B,02,2,0,48.00,
1240,11,645,02,B,02,2,0,48.00,
1241,11,969,02,B,02,3,0,45.00,
1242,11,1081,02,B,02,3,0,45.00,
1243,11,914,02,B,02,3,0,45.00,
1244,11,1080,02,B,02,4,0,45.00,
1245,11,921,02,B,02,4,0,45.00,
1246,11,969,02,B,02,4,0,45.00,
1247,11,421,00,,02,1,0,69.00,"(4 minutes)"
1248,11,892,00,,02,1,0,69.00,
1249,11,36,00,,02,1,0,69.00,
1250,11,470,00,,02,2,0,62.00,
1251,11,145,00,,02,2,0,62.00,
1252,11,482,00,,02,2,0,62.00,
1253,11,912,00,,02,3,0,54.00,
1254,11,909,00,,02,3,0,54.00,
1255,11,645,00,,02,3,0,54.00,
1256,11,913,00,,02,4,0,45.00,
1257,11,908,00,,02,4,0,45.00,
1258,11,911,00,,02,4,0,45.00,
1259,66,747,00,,06,1,0,0.00,
1260,66,1070,00,,06,1,0,0.00,
1261,66,204,00,,06,1,0,0.00,
1262,66,550,00,,06,2,0,0.00,
1263,66,2,00,,06,2,0,0.00,
1264,66,1083,00,,06,2,0,0.00,
1265,66,821,00,,06,3,0,0.00,
1266,66,1084,00,,06,3,0,0.00,
1267,66,1085,00,,06,3,0,0.00,
1268,66,1086,00,,06,4,0,0.00,
1269,66,1087,00,,06,4,0,0.00,
1270,66,1088,00,,06,4,0,0.00,
1271,66,1089,00,,06,5,0,0.00,
1272,66,337,00,,06,5,0,0.00,
1273,66,1090,00,,01,1,0,0.00,
1274,66,1091,00,,01,1,0,0.00,
1275,66,1092,00,,01,2,0,0.00,
1276,66,1093,00,,01,2,0,0.00,
1277,66,1094,00,,01,3,0,0.00,
1278,66,1095,00,,01,3,0,0.00,
1279,66,1096,00,,11,1,0,0.00,
1280,43,258,00,,06,1,0,0.00,"Powered by Lazlo's Wienie World"
1281,43,363,00,,06,1,0,0.00,
1282,43,739,00,,06,1,0,0.00,
1283,43,97,00,,06,2,0,0.00,
1284,43,118,00,,06,2,0,0.00,
1285,43,701,00,,06,2,0,0.00,
1286,43,1098,00,,06,3,0,0.00,"First big freestyle finish ever for Rob!"
1287,43,880,00,,06,3,0,0.00,
1288,43,157,00,,06,4,0,0.00,
1289,43,119,00,,06,4,0,0.00,
1290,43,1097,00,,06,4,0,0.00,
1291,43,85,00,,06,5,0,0.00,
1292,43,460,00,,06,5,0,0.00,
1293,43,149,00,,06,6,0,0.00,
1294,43,150,00,,06,6,0,0.00,
1295,67,1075,00,,06,1,0,0.00,
1296,67,1073,00,,06,1,0,0.00,
1297,67,427,00,,06,2,0,0.00,
1298,67,821,00,,06,2,0,0.00,
1299,67,1060,00,,06,2,0,0.00,
1300,67,236,00,,06,3,0,0.00,
1301,67,204,00,,06,3,0,0.00,
1302,67,1074,00,,01,1,0,0.00,
1303,67,1061,00,,01,2,0,0.00,
1304,67,1062,00,,01,2,0,0.00,
1305,67,1099,00,,01,3,0,0.00,
1306,67,1064,00,,11,1,0,0.00,
1307,67,1100,00,,11,2,0,0.00,
1308,67,1101,00,,11,3,0,0.00,
1317,62,1081,03,B,00,1,0,48.10,"6 Judges"
1318,62,914,03,B,00,1,0,48.10,
1319,62,145,03,B,00,2,0,43.60,"6 Judges"
1320,62,923,03,B,00,2,0,43.60,
1321,62,1109,03,B,00,3,0,37.40,"6 Judges"
1322,62,1110,03,B,00,3,0,37.40,
1323,62,1107,03,B,00,4,0,26.70,"6 Judges"
1324,62,981,03,B,00,4,0,26.70,
1325,62,1081,00,,00,1,0,50.74,"6 Judges"
1326,62,914,00,,00,1,0,50.74,
1327,62,145,00,,00,2,0,45.90,"6 Judges"
1328,62,923,00,,00,2,0,45.90,
1329,62,1106,00,,00,3,0,41.46,"6 Judges"
1330,62,982,00,,00,3,0,41.46,
1331,62,911,00,,00,4,0,40.50,"6 Judges"
1332,62,1108,00,,00,4,0,40.50,
1333,62,1111,04,A,07,1,0,30.20,
1334,62,1104,04,A,07,1,0,30.20,
1335,62,1113,04,A,07,2,0,26.45,
1336,62,1116,04,A,07,2,0,26.45,
1337,62,1114,04,A,07,3,0,26.15,
1338,62,1115,04,A,07,3,0,26.15,
1339,62,1117,04,A,07,4,0,26.02,
1340,62,1110,04,A,07,4,0,26.02,
1341,62,1112,04,A,07,5,0,19.23,
1342,62,1118,04,A,07,5,0,19.23,
1343,62,1114,00,,07,1,0,27.55,
1344,62,1115,00,,07,1,0,27.55,
1345,62,1113,00,,07,2,0,27.37,
1346,62,1116,00,,07,2,0,27.37,
1347,62,1111,00,,07,3,0,26.89,
1348,62,1105,00,,07,3,0,26.89,
1349,62,1112,00,,07,4,0,23.60,
1350,62,1118,00,,07,4,0,23.60,
1351,72,821,00,,06,1,0,0.00,
1352,72,1085,00,,06,1,0,0.00,
1353,72,2,00,,06,2,0,0.00,
1354,72,1083,00,,06,2,0,0.00,
1355,72,1,00,,06,3,0,0.00,
1356,72,899,00,,06,3,0,0.00,
1357,72,1120,00,,06,3,0,0.00,
1358,72,904,00,,06,4,0,0.00,
1359,72,60,00,,06,4,0,0.00,
1360,72,1121,00,,06,5,0,0.00,
1361,72,1122,00,,06,5,0,0.00,
1362,25,482,00,,00,1,0,0.00,
1363,25,97,00,,00,1,0,0.00,
1364,25,308,00,,00,5,0,0.00,
1365,25,128,00,,00,5,0,0.00,
1366,25,442,00,,00,6,0,0.00,
1367,25,887,00,,00,6,0,0.00,
1368,25,163,00,,03,1,0,0.00,"From the beaches of Hawaii to Jacksonville Beach for her first Mixed Pairs title!"
1369,25,421,00,,03,1,0,0.00,"And the TD brings home another well deserved Jammers title."
1370,25,441,00,,03,2,0,0.00,
1371,25,370,00,,03,2,0,0.00,
1372,25,567,00,,00,2,0,0.00,
1373,25,545,00,,00,2,0,0.00,
1374,25,590,00,,00,3,3,0.00,"Jeff hits the move of the tournament in the finals - 2 consecutive gitis brushes to a big air gitis!"
1375,25,370,00,,00,3,3,0.00,
1376,25,421,00,,00,4,3,0.00,"Throws an awesome event and gets hot too."
1377,25,908,00,,00,4,3,0.00,"First jam in the U.S!"
1378,25,482,02,A,00,1,0,0.00,
1379,25,97,02,A,00,1,0,0.00,
1380,25,421,02,A,00,2,0,0.00,
1381,25,908,02,A,00,2,0,0.00,
1382,25,370,02,A,00,3,0,0.00,
1383,25,590,02,A,00,3,0,0.00,
1384,25,25,02,A,00,4,0,0.00,
1385,25,708,02,A,00,4,0,0.00,
1386,25,118,02,A,00,5,0,0.00,
1387,25,217,02,A,00,5,0,0.00,
1388,25,567,02,B,00,1,0,0.00,
1389,25,545,02,B,00,1,0,0.00,
1390,25,308,02,B,00,2,0,0.00,
1391,25,128,02,B,00,2,0,0.00,
1392,25,442,02,B,00,3,0,0.00,
1393,25,887,02,B,00,3,0,0.00,
1394,25,441,02,B,00,4,0,0.00,
1395,25,358,02,B,00,4,0,0.00,
1396,25,191,02,B,00,5,0,0.00,
1397,25,738,02,B,00,5,0,0.00,
1398,25,943,00,,03,3,0,0.00,"Sarah has definitely improved her wind game and hit some big moves in the finals"
1399,25,442,00,,03,3,0,0.00,
1400,25,1123,00,,03,4,0,0.00,"Bernie is a hot south Florida beach player. Her and hubby Rich jammed at previous Jammers events."
1401,25,97,00,,03,4,0,0.00,
1402,25,944,00,,03,5,0,0.00,"Another member of Team Colorado...."
1403,25,217,00,,03,5,0,0.00,
1404,25,962,00,,03,6,0,0.00,"You won't beleive how fast Anne is learning freestyle."
1405,25,708,00,,03,6,0,0.00,
1406,69,126,00,,00,1,0,0.00,"Dropless Routine!"
1407,69,128,00,,00,1,0,0.00,
1408,69,370,00,,00,2,0,0.00,
1409,69,590,00,,00,2,0,0.00,
1410,69,864,00,,00,3,0,0.00,
1411,69,880,00,,00,3,0,0.00,
1412,69,1184,00,,00,4,0,0.00,"Foirst event ever! Hit scarecrow catch!"
1413,69,711,00,,00,4,0,0.00,"Our TD."
1414,69,1186,00,,00,5,0,0.00,"Another up and coming team."
1415,69,1185,00,,00,5,0,0.00,"First freestyle event ever - they win the amateur division!"
1416,69,1183,00,,00,6,0,0.00,"2nd in Amateur division"
1417,69,1182,00,,00,6,0,0.00,
1418,69,1180,00,,00,7,0,0.00,"3rd in Amateur division"
1419,69,1181,00,,00,7,0,0.00,
1420,14,489,00,,06,1,0,0.00,
1421,14,712,00,,06,1,0,0.00,Rico!
1422,14,508,00,,06,1,0,0.00,"Spin to win!"
1423,14,850,00,,06,2,0,0.00,
1424,14,365,00,,06,2,0,0.00,
1425,14,797,00,,06,3,0,0.00,
1426,14,733,00,,06,3,0,0.00,
1427,14,1187,00,,06,4,0,0.00,
1428,14,998,00,,06,4,0,0.00,
1429,15,482,00,,00,1,0,0.00,
1430,15,710,00,,00,1,0,0.00,
1431,15,442,00,,00,2,0,0.00,
1432,15,473,00,,00,2,0,0.00,
1433,89,375,00,,06,1,0,181.50,
1434,89,97,00,,06,1,0,181.50,
1435,89,482,00,,06,1,0,181.50,
1436,89,739,00,,06,2,0,172.80,
1437,89,258,00,,06,2,0,172.80,
1438,89,363,00,,06,2,0,172.80,
1439,89,597,00,,06,3,0,172.00,
1440,89,416,00,,06,3,0,172.00,
1441,89,965,00,,06,4,0,134.50,
1442,89,217,00,,06,4,0,134.50,
1443,89,866,00,,06,5,0,134.00,
1444,89,118,00,,06,5,0,134.00,
1445,89,964,00,,06,6,0,112.00,
1446,89,708,00,,06,6,0,112.00,
1447,89,369,00,,06,7,0,102.00,
1448,89,172,00,,06,7,0,102.00,
1449,89,97,00,,04,1,0,208.50,
1450,89,597,00,,04,2,0,192.00,
1451,89,482,00,,04,3,0,191.40,
1452,89,258,00,,04,4,0,176.90,
1453,89,739,00,,04,5,0,166.00,
1454,89,375,00,,04,6,0,158.00,
1455,89,363,00,,04,7,0,156.50,
1456,89,866,00,,04,8,0,154.70,
1457,89,416,00,,04,9,0,152.00,
1458,89,172,00,,04,10,0,150.80,
1459,89,708,00,,04,11,0,141.30,
1460,89,118,00,,04,12,0,125.90,
1461,89,369,00,,04,13,0,72.00,
1462,15,777,00,,00,3,0,0.00,
1463,15,38,00,,00,3,0,0.00,
1464,15,891,00,,00,4,0,0.00,
1465,15,48,00,,00,4,0,0.00,
1466,15,47,00,,00,5,0,0.00,
1467,15,441,00,,00,5,0,0.00,
1468,15,855,00,,00,6,0,0.00,
1469,15,436,00,,00,6,0,0.00,
1470,15,47,00,,03,1,0,0.00,
1471,15,710,00,,03,1,0,0.00,
1472,15,441,00,,03,2,0,0.00,
1473,15,473,00,,03,2,0,0.00,
1474,19,1191,04,A,04,1,0,0.00,"First two pass to semifinals"
1475,19,1102,04,A,04,2,0,0.00,
1476,19,1189,04,A,04,3,0,0.00,
1477,19,923,04,B,04,1,0,0.00,"First two pass to Semifinals"
1478,19,982,04,B,04,2,0,0.00,
1479,19,1111,04,B,04,3,0,0.00,
1480,19,1106,04,C,04,1,0,0.00,"First two pass to semifinals"
1481,19,1190,04,C,04,2,0,0.00,
1482,19,1118,04,C,04,3,0,0.00,
1483,19,923,02,A,04,1,0,0.00,"First two pass to finals"
1484,19,1191,02,A,04,2,0,0.00,
1485,19,1190,02,A,04,3,0,0.00,Retired
1486,19,1106,02,B,04,1,0,0.00,"First two pass to finals"
1487,19,982,02,B,04,2,0,0.00,
1488,19,1102,02,B,04,3,0,0.00,
1489,19,923,00,,04,1,1,0.00,
1490,19,1106,00,,04,2,1,0.00,
1491,19,982,00,,04,3,0,0.00,
1492,19,1191,00,,04,4,0,0.00,
1493,71,1300,00,,01,1,0,0.00,
1494,71,1194,00,,01,1,0,0.00,
1495,71,411,00,,00,1,0,0.00,
1496,71,1193,00,,00,1,0,0.00,"First time competitor wins!"
1497,71,410,00,,00,2,0,0.00,
1498,71,703,00,,00,2,0,0.00,
1499,71,53,00,,00,3,0,0.00,
1509,41,567,04,A,11,1,0,72.20,
1501,71,409,00,,00,4,4,0.00,
1502,71,333,00,,00,5,4,0.00,
1503,71,49,00,,00,5,4,0.00,
1504,71,1196,00,,00,6,0,0.00,
1505,71,1197,00,,00,6,0,0.00,
1506,71,1198,00,,00,7,0,0.00,
1507,71,1199,00,,00,7,0,0.00,
1508,71,389,00,,00,3,0,0.00,
1510,41,675,04,A,11,1,0,72.20,
1511,41,710,04,A,11,1,0,72.20,
1512,41,118,04,A,11,2,0,58.70,
1513,41,866,04,A,11,2,0,58.70,
1514,41,461,04,A,11,3,0,58.30,
1515,41,1200,04,A,11,3,0,58.30,
1516,41,47,04,A,11,3,0,58.30,
1517,41,85,04,A,11,4,0,55.20,
1518,41,1201,04,A,11,4,0,55.20,
1519,41,262,04,A,11,4,0,55.20,
1520,41,162,04,A,11,5,0,44.20,
1521,41,941,04,A,11,5,0,44.20,
1522,41,471,04,A,11,5,0,44.20,
1523,41,733,04,A,11,6,0,40.00,
1524,41,128,04,B,11,1,0,65.60,
1525,41,308,04,B,11,1,0,65.60,
1526,41,65,04,B,11,2,0,63.20,
1527,41,662,04,B,11,2,0,63.20,
1528,41,365,04,B,11,3,0,55.50,
1529,41,850,04,B,11,3,0,55.50,
1530,41,70,04,B,11,4,0,48.60,
1531,41,699,04,B,11,4,0,48.60,
1532,41,946,04,B,11,4,0,48.60,
1533,41,1202,04,B,11,5,0,39.20,
1534,41,1203,04,B,11,6,0,32.10,
1535,41,1204,04,B,11,6,0,32.10,
1536,41,567,00,,11,1,0,75.20,
1537,41,675,00,,11,1,0,75.20,
1538,41,710,00,,11,1,0,75.20,
1539,41,128,00,,11,2,0,63.20,
1540,41,308,00,,11,2,0,63.20,
1541,41,118,00,,11,3,0,56.70,
1542,41,866,00,,11,3,0,56.70,
1543,41,461,00,,11,4,4,55.50,
1544,41,1200,00,,11,4,4,55.50,
1545,41,47,00,,11,4,4,55.50,
1546,41,65,00,,11,5,4,55.50,
1547,41,662,00,,11,5,4,55.50,
1548,41,365,00,,11,6,0,50.00,
1549,41,850,00,,11,6,0,50.00,
1550,41,85,00,,11,7,0,45.90,
1551,41,1201,00,,11,7,0,45.90,
1552,41,70,00,,11,8,0,31.50,
1553,41,699,00,,11,8,0,31.50,
1554,41,946,00,,11,8,0,31.50,
1555,41,436,00,,15,1,0,0.00,
1556,41,797,00,,15,2,0,0.00,
1557,41,1007,00,,15,3,0,0.00,
1558,41,163,00,,12,1,0,0.00,
1559,41,630,00,,12,1,0,0.00,
1560,41,1206,00,,12,2,0,0.00,
1561,41,1207,00,,12,2,0,0.00,
1562,41,1208,00,,12,3,0,0.00,
1563,41,71,00,,12,3,0,0.00,
1564,41,961,00,,09,1,0,0.00,
1565,41,141,00,,09,1,0,0.00,
1566,41,957,00,,09,2,0,0.00,
1567,41,955,00,,09,3,0,0.00,
1568,41,1209,00,,10,1,0,0.00,
1569,41,1205,04,B,11,5,0,39.20,
1570,93,866,02,A,06,1,0,0.00,
1571,93,375,02,A,06,1,0,0.00,
1572,93,337,02,A,06,2,0,0.00,
1573,93,369,02,A,06,2,0,0.00,
1574,93,149,02,A,06,3,0,0.00,
1575,93,150,02,A,06,3,0,0.00,
1576,93,955,02,A,06,4,0,0.00,
1577,93,167,02,A,06,5,0,0.00,Scratch
1578,93,518,02,A,06,5,0,0.00,
1579,93,708,02,B,06,1,0,0.00,
1580,93,966,02,B,06,1,0,0.00,
1581,93,965,02,B,06,1,0,0.00,
1582,93,54,02,B,06,2,0,0.00,
1583,93,217,02,B,06,2,0,0.00,
1584,93,141,02,B,06,3,0,0.00,
1585,93,1211,02,B,06,3,0,0.00,
1586,93,1208,02,B,06,4,0,0.00,
1587,93,1212,02,B,06,5,0,0.00,
1588,93,493,02,B,06,5,0,0.00,
1589,93,866,00,,06,1,0,0.00,
1590,93,375,00,,06,1,0,0.00,
1591,93,708,00,,06,2,0,0.00,
1592,93,966,00,,06,2,0,0.00,
1593,93,965,00,,06,2,0,0.00,
1594,93,337,00,,06,3,0,0.00,
1595,93,369,00,,06,3,0,0.00,
1596,93,149,00,,06,4,0,0.00,
1597,93,150,00,,06,4,0,0.00,
1598,93,54,00,,06,5,0,0.00,
1599,93,217,00,,06,5,0,0.00,
1600,93,141,00,,06,6,0,0.00,scratch
1601,93,1211,00,,06,6,0,0.00,
1602,68,892,04,A,06,1,0,0.00,"First four teams pass to Finals"
1603,68,421,04,A,06,1,0,0.00,
1604,68,470,04,A,06,2,0,0.00,
1605,68,258,04,A,06,2,0,0.00,
1606,68,911,04,A,06,3,0,0.00,
1607,68,701,04,A,06,3,0,0.00,
1608,68,946,04,A,06,4,0,0.00,
1609,68,1076,04,A,06,4,0,0.00,
1610,68,1067,04,A,06,4,0,0.00,
1611,68,918,04,A,06,5,5,0.00,
1612,68,1214,04,A,06,5,5,0.00,
1613,68,1081,04,A,06,5,5,0.00,
1614,68,1215,04,A,06,6,5,0.00,
1615,68,1216,04,A,06,6,5,0.00,
1616,68,1218,04,A,06,7,0,0.00,
1617,68,1219,04,A,06,7,0,0.00,
1690,68,1115,04,A,06,8,0,0.00,
1689,68,1221,04,A,06,8,0,0.00,
1620,68,1220,04,A,06,8,0,0.00,
1621,68,1114,04,A,06,8,0,0.00,
1622,68,482,04,B,06,1,0,0.00,"First four teams pass to Finals"
1623,68,97,04,B,06,1,0,0.00,
1624,68,908,04,B,06,2,0,0.00,
1625,68,909,04,B,06,2,0,0.00,
1626,68,630,04,B,06,3,0,0.00,
1627,68,163,04,B,06,3,0,0.00,
1628,68,923,04,B,06,4,0,0.00,
1629,68,924,04,B,06,4,0,0.00,
1630,68,1077,04,B,06,4,0,0.00,
1631,68,1224,04,B,06,5,0,0.00,
1632,68,118,04,B,06,5,0,0.00,
1633,68,1225,04,B,06,5,0,0.00,
1634,68,1226,04,B,06,6,0,0.00,
1635,68,1227,04,B,06,6,0,0.00,
1636,68,1228,04,B,06,7,0,0.00,
1637,68,1229,04,B,06,7,0,0.00,
1638,68,1065,04,B,06,8,0,0.00,
1639,68,309,04,B,06,8,0,0.00,
1640,68,1231,04,B,06,9,0,0.00,
1641,68,1233,04,B,06,9,0,0.00,
1642,68,1232,04,B,06,9,0,0.00,
1643,68,918,03,,06,1,0,0.00,"First team passes to Final"
1644,68,1214,03,,06,1,0,0.00,
1645,68,1081,03,,06,1,0,0.00,
1646,68,1224,03,,06,2,0,0.00,
1647,68,118,03,,06,2,0,0.00,
1648,68,1225,03,,06,2,0,0.00,(ABSENT)
1649,68,1215,03,,06,3,0,0.00,
1650,68,1216,03,,06,3,0,0.00,
1651,68,1217,03,,06,3,0,0.00,
1652,68,1228,03,,06,4,0,0.00,
1653,68,1229,03,,06,4,0,0.00,
1654,68,1218,03,,06,5,0,0.00,
1655,68,1219,03,,06,5,0,0.00,
1656,68,1065,03,,06,6,0,0.00,
1657,68,1230,03,,06,6,0,0.00,
1658,68,1220,03,,06,7,0,0.00,
1659,68,1114,03,,06,7,0,0.00,
1660,68,1221,03,,06,7,0,0.00,
1661,68,1115,03,,06,7,0,0.00,
1662,68,1231,03,,06,8,0,0.00,
1663,68,1232,03,,06,8,0,0.00,
1664,68,1233,03,,06,8,0,0.00,
1665,68,1222,03,,06,9,0,0.00,"(THE TEAM WAS ABSENT)"
1666,68,1223,03,,06,9,0,0.00,
1667,68,482,00,,06,1,0,0.00,"On the beach with rain and a very strong wind"
1668,68,97,00,,06,1,0,0.00,
1669,68,470,00,,06,2,0,0.00,
1670,68,258,00,,06,2,0,0.00,
1671,68,892,00,,06,3,0,0.00,
1672,68,421,00,,06,3,0,0.00,
1673,68,911,00,,06,4,0,0.00,
1674,68,701,00,,06,4,0,0.00,
1675,68,908,00,,06,5,0,0.00,
1676,68,909,00,,06,5,0,0.00,
1677,68,923,00,,06,6,0,0.00,
1678,68,924,00,,06,6,0,0.00,
1679,68,1077,00,,06,6,0,0.00,
1680,68,946,00,,06,7,0,0.00,
1681,68,1076,00,,06,7,0,0.00,
1682,68,1067,00,,06,7,0,0.00,
1683,68,630,00,,06,8,0,0.00,
1684,68,163,00,,06,8,0,0.00,
1685,68,918,00,,06,9,0,0.00,
1686,68,1214,00,,06,9,0,0.00,
1687,68,1081,00,,06,9,0,0.00,
1688,68,1217,04,A,06,6,5,0.00,
1691,68,1222,04,A,06,9,0,0.00,
1692,68,1223,04,A,06,9,0,0.00,
1693,39,441,02,,01,1,0,62.60,
1694,39,367,02,,01,1,0,62.60,
1695,39,943,02,,01,2,0,48.80,"seeded third, busted to second place"
1696,39,486,02,,01,2,0,48.80,
1697,39,163,02,,01,3,0,47.60,
1698,39,630,02,,01,3,0,47.60,
1699,39,949,02,,01,4,0,38.10,
1700,39,970,02,,01,4,0,38.10,
1701,39,140,04,A,00,1,0,71.98,"First four couples pass to Semifinals"
1702,39,473,04,A,00,1,0,71.98,
1703,39,911,04,A,00,2,0,65.81,
1704,39,701,04,A,00,2,0,65.81,
1705,39,30,04,A,00,3,0,64.16,
1706,39,411,04,A,00,3,0,64.16,
1707,39,921,04,A,00,4,0,54.07,
1708,39,1076,04,A,00,4,0,54.07,
1709,39,1193,04,A,00,5,0,43.08,
1710,39,930,04,A,00,5,0,43.08,
1711,39,470,04,B,00,1,0,63.40,"First four couples pass to Semifinals"
1712,39,508,04,B,00,1,0,63.40,
1713,39,145,04,B,00,2,0,57.10,
1714,39,1106,04,B,00,2,0,57.10,
1715,39,908,04,B,00,3,0,54.60,
1716,39,410,04,B,00,3,0,54.60,
1717,39,1080,04,B,00,4,0,42.10,
1718,39,946,04,B,00,4,0,42.10,
1719,39,925,04,B,00,5,0,38.80,
1720,39,933,04,B,00,5,0,38.80,
1721,39,421,04,C,00,1,0,69.15,"First four couples pass to Semifinals"
1722,39,892,04,C,00,1,0,69.15,
1723,39,269,04,C,00,2,0,62.90,
1724,39,737,04,C,00,2,0,62.90,
1725,39,912,04,C,00,3,0,61.50,
1726,39,909,04,C,00,3,0,61.50,
1727,39,913,04,C,00,4,0,52.70,
1728,39,927,04,C,00,4,0,52.70,
1729,39,1210,04,C,00,5,0,44.10,
1730,39,1082,04,C,00,5,0,44.10,
1731,39,370,04,D,00,1,0,0.00,"These four couples pass automatically to Semifinals"
1732,39,442,04,D,00,1,0,0.00,
1733,39,97,04,D,00,2,0,0.00,
1734,39,482,04,D,00,2,0,0.00,
1735,39,1081,04,D,00,3,0,0.00,
1736,39,914,04,D,00,3,0,0.00,
1737,39,924,04,D,00,4,0,0.00,
1738,39,923,04,D,00,4,0,0.00,
1739,39,441,02,,03,1,1,68.00,"top 6 advance to the finals"
1740,39,473,02,,03,1,1,68.00,
1741,39,163,02,,03,2,1,68.00,
1742,39,421,02,,03,2,1,68.00,
1743,39,367,02,,03,3,0,67.10,
1744,39,269,02,,03,3,0,67.10,
1745,39,943,02,,03,4,0,60.60,
1746,39,442,02,,03,4,0,60.60,
1747,39,486,02,,03,5,0,57.00,
1748,39,370,02,,03,5,0,57.00,
1749,39,949,02,,03,6,0,56.80,
1750,39,97,02,,03,6,0,56.80,
1751,39,630,02,,03,7,0,56.40,
1752,39,701,02,,03,7,0,56.40,
1753,39,970,02,,03,8,0,45.70,
1754,39,909,02,,03,8,0,45.70,
1755,39,140,02,A,02,1,0,71.89,"top 3 advance to the finals"
1756,39,473,02,A,02,1,0,71.89,
1757,39,508,02,A,02,1,0,71.89,
1758,39,269,02,A,02,2,0,65.30,
1759,39,921,02,A,02,2,0,65.30,
1760,39,737,02,A,02,2,0,65.30,
1761,39,908,02,A,02,3,0,56.70,
1762,39,909,02,A,02,3,0,56.70,
1763,39,912,02,A,02,3,0,56.70,
1764,39,1081,02,A,02,4,0,54.40,
1765,39,911,02,A,02,4,0,54.40,
1766,39,701,02,A,02,4,0,54.40,
1767,39,442,02,A,02,5,0,0.00,
1768,39,482,02,A,02,5,0,0.00,
1769,39,892,02,A,02,5,0,0.00,
1770,39,913,02,A,02,6,0,0.00,
1771,39,930,02,A,02,6,0,0.00,
1772,39,927,02,A,02,6,0,0.00,
1773,39,118,02,A,02,7,0,0.00,
1774,39,1210,02,A,02,7,0,0.00,
1775,39,1082,02,A,02,7,0,0.00,
1791,39,486,02,B,02,3,0,58.55,
1790,39,914,02,B,02,2,0,62.66,
1789,39,470,02,B,02,2,0,62.66,
1788,39,145,02,B,02,2,0,62.66,
1787,39,421,02,B,02,1,0,68.84,
1786,39,370,02,B,02,1,0,68.84,
1785,39,97,02,B,02,1,0,68.84,"top 3 advance to the finals)"
1792,39,441,02,B,02,3,0,58.55,
1793,39,367,02,B,02,3,0,58.55,
1794,39,30,02,B,02,4,0,57.65,
1795,39,410,02,B,02,4,0,57.65,
1796,39,411,02,B,02,4,0,57.65,
1797,39,1077,02,B,02,5,0,48.65,
1798,39,924,02,B,02,5,0,48.65,
1799,39,923,02,B,02,5,0,48.65,
1800,39,1076,02,B,02,6,0,31.95,
1801,39,946,02,B,02,6,0,31.95,
1802,39,970,02,B,02,6,0,31.95,
1803,39,140,02,A,00,1,0,71.10,"top 4 advance to the final"
1804,39,473,02,A,00,1,0,71.10,
1805,39,370,02,A,00,2,0,61.40,
1806,39,442,02,A,00,2,0,61.40,
1807,39,97,02,A,00,3,0,58.60,
1808,39,482,02,A,00,3,0,58.60,
1809,39,924,02,A,00,4,0,56.70,
1810,39,923,02,A,00,4,0,56.70,
1811,39,911,02,A,00,5,0,51.50,
1812,39,701,02,A,00,5,0,51.50,
1813,39,30,02,A,00,6,0,46.80,
1814,39,411,02,A,00,6,0,46.80,
1815,39,921,02,A,00,7,0,45.30,
1816,39,1076,02,A,00,7,0,45.30,
1817,39,1081,02,A,00,8,0,44.20,
1818,39,914,02,A,00,8,0,44.20,
1819,39,269,02,B,00,1,0,72.20,"top 4 advance to final"
1820,39,737,02,B,00,1,0,72.20,
1821,39,508,02,B,00,2,0,67.30,
1822,39,470,02,B,00,2,0,67.30,
1823,39,421,02,B,00,3,0,62.10,
1824,39,892,02,B,00,3,0,62.10,
1825,39,145,02,B,00,4,0,53.20,
1826,39,1106,02,B,00,4,0,53.20,
1827,39,912,02,B,00,5,0,50.10,
1828,39,909,02,B,00,5,0,50.10,
1829,39,908,02,B,00,6,0,47.20,
1830,39,410,02,B,00,6,0,47.20,
1831,39,913,02,B,00,7,0,40.70,
1832,39,927,02,B,00,7,0,40.70,
1833,39,1080,02,B,00,8,0,39.10,
1834,39,946,02,B,00,8,0,39.10,
1835,39,441,00,,01,1,0,66.40,
1836,39,367,00,,01,1,0,66.40,
1837,39,943,00,,01,2,0,51.10,
1838,39,486,00,,01,2,0,51.10,
1839,39,163,00,,01,3,0,45.70,
1840,39,630,00,,01,3,0,45.70,
1841,39,949,00,,01,4,0,0.00,scratch
1842,39,970,00,,01,4,0,0.00,
1843,39,97,00,,02,1,0,66.70,
1844,39,370,00,,02,1,0,66.70,
1845,39,421,00,,02,1,0,66.70,
1846,39,140,00,,02,2,0,66.60,
1847,39,473,00,,02,2,0,66.60,
1848,39,508,00,,02,2,0,66.60,
1849,39,145,00,,02,3,0,60.40,
1850,39,470,00,,02,3,0,60.40,
1851,39,914,00,,02,3,0,60.40,
1852,39,269,00,,02,4,0,58.10,
1853,39,921,00,,02,4,0,58.10,
1854,39,737,00,,02,4,0,58.10,
1855,39,441,00,,02,5,0,51.30,
1856,39,486,00,,02,5,0,51.30,
1857,39,367,00,,02,5,0,51.30,
1858,39,908,00,,02,6,0,48.50,
1859,39,912,00,,02,6,0,48.50,
1860,39,909,00,,02,6,0,48.50,
1861,39,367,00,,03,1,0,67.10,
1862,39,269,00,,03,1,0,67.10,
1863,39,441,00,,03,2,0,63.30,
1864,39,473,00,,03,2,0,63.30,
1865,39,486,00,,03,3,0,57.90,
1866,39,370,00,,03,3,0,57.90,
1867,39,163,00,,03,4,0,56.60,
1868,39,421,00,,03,4,0,56.60,
1869,39,943,00,,03,5,0,50.60,
1870,39,442,00,,03,5,0,50.60,
1871,39,949,00,,03,6,0,44.10,
1872,39,97,00,,03,6,0,44.10,
1873,39,473,00,,00,1,0,68.40,
1874,39,140,00,,00,1,0,68.40,
1875,39,470,00,,00,2,0,67.70,
1876,39,508,00,,00,2,0,67.70,
1877,39,370,00,,00,3,0,62.20,
1878,39,442,00,,00,3,0,62.20,
1879,39,421,00,,00,4,0,60.10,
1880,39,892,00,,00,4,0,60.10,
1881,39,269,00,,00,5,0,59.50,
1882,39,737,00,,00,5,0,59.50,
1883,39,145,00,,00,6,0,56.70,
1884,39,1106,00,,00,6,0,56.70,
1885,39,97,00,,00,7,0,56.20,
1886,39,482,00,,00,7,0,56.20,
1887,39,924,00,,00,8,0,56.10,
1888,39,923,00,,00,8,0,56.10,
1889,40,280,00,,06,1,0,0.00,
1890,40,470,00,,06,1,0,0.00,
1891,40,968,00,,06,2,0,0.00,
1892,40,430,00,,06,2,0,0.00,
1893,40,1201,00,,06,3,0,0.00,
1894,40,1204,00,,06,3,0,0.00,
1895,40,1237,00,,06,3,0,0.00,
1896,40,162,00,,06,4,0,0.00,
1897,40,471,00,,06,4,0,0.00,
1898,40,662,00,,06,5,0,0.00,
1899,40,645,00,,06,5,0,0.00,
1900,98,708,00,,00,1,0,0.00,
1901,98,191,00,,00,1,0,0.00,
1902,98,132,00,,00,2,0,0.00,
1903,98,276,00,,00,2,0,0.00,
1904,98,136,00,,00,3,0,0.00,
1905,98,1238,00,,00,3,0,0.00,
1906,88,38,00,,00,1,0,0.00,
1907,88,777,00,,00,1,0,0.00,
1908,88,675,00,,00,2,0,0.00,
1909,88,128,00,,00,2,0,0.00,
1910,88,710,00,,00,3,0,0.00,
1911,88,1239,00,,00,3,0,0.00,
1912,88,855,00,,00,4,0,0.00,
1913,88,262,00,,00,4,0,0.00,
1914,42,923,00,,04,1,0,0.00,"3 min to shred"
1915,42,1230,00,,04,2,0,0.00,
1916,42,1110,00,,04,6,0,0.00,
1917,42,1065,00,,04,10,0,0.00,
1918,42,1066,00,,04,11,0,0.00,
1919,42,1246,00,,04,12,0,0.00,
1920,42,1240,00,,04,3,0,0.00,
1921,42,1241,00,,04,4,0,0.00,
1922,42,1242,00,,04,5,0,0.00,
1923,42,1243,00,,04,7,0,0.00,
1924,42,1244,00,,04,8,0,0.00,
1925,42,1245,00,,04,9,0,0.00,
1926,42,1247,00,,04,13,0,0.00,
1927,42,1248,00,,04,14,0,0.00,
1928,42,1249,00,,04,15,0,0.00,
1929,42,1250,00,,04,16,0,0.00,
1930,42,1251,00,,04,17,0,0.00,
1931,42,1252,00,,04,18,0,0.00,
1932,42,1253,00,,04,19,0,0.00,
1933,42,1254,00,,04,20,0,0.00,
1934,103,80,00,,06,1,0,0.00,
1935,103,273,00,,06,1,0,0.00,
1936,103,161,00,,06,2,0,0.00,
1937,103,462,00,,06,2,0,0.00,
1938,103,265,00,,06,3,0,0.00,
1939,103,297,00,,06,3,0,0.00,
1940,103,476,00,,06,4,0,0.00,
1941,103,529,00,,06,4,0,0.00,
1942,103,705,00,,06,4,0,0.00,
1943,103,378,00,,06,5,0,0.00,
1944,103,475,00,,06,5,0,0.00,
1945,103,843,00,,06,5,0,0.00,
1946,104,710,00,,06,1,0,69.80,
1947,104,777,00,,06,1,0,69.80,
1948,104,112,00,,06,2,0,67.00,
1949,104,660,00,,06,2,0,67.00,
1950,104,695,00,,06,2,0,67.00,
1951,104,370,00,,06,3,0,66.90,
1952,104,470,00,,06,3,0,66.90,
1953,104,675,00,,06,4,0,58.60,
1954,104,841,00,,06,4,0,58.60,
1955,104,370,04,A,06,1,0,48.40,
1956,104,470,04,A,06,1,0,48.40,
1957,104,675,04,A,06,2,0,43.30,
1958,104,841,04,A,06,2,0,43.30,
1959,104,461,04,A,06,3,0,42.90,
1960,104,701,04,A,06,3,0,42.90,
1961,104,224,04,A,06,4,0,33.90,
1962,104,254,04,A,06,4,0,33.90,
1963,104,805,04,A,06,4,0,33.90,
1964,104,112,04,B,06,1,0,50.60,
1965,104,660,04,B,06,1,0,50.60,
1966,104,695,04,B,06,1,0,50.60,
1967,104,710,04,B,06,2,0,47.60,
1968,104,777,04,B,06,2,0,47.60,
1969,104,363,04,B,06,3,0,38.50,
1970,104,743,04,B,06,3,0,38.50,
1971,104,495,04,B,06,4,0,32.10,
1972,104,527,04,B,06,4,0,32.10,
1973,105,590,00,,00,1,0,0.00,
1974,105,97,00,,00,1,0,0.00,
1975,105,85,00,,00,2,0,0.00,
1976,105,866,00,,00,2,0,0.00,
1977,105,369,00,,00,3,0,0.00,
1978,105,108,00,,00,3,0,0.00,
1979,105,192,00,,00,4,0,0.00,
1980,105,767,00,,00,4,0,0.00,
1981,105,687,00,,00,5,0,0.00,
1982,105,217,00,,00,5,0,0.00,
1983,106,140,00,,00,1,0,0.00,
1984,106,473,00,,00,1,0,0.00,
1985,106,700,00,,00,2,0,0.00,
1986,106,701,00,,00,2,0,0.00,
1987,106,370,00,,00,3,0,0.00,
1988,106,880,00,,00,3,0,0.00,
1989,106,737,00,,00,4,0,0.00,
1990,106,739,00,,00,4,0,0.00,
1991,106,442,00,,00,5,0,0.00,
1992,106,834,00,,00,5,0,0.00,
1993,106,649,00,,00,6,0,0.00,
1994,106,864,00,,00,6,0,0.00,
1995,106,1258,00,,00,7,0,0.00,
1996,106,367,00,,03,1,0,0.00,
1997,106,737,00,,03,1,0,0.00,
1998,106,140,00,,03,2,0,0.00,
1999,106,706,00,,03,2,0,0.00,
2000,106,473,00,,03,3,0,0.00,
2001,106,677,00,,03,3,0,0.00,
2002,106,630,00,,03,4,0,0.00,
2003,106,441,00,,03,5,0,0.00,
2004,106,442,00,,03,5,0,0.00,
2005,106,163,00,,03,6,0,0.00,
2006,106,649,00,,03,6,0,0.00,
2007,106,290,00,,03,7,0,0.00,
2008,106,328,00,,03,7,0,0.00,
2009,106,486,00,,03,8,0,0.00,
2010,106,163,00,,01,1,0,0.00,
2011,106,700,00,,01,1,0,0.00,
2012,106,630,00,,01,2,0,0.00,
2013,106,441,00,,01,3,0,0.00,
2014,106,706,00,,01,3,0,0.00,
2015,106,290,00,,01,4,0,0.00,
2016,106,367,00,,01,4,0,0.00,
2017,106,392,00,,00,7,0,0.00,
2018,106,701,00,,03,4,0,0.00,
2019,106,739,00,,03,8,0,0.00,
2020,106,677,00,,01,2,0,0.00,
2021,108,212,00,,11,1,0,0.00,
2022,108,308,00,,11,1,0,0.00,
2023,108,370,00,,11,1,0,0.00,
2024,108,337,00,,11,2,0,0.00,
2025,108,866,00,,11,2,0,0.00,
2026,108,85,00,,11,3,0,0.00,
2027,108,460,00,,11,3,0,0.00,
2028,108,527,00,,11,4,0,0.00,
2029,108,894,00,,11,4,0,0.00,
2030,108,252,00,,11,5,0,0.00,
2031,108,467,00,,11,5,0,0.00,
2032,108,805,00,,11,5,0,0.00,
2033,108,355,00,,11,6,0,0.00,
2034,108,907,00,,11,6,0,0.00,
2035,108,1262,00,,11,7,0,0.00,
2036,108,108,00,,13,1,0,0.00,
2037,108,708,00,,13,1,0,0.00,
2038,108,1,00,,13,2,0,0.00,
2039,108,436,00,,13,3,0,0.00,
2040,108,425,00,,13,3,0,0.00,
2041,108,670,00,,13,6,0,0.00,
2042,108,1100,00,,17,1,0,0.00,
2043,109,210,00,,00,1,0,0.00,
2044,109,412,00,,00,1,0,0.00,
2045,109,30,00,,00,2,0,0.00,
2046,109,411,00,,00,2,0,0.00,
2047,109,618,00,,00,3,0,0.00,
2048,109,734,00,,00,3,0,0.00,
2049,109,333,00,,00,4,0,0.00,
2050,110,489,00,,00,1,0,0.00,
2051,110,508,00,,00,1,0,0.00,
2052,110,220,00,,00,2,0,0.00,
2053,110,271,00,,00,3,0,0.00,
2054,110,862,00,,00,3,0,0.00,
2055,111,97,00,,06,1,0,0.00,
2056,111,590,00,,06,1,0,0.00,
2057,111,667,00,,06,1,0,0.00,
2058,111,140,00,,06,2,0,0.00,
2059,111,660,00,,06,2,0,0.00,
2060,111,370,00,,06,3,0,0.00,Solo
2061,111,597,00,,06,3,0,0.00,"Not Played (Injured)"
2062,111,36,00,,06,4,0,0.00,
2063,111,526,00,,06,4,0,0.00,
2064,111,421,00,,06,5,0,0.00,
2065,111,482,00,,06,5,0,0.00,
2066,111,4,00,,06,6,0,0.00,
2067,111,358,00,,06,6,0,0.00,
2068,111,97,04,A,06,1,0,0.00,
2069,111,590,04,A,06,1,0,0.00,
2070,111,667,04,A,06,1,0,0.00,
2071,111,36,04,A,06,2,0,0.00,
2072,111,526,04,A,06,2,0,0.00,
2073,111,140,04,A,06,3,0,0.00,
2074,111,660,04,A,06,3,0,0.00,
2075,111,119,04,A,06,4,0,0.00,
2076,111,157,04,A,06,4,0,0.00,
2077,111,217,04,A,06,5,0,0.00,
2078,111,708,04,A,06,5,0,0.00,
2079,111,54,04,A,06,6,0,0.00,
2080,111,149,04,A,06,6,0,0.00,
2081,111,760,04,A,06,6,0,0.00,
2082,111,339,04,A,06,7,0,0.00,
2083,111,658,04,A,06,7,0,0.00,
2084,111,177,04,A,06,8,0,0.00,
2085,111,680,04,A,06,8,0,0.00,
2086,111,681,04,A,06,8,0,0.00,
2087,111,370,04,B,06,1,0,0.00,
2088,111,597,04,B,06,1,0,0.00,
2089,111,421,04,B,06,2,0,0.00,
2090,111,482,04,B,06,2,0,0.00,
2091,111,4,04,B,06,3,0,0.00,
2092,111,358,04,B,06,3,0,0.00,
2093,111,85,04,B,06,4,0,0.00,
2094,111,460,04,B,06,4,0,0.00,
2095,111,346,04,B,06,5,0,0.00,
2096,111,768,04,B,06,5,0,0.00,
2097,111,495,04,B,06,6,0,0.00,
2098,111,698,04,B,06,6,0,0.00,
2099,111,463,04,B,06,7,0,0.00,
2100,111,765,04,B,06,7,0,0.00,
2101,111,813,04,B,06,7,0,0.00,
2102,111,295,04,B,06,8,0,0.00,
2103,111,451,04,B,06,8,0,0.00,
2104,111,534,04,B,06,8,0,0.00,
2105,111,876,04,B,06,9,0,0.00,
2106,111,877,04,B,06,9,0,0.00,
2107,111,878,04,B,06,9,0,0.00,
2108,112,708,04,,00,1,0,0.00,
2109,112,866,04,,00,1,0,0.00,
2110,112,97,04,,00,2,0,0.00,
2111,112,172,04,,00,2,0,0.00,
2112,112,399,04,,00,3,0,0.00,
2113,112,698,04,,00,3,0,0.00,
2114,112,755,04,,00,4,0,0.00,
2115,112,807,04,,00,4,0,0.00,
2116,112,205,04,,00,5,0,0.00,
2117,112,493,04,,00,5,0,0.00,
2118,76,442,00,,06,1,1,12.00,"Low score wins. 4 1st and 4 2nd place votes - same score as Matt and Dave."
2119,76,370,00,,06,1,1,12.00,
2120,76,473,00,,06,2,1,12.00,
2121,76,269,00,,06,2,1,12.00,
2122,76,675,00,,06,3,3,28.00,
2123,76,421,00,,06,3,3,28.00,
2124,76,128,00,,06,4,3,28.00,
2125,76,308,00,,06,4,3,28.00,
2126,76,441,00,,06,5,0,39.00,
2127,76,367,00,,06,5,0,39.00,
2128,76,460,00,,06,6,0,46.00,
2129,76,939,00,,06,6,0,46.00,
2130,76,163,00,,06,7,7,0.00,
2131,76,141,00,,06,7,7,0.00,
2132,76,1201,00,,06,7,7,0.00,
2133,76,880,00,,06,8,7,0.00,
2134,76,1098,00,,06,8,7,0.00,
2135,76,946,00,,06,9,9,0.00,
2136,76,162,00,,06,9,9,0.00,
2137,76,354,00,,06,10,9,0.00,
2138,76,355,00,,06,10,9,0.00,
2139,108,1263,00,,11,7,0,0.00,
2140,108,758,00,,11,7,0,0.00,
2141,108,224,00,,13,2,0,0.00,
2142,108,1264,00,,13,7,0,0.00,
2143,108,1265,00,,15,1,0,0.00,
2144,108,1266,00,,17,2,0,0.00,
2145,108,1267,00,,17,3,0,0.00,
2146,109,1268,00,,00,4,0,0.00,
2147,110,712,00,,00,2,0,0.00,
2148,117,204,00,,06,1,0,0.00,
2149,117,97,00,,06,1,0,0.00,
2150,117,590,00,,06,2,0,0.00,
2151,117,866,00,,06,2,0,0.00,
2152,117,85,00,,06,3,0,0.00,
2153,117,667,00,,06,3,0,0.00,
2154,117,108,00,,06,4,0,0.00,
2155,117,708,00,,06,4,0,0.00,
2156,117,63,00,,06,5,0,0.00,
2157,117,104,00,,06,5,0,0.00,
2158,117,217,00,,06,5,0,0.00,
2159,117,206,00,,06,6,0,0.00,
2160,117,498,00,,06,6,0,0.00,
2161,118,144,00,,00,1,0,0.00,
2162,118,4,00,,00,2,0,0.00,
2163,118,317,00,,00,2,0,0.00,
2164,118,421,00,,00,3,0,0.00,
2165,118,738,00,,00,3,0,0.00,
2166,119,690,00,,03,1,0,0.00,
2167,119,375,00,,03,1,0,0.00,
2168,119,826,00,,03,2,0,0.00,
2169,119,587,00,,03,2,0,0.00,
2170,119,820,00,,03,3,0,0.00,
2171,119,390,00,,03,3,0,0.00,
2172,119,433,00,,03,4,0,0.00,
2173,119,483,00,,03,4,0,0.00,
2174,120,441,00,,00,1,0,0.00,
2175,120,442,00,,00,1,0,0.00,
2176,120,328,00,,00,2,0,0.00,
2177,120,739,00,,00,2,0,0.00,
2178,120,79,00,,00,3,0,0.00,
2179,120,275,00,,00,3,0,0.00,
2180,120,806,00,,00,4,0,0.00,
2181,120,282,00,,00,4,0,0.00,
2182,120,367,00,,01,1,0,0.00,
2183,120,486,00,,01,1,0,0.00,
2184,120,441,00,,01,2,0,0.00,
2185,120,311,00,,01,2,0,0.00,
2186,120,571,00,,09,1,0,0.00,
2187,120,806,00,,09,2,0,0.00,
2188,122,177,00,,00,1,0,0.00,
2189,122,698,00,,00,1,0,0.00,
2190,122,590,00,,00,2,0,0.00,
2191,122,768,00,,00,2,0,0.00,
2192,122,227,00,,00,3,0,0.00,
2193,122,727,00,,00,3,0,0.00,
2194,122,6,00,,00,4,0,0.00,
2195,122,286,00,,00,4,0,0.00,
2196,123,597,00,,00,1,0,0.00,
2197,123,739,00,,00,1,0,0.00,
2198,123,421,00,,00,2,0,0.00,
2199,123,590,00,,00,2,0,0.00,
2200,123,196,00,,00,3,0,0.00,
2201,123,646,00,,00,3,0,0.00,
2202,123,97,00,,00,4,0,0.00,
2203,123,198,00,,00,4,0,0.00,
2204,123,118,00,,00,5,0,0.00,
2205,123,866,00,,00,5,0,0.00,
2206,123,399,00,,00,6,0,0.00,
2207,123,698,00,,00,6,0,0.00,
2208,123,172,00,,00,7,0,0.00,
2209,123,708,00,,00,7,0,0.00,
2210,124,97,00,,06,1,0,0.00,
2211,124,204,00,,06,1,0,0.00,
2212,124,693,00,,06,1,0,0.00,
2213,124,118,00,,06,2,0,0.00,
2214,124,866,00,,06,2,0,0.00,
2215,124,399,00,,06,3,0,0.00,
2216,124,698,00,,06,3,0,0.00,
2217,124,217,00,,06,4,0,0.00,
2218,124,708,00,,06,4,0,0.00,
2219,124,755,00,,06,4,0,0.00,
2220,124,234,00,,06,5,0,0.00,
2221,124,807,00,,06,5,0,0.00,
2222,131,489,00,,06,1,0,0.00,
2223,131,508,00,,06,1,0,0.00,
2224,131,712,00,,06,1,0,0.00,
2225,131,271,00,,06,2,0,0.00,
2226,131,450,00,,06,2,0,0.00,
2227,131,733,00,,06,2,0,0.00,
2228,131,627,00,,06,3,0,0.00,
2229,131,661,00,,06,3,0,0.00,
2230,131,232,00,,07,1,0,0.00,
2231,131,444,00,,07,1,0,0.00,
2232,131,285,00,,07,2,0,0.00,
2233,131,393,00,,07,2,0,0.00,
2234,131,714,00,,07,2,0,0.00,
2235,131,219,00,,07,3,0,0.00,
2236,131,849,00,,07,3,0,0.00,
2237,131,654,00,,11,1,0,0.00,
2238,131,744,00,,11,1,0,0.00,
2239,131,651,00,,11,2,0,0.00,
2240,131,652,00,,11,2,0,0.00,
2241,131,689,00,,11,2,0,0.00,
2242,131,1271,00,,01,1,0,0.00,
2243,131,1273,00,,01,1,0,0.00,
2244,131,1274,00,,09,1,0,0.00,
2245,131,1275,00,,09,1,0,0.00,
2246,131,1276,00,,09,2,0,0.00,
2247,131,744,00,,09,2,0,0.00,
2248,127,280,00,,00,1,0,0.00,
2249,127,470,00,,00,1,0,0.00,
2250,127,140,00,,00,2,0,0.00,
2251,127,567,00,,00,2,0,0.00,
2252,127,370,00,,00,3,0,0.00,
2253,127,649,00,,00,3,0,0.00,
2254,127,328,00,,00,4,0,0.00,
2255,127,706,00,,00,4,0,0.00,
2256,127,143,00,,00,5,0,0.00,
2257,127,221,00,,00,5,0,0.00,
2258,127,436,00,,00,6,0,0.00,
2259,127,848,00,,00,6,0,0.00,
2260,127,441,00,,00,7,0,0.00,
2261,127,442,00,,00,7,0,0.00,
2262,127,268,00,,00,8,0,0.00,
2263,127,832,00,,00,8,0,0.00,
2264,127,138,00,,00,9,9,0.00,
2265,127,269,00,,00,9,9,0.00,
2266,127,79,00,,00,10,9,0.00,
2267,127,697,00,,00,10,9,0.00,
2268,127,224,00,,00,11,0,0.00,
2269,127,875,00,,00,11,0,0.00,
2270,127,140,00,,02,1,0,0.00,
2271,127,370,00,,02,1,0,0.00,
2272,127,567,00,,02,1,0,0.00,
2273,127,280,00,,02,2,0,0.00,
2274,127,470,00,,02,2,0,0.00,
2275,127,649,00,,02,2,0,0.00,
2276,127,269,00,,02,3,0,0.00,
2277,127,268,00,,02,3,0,0.00,
2278,127,328,00,,02,3,0,0.00,
2279,127,143,00,,02,4,0,0.00,
2280,127,221,00,,02,4,0,0.00,
2281,127,848,00,,02,4,0,0.00,
2282,127,645,00,,02,5,0,0.00,
2283,127,697,00,,02,5,0,0.00,
2284,127,706,00,,02,5,0,0.00,
2285,127,79,00,,02,6,0,0.00,
2286,127,441,00,,02,6,0,0.00,
2287,127,442,00,,02,6,0,0.00,
2288,133,112,00,,06,1,0,0.00,
2289,133,412,00,,06,1,0,0.00,
2290,133,695,00,,06,1,0,0.00,
2291,133,281,00,,06,2,0,0.00,
2292,133,883,00,,06,2,0,0.00,
2293,133,254,00,,06,3,0,0.00,
2294,133,805,00,,06,3,0,0.00,
2295,133,427,00,,06,4,0,0.00,
2296,133,1,00,,06,4,0,0.00,
2297,133,445,00,,06,5,0,0.00,
2298,133,557,00,,06,5,0,0.00,
2299,133,672,00,,06,5,0,0.00,
2300,133,621,00,,06,6,0,0.00,
2301,133,622,00,,06,6,0,0.00,
2302,133,656,00,,06,7,0,0.00,
2303,133,815,00,,06,7,0,0.00,
2304,133,828,00,,06,7,0,0.00,
2305,133,846,00,,06,8,0,0.00,
2306,127,112,00,,06,1,0,0.00,
2307,127,412,00,,06,1,0,0.00,
2308,127,695,00,,06,1,0,0.00,
2309,127,281,00,,06,2,0,0.00,
2310,127,883,00,,06,2,0,0.00,
2311,127,254,00,,06,3,0,0.00,
2312,127,805,00,,06,3,0,0.00,
2313,127,427,00,,06,4,0,0.00,
2314,127,1,00,,06,4,0,0.00,
2315,127,445,00,,06,5,0,0.00,
2316,127,557,00,,06,5,0,0.00,
2317,127,672,00,,06,5,0,0.00,
2318,127,621,00,,06,6,0,0.00,
2319,127,622,00,,06,6,0,0.00,
2320,127,656,00,,06,7,0,0.00,
2321,127,815,00,,06,7,0,0.00,
2322,127,828,00,,06,7,0,0.00,
2323,127,1278,00,,06,8,0,0.00,
2324,127,846,00,,06,8,0,0.00,
2325,134,533,00,,00,1,0,0.00,
2326,134,739,00,,00,1,0,0.00,
2327,134,421,00,,00,2,0,0.00,
2328,134,590,00,,00,2,0,0.00,
2329,134,196,00,,00,3,0,0.00,
2330,134,646,00,,00,3,0,0.00,
2331,134,118,00,,00,4,0,0.00,
2332,134,198,00,,00,4,0,0.00,
2333,134,357,00,,00,5,0,0.00,
2334,134,698,00,,00,5,0,0.00,
2335,134,311,00,,00,6,0,0.00,
2336,134,43,00,,00,6,0,0.00,
2337,135,1297,00,,01,1,0,0.00,
2338,136,204,00,,02,1,0,0.00,
2339,136,97,00,,02,1,0,0.00,
2340,136,85,00,,02,2,0,0.00,
2341,136,124,00,,02,2,0,0.00,
2342,136,708,00,,02,3,0,0.00,
2343,136,111,00,,02,3,0,0.00,
2344,136,866,00,,02,4,0,0.00,
2345,136,172,00,,02,4,0,0.00,
2346,136,443,00,,02,5,0,0.00,
2347,136,642,00,,02,5,0,0.00,
2348,136,118,00,,02,5,0,0.00,
2349,136,206,00,,02,6,0,0.00,
2350,136,12,00,,02,6,0,0.00,
2351,136,205,00,,02,7,0,0.00,
2352,136,353,00,,02,7,0,0.00,
2353,136,368,00,,02,8,0,0.00,
2354,136,767,00,,02,8,0,0.00,
2355,137,774,00,,02,1,0,0.00,
2356,137,839,00,,02,1,0,0.00,
2357,137,233,00,,02,2,0,0.00,
2358,137,90,00,,02,2,0,0.00,
2359,137,624,00,,02,3,0,0.00,
2360,137,845,00,,02,3,0,0.00,
2361,137,497,00,,02,3,0,0.00,
2362,137,716,00,,02,4,0,0.00,
2363,137,861,00,,02,4,0,0.00,
2364,137,715,00,,02,4,0,0.00,
2365,137,837,00,,02,5,0,0.00,
2366,137,422,00,,02,5,0,0.00,
2367,137,565,00,,02,5,0,0.00,
2368,137,446,00,,02,6,0,0.00,
2369,137,447,00,,02,6,0,0.00,
2370,137,170,00,,02,7,0,0.00,
2371,137,511,00,,02,7,0,0.00,
2372,137,98,00,,02,8,0,0.00,
2373,137,414,00,,02,8,0,0.00,
2374,137,413,00,,02,8,0,0.00,
2375,138,140,00,,00,1,0,0.00,
2376,138,473,00,,00,1,0,0.00,
2377,138,695,00,,00,2,0,0.00,
2378,138,700,00,,00,2,0,0.00,
2379,138,660,00,,00,3,0,0.00,
2380,138,717,00,,00,3,0,0.00,
2381,138,495,00,,00,4,0,0.00,
2382,138,708,00,,00,4,0,0.00,
2383,138,194,00,,00,5,0,0.00,
2384,138,508,00,,00,5,0,0.00,
2385,138,365,00,,00,6,0,0.00,
2386,138,489,00,,00,6,0,0.00,
2387,138,140,00,,02,1,0,0.00,
2388,138,473,00,,02,1,0,0.00,
2389,138,700,00,,02,1,0,0.00,
2390,138,660,00,,02,2,0,0.00,
2391,138,695,00,,02,2,0,0.00,
2392,138,717,00,,02,2,0,0.00,
2393,138,194,00,,02,3,0,0.00,
2394,138,489,00,,02,3,0,0.00,
2395,138,508,00,,02,3,0,0.00,
2396,138,140,00,,03,1,0,0.00,
2397,138,700,00,,03,1,0,0.00,
2398,138,630,00,,03,2,0,0.00,
2399,138,695,00,,03,2,0,0.00,
2400,138,717,00,,03,3,0,0.00,
2401,139,844,00,,02,1,0,0.00,
2402,139,591,00,,02,1,0,0.00,
2403,139,574,00,,02,2,0,0.00,
2404,139,559,00,,02,2,0,0.00,
2405,139,452,00,,02,2,0,0.00,
2406,139,39,00,,02,3,0,0.00,
2407,139,385,00,,02,3,0,0.00,
2408,140,47,00,,01,1,0,0.00,
2409,140,677,00,,01,1,0,0.00,
2410,140,124,00,,01,2,0,0.00,
2411,140,667,00,,01,2,0,0.00,
2412,140,367,00,,01,3,0,0.00,
2413,140,486,00,,01,3,0,0.00,
2414,140,163,00,,01,4,0,0.00,
2415,140,630,00,,01,4,0,0.00,
2416,140,406,00,,01,5,0,0.00,
2417,140,202,00,,01,6,0,0.00,
2418,140,828,00,,01,6,0,0.00,
2419,141,280,00,,02,1,0,0.00,
2420,141,370,00,,02,1,0,0.00,
2421,141,470,00,,02,1,0,0.00,
2422,141,140,00,,02,2,0,0.00,
2423,141,473,00,,02,2,0,0.00,
2424,141,700,00,,02,2,0,0.00,
2425,141,144,00,,02,3,0,0.00,
2426,141,597,00,,02,3,0,0.00,
2427,141,710,00,,02,3,0,0.00,
2428,141,649,00,,02,4,0,0.00,
2429,141,864,00,,02,4,0,0.00,
2430,141,880,00,,02,4,0,0.00,
2431,141,508,00,,02,5,0,0.00,
2432,141,701,00,,02,5,0,0.00,
2433,141,737,00,,02,5,0,0.00,
2434,141,48,00,,02,6,0,0.00,
2435,141,212,00,,02,6,0,0.00,
2436,141,545,00,,02,6,0,0.00,
2437,141,700,00,,00,1,0,0.00,
2438,141,701,00,,00,1,0,0.00,
2439,141,370,00,,00,2,0,0.00,
2440,141,880,00,,00,2,0,0.00,
2441,141,280,00,,00,3,0,0.00,
2442,141,470,00,,00,3,0,0.00,
2443,141,140,00,,00,4,0,0.00,
2444,141,473,00,,00,4,0,0.00,
2445,141,144,00,,00,5,0,0.00,
2446,141,710,00,,00,5,0,0.00,
2447,141,308,00,,00,6,0,0.00,
2448,141,887,00,,00,6,0,0.00,
2449,141,649,00,,00,7,0,0.00,
2450,141,864,00,,00,7,0,0.00,
2451,141,147,00,,00,8,0,0.00,
2452,141,508,00,,00,8,0,0.00,
2453,141,367,00,,01,1,0,0.00,
2454,141,486,00,,01,1,0,0.00,
2455,141,47,00,,01,2,0,0.00,
2456,141,667,00,,01,2,0,0.00,
2457,141,630,00,,01,3,0,0.00,
2458,141,677,00,,01,3,0,0.00,
2459,141,441,00,,01,4,0,0.00,
2460,141,706,00,,01,4,0,0.00,
2461,141,545,00,,03,1,0,0.00,
2462,141,700,00,,03,1,0,0.00,
2463,141,473,00,,03,2,0,0.00,
2464,141,677,00,,03,2,0,0.00,
2465,141,367,00,,03,3,0,0.00,
2466,141,737,00,,03,3,0,0.00,
2467,141,140,00,,03,4,0,0.00,
2468,141,706,00,,03,4,0,0.00,
2469,141,144,00,,03,5,0,0.00,
2470,141,486,00,,03,5,0,0.00,
2471,141,47,00,,03,6,0,0.00,
2472,141,710,00,,03,6,0,0.00,
2473,141,163,00,,03,7,0,0.00,
2474,141,470,00,,03,7,0,0.00,
2475,141,630,00,,03,8,0,0.00,
2476,141,701,00,,03,8,0,0.00,
2477,141,112,00,,03,9,0,0.00,
2478,141,667,00,,03,9,0,0.00,
2479,141,328,00,,03,10,0,0.00,
2480,141,441,00,,03,10,0,0.00,
2481,141,140,02,A,02,1,0,0.00,
2482,141,473,02,A,02,1,0,0.00,
2483,141,700,02,A,02,1,0,0.00,
2484,141,649,02,A,02,2,0,0.00,
2485,141,864,02,A,02,2,0,0.00,
2486,141,880,02,A,02,2,0,0.00,
2487,141,508,02,A,02,3,0,0.00,
2488,141,701,02,A,02,3,0,0.00,
2489,141,737,02,A,02,3,0,0.00,
2490,141,262,02,A,02,4,0,0.00,
2491,141,308,02,A,02,4,0,0.00,
2492,141,887,02,A,02,4,0,0.00,
2493,141,112,02,A,02,5,0,0.00,
2494,141,128,02,A,02,5,0,0.00,
2495,141,777,02,A,02,5,0,0.00,
2496,141,144,02,B,02,1,0,0.00,
2497,141,597,02,B,02,1,0,0.00,
2498,141,710,02,B,02,1,0,0.00,
2499,141,280,02,B,02,2,0,0.00,
2500,141,370,02,B,02,2,0,0.00,
2501,141,470,02,B,02,2,0,0.00,
2502,141,48,02,B,02,3,0,0.00,
2503,141,212,02,B,02,3,0,0.00,
2504,141,545,02,B,02,3,0,0.00,
2505,141,328,02,B,02,4,0,0.00,
2506,141,367,02,B,02,4,0,0.00,
2507,141,834,02,B,02,4,0,0.00,
2508,141,147,02,B,02,5,0,0.00,
2509,141,848,02,B,02,5,0,0.00,
2510,141,892,02,B,02,5,0,0.00,
2511,141,140,02,A,00,1,0,0.00,
2512,141,473,02,A,00,1,0,0.00,
2513,141,280,02,A,00,2,0,0.00,
2514,141,470,02,A,00,2,0,0.00,
2515,141,144,02,A,00,3,3,0.00,
2516,141,710,02,A,00,3,3,0.00,
2517,141,147,02,A,00,4,3,0.00,
2518,141,508,02,A,00,4,3,0.00,
2519,141,545,02,A,00,5,0,0.00,
2520,141,891,02,A,00,5,0,0.00,
2521,141,848,02,A,00,6,0,0.00,
2522,141,892,02,A,00,6,0,0.00,
2523,141,112,02,A,00,7,0,0.00,
2524,141,262,02,A,00,7,0,0.00,
2525,141,696,02,A,00,8,0,0.00,
2526,141,697,02,A,00,8,0,0.00,
2527,141,700,02,B,00,1,0,0.00,
2528,141,701,02,B,00,1,0,0.00,
2529,141,370,02,B,00,2,0,0.00,
2530,141,880,02,B,00,2,0,0.00,
2531,141,649,02,B,00,3,0,0.00,
2532,141,864,02,B,00,3,0,0.00,
2533,141,308,02,B,00,4,0,0.00,
2534,141,887,02,B,00,4,0,0.00,
2535,141,48,02,B,00,5,0,0.00,
2536,141,212,02,B,00,5,0,0.00,
2537,141,328,02,B,00,6,0,0.00,
2538,141,737,02,B,00,6,0,0.00,
2539,141,47,02,B,00,7,0,0.00,
2540,141,677,02,B,00,7,0,0.00,
2541,141,128,02,B,00,8,0,0.00,
2542,141,777,02,B,00,8,0,0.00,
2543,142,54,00,,00,1,0,0.00,
2544,142,549,00,,00,1,0,0.00,
2545,142,252,00,,00,2,0,0.00,
2546,142,550,00,,00,2,0,0.00,
2547,142,69,00,,00,3,0,0.00,
2548,142,261,00,,00,3,0,0.00,
2549,142,472,00,,00,4,0,0.00,
2550,142,858,00,,00,4,0,0.00,
2551,142,166,00,,00,5,0,0.00,
2552,142,730,00,,00,5,0,0.00,
2553,143,660,00,,00,1,0,0.00,
2554,143,717,00,,00,1,0,0.00,
2555,143,228,00,,00,2,0,0.00,
2556,143,850,00,,00,2,0,0.00,
2557,143,71,00,,00,3,0,0.00,
2558,143,495,00,,00,3,0,0.00,
2559,143,182,00,,00,4,0,0.00,
2560,143,612,00,,00,4,0,0.00,
2561,143,195,00,,00,5,0,0.00,
2562,143,589,00,,00,5,0,0.00,
2563,143,330,00,,00,6,0,0.00,
2564,143,625,00,,00,6,0,0.00,
2565,144,269,00,,06,1,0,0.00,
2566,144,268,00,,06,1,0,0.00,
2567,144,79,00,,06,2,0,0.00,
2568,144,275,00,,06,2,0,0.00,
2569,144,801,00,,06,3,0,0.00,
2570,144,947,00,,06,3,0,0.00,
2571,144,948,00,,06,4,0,0.00,
2572,144,950,00,,06,4,0,0.00,
2573,144,943,00,,06,4,0,0.00,
2574,144,946,00,,06,5,0,0.00,
2575,144,805,00,,06,5,0,0.00,
2576,144,949,00,,06,7,0,0.00,
2577,145,370,00,,00,1,0,67.50,
2578,145,421,00,,00,1,0,67.50,
2579,145,567,00,,00,2,0,63.40,
2580,145,470,00,,00,2,0,63.40,
2581,145,97,00,,00,3,0,60.40,
2582,145,4,00,,00,3,0,60.40,
2583,145,358,00,,00,4,0,0.00,
2584,145,482,00,,00,4,0,0.00,
2585,145,370,02,A,00,1,0,62.20,
2586,145,421,02,A,00,1,0,62.20,
2587,145,358,02,A,00,2,0,58.00,
2588,145,482,02,A,00,2,0,58.00,
2589,145,289,02,A,00,3,0,55.20,
2590,145,680,02,A,00,3,0,55.20,
2591,145,217,02,A,00,4,0,52.70,
2592,145,590,02,A,00,4,0,52.70,
2593,145,608,02,A,00,5,0,39.00,
2594,145,738,02,A,00,5,0,39.00,
2595,145,470,02,B,00,1,0,69.80,
2596,145,567,02,B,00,1,0,69.80,
2597,145,97,02,B,00,2,0,60.60,
2598,145,4,02,B,00,2,0,60.60,
2599,145,262,02,B,00,3,0,52.70,
2600,145,887,02,B,00,3,0,52.70,
2601,145,708,02,B,00,4,0,46.60,
2602,145,191,02,B,00,4,0,46.60,
2603,145,944,02,B,00,5,0,33.60,
2604,145,964,02,B,00,5,0,33.60,
2605,145,680,00,,03,1,0,62.50,
2606,145,421,00,,03,1,0,62.50,
2607,145,289,00,,03,2,0,60.50,
2608,145,470,00,,03,2,0,60.50,
2609,145,944,00,,03,3,0,54.10,
2610,145,482,00,,03,3,0,54.10,
2611,145,964,00,,03,4,0,46.50,
2612,145,887,00,,03,4,0,46.50,
2613,146,191,00,,06,1,0,0.00,
2614,146,4,00,,06,1,0,0.00,
2615,146,207,00,,06,2,0,0.00,
2616,146,867,00,,06,2,0,0.00,
2617,146,859,00,,06,3,0,0.00,
2618,146,132,00,,06,4,0,0.00,
2619,146,424,00,,06,4,0,0.00,
2620,146,276,00,,06,5,0,0.00,
2621,146,246,00,,06,6,0,0.00,
2622,146,335,00,,06,6,0,0.00,
2623,146,1281,00,,06,3,0,0.00,
2624,146,1282,00,,06,3,0,0.00,
2625,146,1283,00,,06,5,0,0.00,
2626,147,268,00,,00,1,0,0.00,
2627,147,269,00,,00,1,0,0.00,
2628,147,362,00,,00,2,0,0.00,
2629,147,370,00,,00,2,0,0.00,
2630,147,79,00,,00,3,0,0.00,
2631,147,280,00,,00,3,0,0.00,
2632,147,224,00,,00,4,0,0.00,
2633,147,430,00,,00,4,0,0.00,
2634,147,645,00,,00,5,0,0.00,
2635,147,138,00,,00,6,0,0.00,
2636,147,697,00,,00,6,0,0.00,
2637,147,971,00,,00,7,0,0.00,
2638,147,884,00,,00,7,0,0.00,
2639,147,436,00,,00,8,0,0.00,
2640,147,946,00,,00,8,0,0.00,
2641,147,594,00,,00,9,0,0.00,
2642,147,875,00,,00,9,0,0.00,
2643,147,1284,00,,00,5,0,0.00,
2644,147,362,00,,02,1,0,0.00,
2645,147,370,00,,02,1,0,0.00,
2646,147,430,00,,02,1,0,0.00,
2647,147,268,00,,02,2,0,0.00,
2648,147,269,00,,02,2,0,0.00,
2649,147,280,00,,02,2,0,0.00,
2650,147,594,00,,02,3,0,0.00,
2651,147,645,00,,02,3,0,0.00,
2652,147,946,00,,02,3,0,0.00,
2653,147,224,00,,02,4,4,0.00,
2654,147,436,00,,02,4,4,0.00,
2655,147,875,00,,02,4,4,0.00,
2656,147,138,00,,02,5,4,0.00,
2657,147,697,00,,02,5,4,0.00,
2658,147,971,00,,02,5,4,0.00,
2659,148,908,00,,00,1,0,0.00,
2660,148,145,00,,00,1,0,0.00,
2661,148,919,00,,00,2,0,0.00,
2662,148,912,00,,00,3,0,0.00,
2663,148,913,00,,00,4,0,0.00,
2664,148,910,00,,00,2,0,0.00,
2665,148,1285,00,,00,3,0,0.00,
2666,148,1286,00,,00,4,0,0.00,
2667,149,567,00,,06,1,0,64.00,
2668,149,473,00,,06,1,0,64.00,
2669,149,421,00,,06,2,0,56.40,
2670,149,441,00,,06,2,0,56.40,
2671,149,461,00,,06,3,0,55.50,
2672,149,315,00,,06,3,0,55.50,
2673,149,128,00,,06,4,0,55.40,
2674,149,442,00,,06,4,0,55.40,
2675,149,495,00,,06,5,0,48.90,
2676,149,667,00,,06,5,0,48.90,
2677,149,339,00,,06,6,0,39.00,
2678,149,711,00,,06,6,0,39.00,
2679,149,699,00,,06,6,0,39.00,
2680,149,567,02,A,06,1,0,70.60,
2681,149,473,02,A,06,1,0,70.60,
2682,149,461,02,A,06,2,0,59.70,
2683,149,315,02,A,06,2,0,59.70,
2684,149,495,02,A,06,3,0,48.90,
2685,149,667,02,A,06,3,0,48.90,
2686,149,162,02,A,06,4,0,47.60,
2687,149,614,02,A,06,4,0,47.60,
2688,149,354,02,A,06,5,0,42.30,
2689,149,946,02,A,06,5,0,42.30,
2690,149,421,02,B,06,1,0,60.60,
2691,149,441,02,B,06,1,0,60.60,
2692,149,128,02,B,06,2,0,53.30,
2693,149,442,02,B,06,2,0,53.30,
2694,149,339,02,B,06,3,0,44.70,
2695,149,711,02,B,06,3,0,44.70,
2696,149,85,02,B,06,4,0,40.60,
2697,149,611,02,B,06,4,0,40.60,
2698,149,124,02,B,06,5,0,40.00,
2699,149,815,02,B,06,5,0,40.00,
2700,149,828,02,B,06,5,0,40.00,
2701,149,1281,02,B,06,6,0,36.40,
2702,149,1282,02,B,06,6,0,36.40,
2703,150,140,00,,00,1,0,72.10,
2704,150,473,00,,00,1,0,72.10,
2705,150,370,00,,00,2,0,70.60,
2706,150,421,00,,00,2,0,70.60,
2707,150,567,00,,00,3,0,66.70,
2708,150,675,00,,00,3,0,66.70,
2709,150,268,00,,00,4,0,66.60,
2710,150,269,00,,00,4,0,66.60,
2711,150,710,00,,00,5,0,66.10,
2712,150,470,00,,00,5,0,66.10,
2713,150,461,00,,00,6,6,58.90,
2714,150,315,00,,00,6,6,58.90,
2715,150,737,00,,00,7,6,58.90,
2716,150,887,00,,00,7,6,58.90,
2717,150,662,00,,00,8,0,55.80,
2718,150,65,00,,00,8,0,55.80,
2719,150,710,00,,02,1,0,71.80,
2720,150,140,00,,02,1,0,71.80,
2721,150,473,00,,02,1,0,71.80,
2722,150,737,00,,02,2,0,69.30,
2723,150,421,00,,02,2,0,69.30,
2724,150,887,00,,02,2,0,69.30,
2725,150,370,00,,02,3,0,68.60,
2726,150,470,00,,02,3,0,68.60,
2727,150,567,00,,02,3,0,68.60,
2728,150,508,00,,02,4,0,63.60,
2729,150,482,00,,02,4,0,63.60,
2730,150,442,00,,02,4,0,63.60,
2731,150,461,00,,02,5,0,58.80,
2732,150,314,00,,02,5,0,58.80,
2733,150,777,00,,02,5,0,58.80,
2734,150,308,00,,02,6,0,50.90,
2735,150,662,00,,02,6,0,50.90,
2736,150,65,00,,02,6,0,50.90,
2737,150,268,00,,02,7,0,43.80,
2738,150,269,00,,02,7,0,43.80,
2739,150,79,00,,02,7,0,43.80,
2740,150,4,00,,02,8,0,0.00,
2741,150,97,00,,02,8,0,0.00,
2742,150,262,00,,02,8,0,0.00,
2743,150,887,00,,03,1,0,66.00,
2744,150,680,00,,03,2,0,60.70,
2745,150,567,00,,03,2,0,60.70,
2746,150,667,00,,03,3,0,59.60,
2747,150,370,00,,03,3,0,59.60,
2748,150,163,00,,03,4,0,58.40,
2749,150,421,00,,03,4,0,58.40,
2750,150,367,00,,03,5,0,53.40,
2751,150,140,00,,03,5,0,53.40,
2752,150,289,00,,03,6,0,53.00,
2753,150,470,00,,03,6,0,53.00,
2754,150,486,00,,03,1,0,66.00,
2755,150,47,00,,01,1,0,66.00,
2756,150,521,00,,01,1,0,66.00,
2757,150,441,00,,01,2,0,64.40,
2758,150,367,00,,01,2,0,64.40,
2759,150,680,00,,01,3,0,52.60,
2760,150,980,00,,01,3,0,52.60,
2761,150,667,00,,01,4,0,51.70,
2762,150,289,00,,01,4,0,51.70,
2763,150,680,00,,10,1,0,40.28,
2764,150,980,00,,10,2,0,32.69,
2765,150,949,00,,10,3,0,23.73,
2766,150,1288,00,,09,1,0,30.06,
2767,153,710,00,,00,1,0,86.80,
2768,153,737,00,,00,1,0,86.80,
2769,153,370,00,,00,2,0,83.00,
2770,153,649,00,,00,2,0,83.00,
2771,153,470,00,,00,3,0,81.40,
2772,153,567,00,,00,3,0,81.40,
2773,153,308,00,,00,4,0,78.90,
2774,153,887,00,,00,4,0,78.90,
2775,153,461,00,,00,5,0,76.90,
2776,153,883,00,,00,5,0,76.90,
2777,153,482,00,,00,6,0,75.60,
2778,153,675,00,,00,6,0,75.60,
2779,153,103,00,,00,7,0,68.80,
2780,153,780,00,,00,7,0,68.80,
2781,153,65,00,,00,8,0,68.10,
2782,153,662,00,,00,8,0,68.10,
2783,153,308,04,A,00,1,0,73.30,
2784,153,887,04,A,00,1,0,73.30,
2785,153,710,04,A,00,2,0,70.80,
2786,153,737,04,A,00,2,0,70.80,
2787,153,461,04,A,00,3,0,66.90,
2788,153,883,04,A,00,3,0,66.90,
2789,153,482,04,A,00,4,0,62.60,
2790,153,675,04,A,00,4,0,62.60,
2791,153,594,04,A,00,5,0,51.50,
2792,153,645,04,A,00,5,0,51.50,
2793,153,79,04,A,00,6,0,50.10,
2794,153,442,04,A,00,6,0,50.10,
2795,153,370,04,B,00,1,0,65.40,
2796,153,649,04,B,00,1,0,65.40,
2797,153,470,04,B,00,2,0,57.80,
2798,153,567,04,B,00,2,0,57.80,
2799,153,103,04,B,00,3,0,52.90,
2800,153,780,04,B,00,3,0,52.90,
2801,153,65,04,B,00,4,0,47.20,
2802,153,662,04,B,00,4,0,47.20,
2803,153,268,04,B,00,5,0,45.60,
2804,153,269,04,B,00,5,0,45.60,
2805,153,436,04,B,00,6,0,45.50,
2806,153,866,04,B,00,6,0,45.50,
2807,153,328,04,B,00,7,0,44.90,
2808,153,708,04,B,00,7,0,44.90,
2809,153,47,00,,03,1,0,79.40,
2810,153,710,00,,03,1,0,79.40,
2811,153,441,00,,03,2,0,72.80,
2812,153,442,00,,03,2,0,72.80,
2813,153,328,00,,03,3,0,72.40,
2814,153,706,00,,03,3,0,72.40,
2815,153,367,00,,03,4,0,71.40,
2816,153,737,00,,03,4,0,71.40,
2817,153,370,00,,03,5,0,71.30,
2818,153,667,00,,03,5,0,71.30,
2819,153,486,00,,03,6,0,67.90,
2820,153,675,00,,03,6,0,67.90,
2821,153,470,00,,03,7,0,67.40,
2822,153,677,00,,03,7,0,67.40,
2823,153,163,00,,03,8,0,62.10,
2824,153,461,00,,03,8,0,62.10,
2825,153,436,00,,03,9,10,0.00,
2826,153,875,00,,03,9,10,0.00,
2827,153,645,00,,03,10,9,0.00,
2828,153,1290,00,,03,10,9,0.00,
2829,153,47,00,,01,1,0,71.20,
2830,153,667,00,,01,1,0,71.20,
2831,153,367,00,,01,2,0,62.00,
2832,153,486,00,,01,2,0,62.00,
2833,153,163,00,,01,3,0,60.20,
2834,153,677,00,,01,3,0,60.20,
2835,153,441,00,,01,4,0,56.70,
2836,153,706,00,,01,4,0,56.70,
2837,153,832,00,,09,1,0,43.60,
2838,153,1291,00,,09,2,0,38.20,
2839,153,1290,00,,09,3,0,36.10,
2840,153,1292,00,,09,4,0,31.40,
2841,154,411,00,,00,1,0,0.00,
2842,154,30,00,,00,1,0,0.00,
2843,154,210,00,,00,2,0,0.00,
2844,154,690,00,,00,2,0,0.00,
2845,154,852,00,,00,3,0,0.00,
2846,154,774,00,,00,3,0,0.00,
2847,154,410,00,,00,4,0,0.00,
2848,154,401,00,,00,4,0,0.00,
2849,154,53,00,,00,5,0,0.00,
2850,154,389,00,,00,5,0,0.00,
2851,154,333,00,,00,6,0,0.00,
2852,154,678,00,,00,6,0,0.00,
2853,154,46,00,,00,7,0,0.00,
2854,154,302,00,,00,7,0,0.00,
2855,154,105,00,,00,8,0,0.00,
2856,154,349,00,,00,8,0,0.00,
2857,154,241,00,,00,9,9,0.00,
2858,154,409,00,,00,9,9,0.00,
2859,154,546,00,,00,10,9,0.00,
2860,154,91,00,,00,10,9,0.00,
2861,154,609,00,,00,11,9,0.00,
2862,154,1293,00,,00,11,9,0.00,
2863,154,414,00,,00,12,9,0.00,
2864,154,98,00,,00,12,9,0.00,
2865,154,578,00,,00,13,13,0.00,
2866,154,704,00,,00,13,13,0.00,
2867,154,1268,00,,00,14,13,0.00,
2868,154,408,00,,00,14,13,0.00,
2869,154,312,00,,00,15,13,0.00,
2870,154,238,00,,00,15,13,0.00,
2871,154,478,00,,01,1,0,0.00,
2872,154,1294,00,,01,1,0,0.00,
2873,154,1295,00,,01,2,0,0.00,
2874,154,1296,00,,01,2,0,0.00,
2875,154,1297,00,,01,3,0,0.00,
2876,154,1298,00,,01,3,0,0.00,
2877,154,433,00,,01,4,0,0.00,
2878,154,1299,00,,01,4,0,0.00,
2879,154,1301,00,,01,5,0,0.00,
2880,154,1302,00,,01,5,0,0.00,
2881,154,1300,00,,01,6,0,0.00,
2882,154,1194,00,,01,6,0,0.00,
2883,132,1078,00,,00,1,0,0.00,
2884,132,969,00,,00,2,0,0.00,
2885,132,1125,00,,00,3,0,0.00,"Spirit award winner!"
2886,132,1210,00,,00,3,0,0.00,
2887,132,1082,00,,00,4,0,0.00,
2888,132,1304,00,,00,1,0,0.00,
2889,132,1305,00,,00,2,0,0.00,
2890,132,1306,00,,00,4,0,0.00,
2891,113,508,00,,00,1,0,15.20,"This team pulled off a hot routine that edged out the 2nd place team by 1/10 of a point."
2892,113,746,00,,00,1,0,15.20,
2893,113,649,00,,00,2,0,15.10,"These guys almost edged out the first place team with great flow and the move of the event by Mikey."
2894,113,864,00,,00,2,0,15.10,
2895,113,79,00,,00,3,0,12.90,"Some awesome foot brushes by Bob and some great play by Jamie too."
2896,113,128,00,,00,3,0,12.90,
2897,113,407,00,,00,4,0,11.60,"These guys out skied everyone during the day and still shredded at night!"
2898,113,855,00,,00,4,0,11.60,
2899,125,1077,02,,06,1,0,6.00,
2900,125,924,02,,06,1,0,6.00,
2901,125,913,02,,06,2,0,6.00,
2902,125,930,02,,06,2,0,6.00,
2903,125,912,02,,06,3,0,6.00,
2904,125,923,02,,06,4,0,6.00,
2905,125,936,02,,06,4,0,6.00,
2906,125,934,02,,06,5,0,5.00,
2907,125,927,02,,06,6,0,5.00,
2908,125,1255,02,,06,6,0,5.00,
2909,125,1312,02,,06,3,0,6.00,
2910,125,1313,02,,06,5,0,5.00,
2911,125,913,00,,06,1,0,7.00,
2912,125,930,00,,06,1,0,7.00,
2913,125,912,00,,06,2,0,7.00,
2914,125,1312,00,,06,2,0,7.00,
2915,125,1077,00,,06,3,0,6.00,
2916,125,924,00,,06,3,0,6.00,
2917,125,1253,00,,06,4,0,6.00,
2918,125,936,00,,06,4,0,6.00,
2919,125,934,00,,06,5,0,6.00,
2920,125,1313,00,,06,5,0,6.00,
2921,125,927,00,,06,6,0,5.00,
2922,125,1255,00,,06,6,0,5.00,
2923,100,909,00,,04,1,0,0.00,
2924,100,908,00,,04,2,0,0.00,
2925,100,923,00,,04,3,0,0.00,
2926,100,913,00,,04,4,0,0.00,
2927,100,914,00,,04,5,0,0.00,
2928,100,912,00,,04,6,0,0.00,
2929,100,1081,00,,04,7,0,0.00,
2930,100,925,00,,04,8,0,0.00,
2931,100,933,00,,04,9,0,0.00,
2932,100,1214,00,,04,10,0,0.00,
2933,100,927,00,,04,11,0,0.00,
2934,100,1067,00,,04,12,0,0.00,
2935,100,929,00,,04,13,0,0.00,
2936,100,926,00,,04,14,0,0.00,
2937,100,930,00,,04,15,0,0.00,
2938,100,921,00,,04,17,0,0.00,
2939,100,934,00,,04,18,0,0.00,
2940,100,928,00,,04,19,0,0.00,
2941,100,936,00,,04,20,0,0.00,
2942,100,931,00,,04,21,0,0.00,
2943,100,915,00,,04,22,0,0.00,
2944,100,1314,00,,04,16,0,0.00,
2945,100,1315,00,,07,1,0,0.00,"Intermediate Division"
2946,100,935,00,,07,2,0,0.00,
2947,100,1313,00,,07,3,0,0.00,
2948,100,1316,00,,07,4,0,0.00,
2949,100,1312,00,,07,5,5,0.00,
2950,100,1317,00,,07,6,5,0.00,
2951,100,1318,00,,07,7,0,0.00,
2952,100,1319,00,,07,8,8,0.00,
2953,100,1320,00,,07,9,8,0.00,
2954,150,140,02,A,00,1,0,69.10,
2955,150,473,02,A,00,1,0,69.10,
2956,150,370,02,A,00,2,0,64.50,
2957,150,421,02,A,00,2,0,64.50,
2958,150,315,02,A,00,3,0,57.90,
2959,150,461,02,A,00,3,0,57.90,
2960,150,65,02,A,00,4,0,57.60,
2961,150,662,02,A,00,4,0,57.60,
2962,150,97,02,A,00,5,0,57.20,
2963,150,442,02,A,00,5,0,57.20,
2964,150,4,02,A,00,6,0,54.30,
2965,150,482,02,A,00,6,0,54.30,
2966,150,262,02,A,00,7,0,47.40,
2967,150,667,02,A,00,7,0,47.40,
2968,150,328,02,A,00,8,0,44.50,
2969,150,645,02,A,00,8,0,44.50,
2970,150,470,02,B,00,1,0,63.80,
2971,150,710,02,B,00,1,0,63.80,
2972,150,268,02,B,00,2,2,60.26,
2973,150,269,02,B,00,2,2,60.26,
2974,150,567,02,B,00,3,2,60.26,
2975,150,675,02,B,00,3,2,60.26,
2976,150,737,02,B,00,4,0,56.86,
2977,150,887,02,B,00,4,0,56.86,
2978,150,708,02,B,00,5,0,53.33,
2979,150,866,02,B,00,5,0,53.33,
2980,150,508,02,B,00,6,0,53.06,
2981,150,712,02,B,00,6,0,53.06,
2982,150,128,02,B,00,7,0,49.26,
2983,150,308,02,B,00,7,0,49.26,
2984,150,48,02,B,00,8,0,0.00,
2985,150,777,02,B,00,8,0,0.00,
2986,150,140,04,A,00,1,0,70.70,
2987,150,473,04,A,00,1,0,70.70,
2988,150,268,04,A,00,2,0,59.60,
2989,150,269,04,A,00,2,0,59.60,
2990,150,128,04,A,00,3,0,52.30,
2991,150,308,04,A,00,3,0,52.30,
2992,150,508,04,A,00,4,0,48.30,
2993,150,712,04,A,00,4,0,48.30,
2994,150,79,04,A,00,5,0,44.70,
2995,150,1048,04,A,00,5,0,44.70,
2996,150,567,04,B,00,1,0,64.50,
2997,150,675,04,B,00,1,0,64.50,
2998,150,370,04,B,00,2,0,64.10,
2999,150,421,04,B,00,2,0,64.10,
3000,150,262,04,B,00,3,0,52.50,
3001,150,667,04,B,00,3,0,52.50,
3002,150,328,04,B,00,4,0,51.90,
3003,150,645,04,B,00,4,0,51.90,
3004,150,1200,04,B,00,5,0,44.60,
3005,150,281,04,B,00,5,0,44.60,
3006,150,470,04,C,00,1,0,61.40,
3007,150,710,04,C,00,1,0,61.40,
3008,150,315,04,C,00,2,0,59.30,
3009,150,461,04,C,00,2,0,59.30,
3010,150,4,04,C,00,3,0,58.30,
3011,150,482,04,C,00,3,0,58.30,
3012,150,48,04,C,00,4,0,52.60,
3013,150,777,04,C,00,4,0,52.60,
3014,150,97,04,D,00,1,0,59.08,
3015,150,442,04,D,00,1,0,59.08,
3016,150,737,04,D,00,2,0,58.25,
3017,150,887,04,D,00,2,0,58.25,
3018,150,708,04,D,00,3,0,57.14,
3019,150,866,04,D,00,3,0,57.14,
3020,150,65,04,D,00,4,0,51.30,
3021,150,662,04,D,00,4,0,51.30,
3022,150,994,04,D,00,5,0,42.78,
3023,150,841,04,D,00,5,0,42.78,
3024,150,442,02,A,02,1,0,61.90,
3025,150,482,02,A,02,1,0,61.90,
3026,150,508,02,A,02,1,0,61.90,
3027,150,421,02,A,02,2,0,60.00,
3028,150,737,02,A,02,2,0,60.00,
3029,150,887,02,A,02,2,0,60.00,
3030,150,65,02,A,02,3,0,57.00,
3031,150,308,02,A,02,3,0,57.00,
3032,150,662,02,A,02,3,0,57.00,
3033,150,79,02,A,02,4,0,54.60,
3034,150,268,02,A,02,4,0,54.60,
3035,150,269,02,A,02,4,0,54.60,
3036,150,328,02,A,02,5,0,50.30,
3037,150,486,02,A,02,5,0,50.30,
3038,150,441,02,A,02,5,0,50.30,
3039,150,1200,02,A,02,6,0,45.40,
3040,150,281,02,A,02,6,0,45.40,
3041,150,289,02,A,02,6,0,45.40,
3042,150,645,02,A,02,7,0,32.30,
3043,150,712,02,A,02,7,0,32.30,
3044,150,946,02,A,02,7,0,32.30,
3045,150,140,02,B,02,1,0,70.18,
3046,150,473,02,B,02,1,0,70.18,
3047,150,710,02,B,02,1,0,70.18,
3048,150,370,02,B,02,2,0,68.20,
3049,150,470,02,B,02,2,0,68.20,
3050,150,567,02,B,02,2,0,68.20,
3051,150,315,02,B,02,3,0,62.00,
3052,150,461,02,B,02,3,0,62.00,
3053,150,777,02,B,02,3,0,62.00,
3054,150,4,02,B,02,4,0,60.92,
3055,150,97,02,B,02,4,0,60.92,
3056,150,262,02,B,02,4,0,60.92,
3057,150,675,02,B,02,5,0,57.00,
3058,150,367,02,B,02,5,0,57.00,
3059,150,841,02,B,02,5,0,57.00,
3060,150,48,02,B,02,6,0,54.14,
3061,150,128,02,B,02,6,0,54.14,
3062,150,994,02,B,02,6,0,54.14,
3063,150,1048,02,B,02,7,0,51.28,
3064,150,708,02,B,02,7,0,51.28,
3065,150,866,02,B,02,7,0,51.28,
3066,150,980,02,B,02,8,0,50.68,
3067,150,680,02,B,02,8,0,50.68,
3068,150,681,02,B,02,8,0,50.68,
3069,150,163,02,A,03,1,0,0.00,
3070,150,421,02,A,03,1,0,0.00,
3071,150,667,02,A,03,2,0,0.00,
3072,150,370,02,A,03,2,0,0.00,
3073,150,367,02,A,03,3,0,0.00,
3074,150,140,02,A,03,3,0,0.00,
3075,150,441,02,A,03,4,0,0.00,
3076,150,442,02,A,03,4,0,0.00,
3077,150,486,02,B,03,1,0,0.00,
3078,150,887,02,B,03,1,0,0.00,
3079,150,289,02,B,03,2,0,0.00,
3080,150,470,02,B,03,2,0,0.00,
3081,150,680,02,B,03,3,0,0.00,
3082,150,567,02,B,03,3,0,0.00,
3083,150,47,02,B,03,4,0,0.00,
3084,150,710,02,B,03,4,0,0.00,
3085,150,441,02,,01,1,0,0.00,
3086,150,367,02,,01,1,0,0.00,
3087,150,47,02,,01,2,0,0.00,
3088,150,521,02,,01,2,0,0.00,
3089,150,667,02,,01,3,0,0.00,
3090,150,289,02,,01,3,0,0.00,
3091,150,980,02,,01,4,0,0.00,
3092,150,680,02,,01,4,0,0.00,
3093,150,163,02,,01,5,0,0.00,
3094,150,486,02,,01,5,0,0.00,
3095,150,943,02,,01,6,0,0.00,
3096,150,949,02,,01,6,0,0.00,
3097,150,680,04,,10,1,0,34.28,
3098,150,980,04,,10,2,0,28.23,
3099,150,949,04,,10,3,0,21.45,
3100,150,1288,04,,09,1,0,25.85,
3101,172,97,00,,04,1,0,0.00,
3102,172,698,00,,04,2,0,0.00,
3103,172,947,00,,04,3,0,0.00,
3104,172,482,00,,04,4,0,0.00,
3105,172,680,00,,04,5,0,0.00,
3106,172,708,00,,04,6,0,0.00,
3107,172,801,00,,04,7,0,0.00,
3108,172,681,00,,04,8,0,0.00,
3109,172,142,00,,04,9,0,0.00,
3110,172,369,00,,04,10,0,0.00,
3111,172,97,00,,00,1,0,0.00,
3112,172,866,00,,00,1,0,0.00,
3113,172,482,00,,00,2,0,0.00,
3114,172,698,00,,00,2,0,0.00,
3115,172,118,00,,00,3,0,0.00,
3116,172,375,00,,00,3,0,0.00,
3117,172,980,00,,00,4,0,0.00,
3118,172,680,00,,00,4,0,0.00,
3119,172,142,00,,00,5,0,0.00,
3120,172,801,00,,00,5,0,0.00,
3121,172,369,00,,00,6,0,0.00,
3122,172,416,00,,00,6,0,0.00,
3123,172,950,00,,00,7,0,0.00,
3124,172,947,00,,00,7,0,0.00,
3125,172,97,00,,02,1,0,0.00,"Random Co-Op"
3126,172,698,00,,02,1,0,0.00,
3127,172,801,00,,02,1,0,0.00,
3128,172,375,00,,02,2,0,0.00,
3129,172,950,00,,02,2,0,0.00,
3130,172,947,00,,02,2,0,0.00,
3131,172,118,00,,02,3,0,0.00,
3132,172,416,00,,02,3,0,0.00,
3133,172,866,00,,02,3,0,0.00,
3134,172,142,00,,02,4,0,0.00,
3135,172,369,00,,02,4,0,0.00,
3136,172,482,00,,02,4,0,0.00,
3137,172,964,00,,03,1,0,0.00,
3138,172,708,00,,03,1,0,0.00,
3139,172,97,00,,03,2,0,0.00,
3140,172,680,00,,03,2,0,0.00,
3141,172,1321,00,,03,3,0,0.00,
3142,172,866,00,,03,3,0,0.00,
3143,172,980,00,,03,4,0,0.00,
3144,172,681,00,,03,4,0,0.00,
3145,173,140,00,,06,1,0,0.00,
3146,173,473,00,,06,1,0,0.00,
3147,173,567,00,,06,1,0,0.00,
3148,173,289,00,,06,2,0,0.00,
3149,173,461,00,,06,2,0,0.00,
3150,173,994,00,,06,3,0,0.00,
3151,173,269,00,,06,3,0,0.00,
3152,174,258,00,,06,1,0,0.00,
3153,174,739,00,,06,1,0,0.00,
3154,174,698,00,,06,2,0,0.00,
3155,174,97,00,,06,2,0,0.00,
3156,174,460,00,,06,3,0,0.00,
3157,174,85,00,,06,3,0,0.00,
3158,174,157,00,,06,4,0,0.00,
3159,174,608,00,,06,4,0,0.00,
3160,174,814,00,,06,5,0,0.00,
3161,174,1098,00,,06,5,0,0.00,
3162,174,149,00,,06,6,0,0.00,
3163,174,150,00,,06,6,0,0.00,
3164,174,451,00,,06,6,0,0.00,
3165,174,295,00,,06,7,0,0.00,
3166,174,768,00,,06,7,0,0.00,
3167,174,263,00,,06,8,0,0.00,
3168,174,339,00,,06,8,0,0.00,
3169,174,658,00,,06,8,0,0.00,
3170,174,534,00,,06,9,0,0.00,
3171,174,760,00,,06,9,0,0.00,
3172,174,765,00,,06,10,0,0.00,
3173,174,296,00,,06,10,0,0.00,
3174,174,1011,00,,06,10,0,0.00,
3175,175,370,00,,06,1,0,0.00,
3176,175,421,00,,06,1,0,0.00,
3177,175,852,00,,06,1,0,0.00,
3178,175,442,00,,06,2,0,0.00,
3179,175,470,00,,06,2,0,0.00,
3180,175,887,00,,06,2,0,0.00,
3181,175,145,00,,06,3,0,0.00,
3182,175,210,00,,06,3,0,0.00,
3183,175,892,00,,06,3,0,0.00,
3184,175,289,00,,06,4,0,0.00,
3185,175,495,00,,06,4,0,0.00,
3186,175,79,00,,06,5,0,0.00,
3187,175,441,00,,06,5,0,0.00,
3188,175,700,00,,06,5,0,0.00,
3189,175,243,00,,06,6,0,0.00,
3190,175,44,00,,06,6,0,0.00,
3191,175,504,00,,06,6,0,0.00,
3192,175,145,04,A,06,1,0,0.00,
3193,175,210,04,A,06,1,0,0.00,
3194,175,892,04,A,06,1,0,0.00,
3195,175,370,04,A,06,2,0,0.00,
3196,175,421,04,A,06,2,0,0.00,
3197,175,852,04,A,06,2,0,0.00,
3198,175,964,04,A,06,3,0,0.00,
3199,175,708,04,A,06,3,0,0.00,
3200,175,289,04,A,06,4,0,0.00,
3201,175,495,04,A,06,4,0,0.00,
3202,175,981,04,A,06,5,0,0.00,
3203,175,982,04,A,06,5,0,0.00,
3204,175,1268,04,A,06,6,0,0.00,
3205,175,442,04,B,06,1,0,0.00,
3206,175,470,04,B,06,1,0,0.00,
3207,175,887,04,B,06,1,0,0.00,
3208,175,243,04,B,06,2,0,0.00,
3209,175,44,04,B,06,2,0,0.00,
3210,175,504,04,B,06,2,0,0.00,
3211,175,79,04,B,06,3,0,0.00,
3212,175,441,04,B,06,3,0,0.00,
3213,175,700,04,B,06,3,0,0.00,
3214,175,1102,04,B,06,4,0,0.00,
3215,175,948,04,B,06,4,0,0.00,
3216,175,79,01,,06,1,0,0.00,
3217,175,441,01,,06,1,0,0.00,
3218,175,700,01,,06,1,0,0.00,
3219,175,289,01,,06,2,0,0.00,
3220,175,495,01,,06,2,0,0.00,
3221,175,964,01,,06,3,0,0.00,
3222,175,708,01,,06,3,0,0.00,
3223,175,1102,01,,06,4,0,0.00,
3224,175,948,01,,06,4,0,0.00,
3225,175,981,01,,06,6,5,0.00,
3226,175,982,01,,06,6,5,0.00,
3227,175,370,02,,06,1,0,0.00,
3228,175,421,02,,06,1,0,0.00,
3229,175,852,02,,06,1,0,0.00,
3230,175,442,02,,06,2,0,0.00,
3231,175,470,02,,06,2,0,0.00,
3232,175,887,02,,06,2,0,0.00,
3233,175,145,02,,06,3,0,0.00,
3234,175,210,02,,06,3,0,0.00,
3235,175,892,02,,06,3,0,0.00,
3236,175,289,02,,06,4,0,0.00,
3237,175,495,02,,06,4,0,0.00,
3238,175,79,02,,06,5,0,0.00,
3239,175,441,02,,06,5,0,0.00,
3240,175,700,02,,06,5,0,0.00,
3241,175,243,02,,06,6,0,0.00,
3242,175,44,02,,06,6,0,0.00,
3243,175,504,02,,06,6,0,0.00,
3244,176,421,00,,00,1,0,0.00,
3245,176,358,00,,00,1,0,0.00,
3246,176,698,00,,00,2,0,0.00,
3247,176,4,00,,00,2,0,0.00,
3248,176,608,00,,00,3,0,0.00,
3249,176,738,00,,00,3,0,0.00,
3250,176,421,00,,03,1,0,0.00,
3251,176,944,00,,03,1,0,0.00,
3252,177,982,00,,00,1,0,0.00,
3253,178,144,00,,00,1,0,0.00,
3254,178,370,00,,00,1,0,0.00,
3255,178,421,00,,00,2,0,0.00,
3256,178,482,00,,00,2,0,0.00,
3257,178,698,00,,00,3,0,0.00,
3258,178,36,00,,00,3,0,0.00,
3259,178,708,00,,00,4,0,0.00,
3260,178,608,00,,00,4,0,0.00,
3261,178,1032,00,,00,5,0,0.00,
3262,178,1323,00,,00,5,0,0.00,
3263,179,489,00,,06,1,0,0.00,
3264,179,508,00,,06,1,0,0.00,
3265,179,712,00,,06,1,0,0.00,
3266,179,195,00,,06,2,0,0.00,
3267,179,271,00,,06,2,0,0.00,
3268,179,1324,00,,06,3,0,0.00,
3269,179,1325,00,,06,3,0,0.00,
3270,179,733,00,,06,3,0,0.00,
3271,179,1326,00,,06,4,0,0.00,
3272,179,1327,00,,06,4,0,0.00,
3273,180,280,00,,00,1,0,0.00,
3274,180,470,00,,00,1,0,0.00,
3275,180,430,00,,00,2,0,0.00,
3276,180,697,00,,00,2,0,0.00,
3277,180,777,00,,00,3,0,0.00,
3278,180,994,00,,00,3,0,0.00,
3279,180,645,00,,00,4,0,0.00,
3280,180,594,00,,00,4,0,0.00,
3281,180,946,00,,00,5,0,0.00,
3282,180,436,00,,00,5,0,0.00,
3283,180,594,00,,02,1,0,0.00,
3284,180,280,00,,02,1,0,0.00,
3285,180,470,00,,02,1,0,0.00,
3286,180,777,00,,02,2,0,0.00,
3287,180,645,00,,02,2,0,0.00,
3288,180,697,00,,02,2,0,0.00,
3289,180,946,00,,02,3,0,0.00,
3290,180,436,00,,02,3,0,0.00,
3291,180,994,00,,02,3,0,0.00,
3292,180,971,00,,02,4,0,0.00,
3293,180,138,00,,02,4,0,0.00,
3294,180,697,00,,02,4,0,0.00,
3295,181,97,00,,00,1,0,0.00,
3296,181,421,00,,00,1,0,0.00,
3297,181,667,00,,00,2,0,0.00,
3298,181,866,00,,00,2,0,0.00,
3299,181,258,00,,00,3,0,0.00,
3300,181,739,00,,00,3,0,0.00,
3301,181,708,00,,00,4,0,0.00,
3302,181,887,00,,00,4,0,0.00,
3303,181,196,00,,00,5,0,0.00,
3304,181,646,00,,00,5,0,0.00,
3305,181,118,00,,00,6,0,0.00,
3306,181,375,00,,00,6,0,0.00,
3307,182,649,00,,00,1,0,0.00,
3308,182,470,00,,00,1,0,0.00,
3309,182,645,00,,00,2,0,0.00,
3310,182,442,00,,00,2,0,0.00,
3311,182,706,00,,00,3,0,0.00,
3312,182,441,00,,00,3,0,0.00,
3313,182,442,00,,03,1,0,0.00,
3314,182,441,00,,03,1,0,0.00,
3315,182,649,00,,03,2,0,0.00,
3316,182,706,00,,03,2,0,0.00,
3317,183,126,00,,00,1,0,0.00,"dropless 3 minute final"
3318,183,370,00,,00,1,0,0.00,
3319,183,85,00,,00,2,0,0.00,"Harvey wins DDC w/ Randy Lahm"
3320,183,880,00,,00,2,0,0.00,
3321,183,590,00,,00,3,0,0.00,"No injury for JW this year"
3322,183,864,00,,00,3,0,0.00,
3323,183,346,00,,00,4,0,0.00,"spinning crows and more for 2 overall players"
3324,183,451,00,,00,4,0,0.00,
3325,183,296,00,,05,1,0,0.00,"Distance record holder jams!"
3326,183,1328,00,,07,1,0,0.00,"MTA Juggling was the difference"
3327,183,1329,00,,07,1,0,0.00,"foot brush throw!"
3328,183,1330,00,,07,2,0,0.00,
3329,183,1331,00,,07,2,0,0.00,
3330,184,737,00,,00,1,0,45.51,
3331,184,887,00,,00,1,0,45.51,
3332,184,140,00,,00,2,0,44.86,
3333,184,473,00,,00,2,0,44.86,
3334,184,421,00,,00,3,0,44.29,
3335,184,442,00,,00,3,0,44.29,
3336,184,370,00,,00,4,0,41.23,
3337,184,675,00,,00,4,0,41.23,
3338,184,140,02,,00,1,0,44.71,
3339,184,473,02,,00,1,0,44.71,
3340,184,421,02,,00,2,0,41.55,
3341,184,442,02,,00,2,0,41.55,
3342,184,737,02,,00,3,0,41.54,
3343,184,887,02,,00,3,0,41.54,
3344,184,370,02,,00,4,0,39.16,
3345,184,675,02,,00,4,0,39.16,
3346,184,289,02,,00,5,0,28.99,
3347,184,667,02,,00,5,0,28.99,
3348,184,495,02,,00,6,0,27.10,
3349,184,660,02,,00,6,0,27.10,
3350,184,118,02,,00,7,0,26.98,
3351,184,328,02,,00,7,0,26.98,
3352,184,508,02,,00,8,0,25.54,
3353,184,712,02,,00,8,0,25.54,
3354,184,140,00,,03,1,0,40.66,
3355,184,367,00,,03,1,0,40.66,
3356,184,289,00,,03,2,0,39.42,
3357,184,675,00,,03,2,0,39.42,
3358,184,370,00,,03,3,0,36.83,
3359,184,667,00,,03,3,0,36.83,
3360,184,441,00,,03,4,0,34.46,
3361,184,442,00,,03,4,0,34.46,
3362,184,140,02,,03,1,0,40.60,
3363,184,367,02,,03,1,0,40.60,
3364,184,442,02,,03,2,0,36.93,
3365,184,441,02,,03,2,0,36.93,
3366,184,370,02,,03,3,0,36.83,
3367,184,667,02,,03,3,0,36.83,
3368,184,675,02,,03,4,0,36.06,
3369,184,289,02,,03,4,0,36.06,
3370,184,508,02,,03,5,0,32.44,
3371,184,1009,02,,03,5,0,32.44,
3372,184,887,02,,03,6,0,30.63,
3373,184,486,02,,03,6,0,30.63,
3374,184,708,02,,03,7,0,27.46,
3375,184,964,02,,03,7,0,27.46,
3376,185,97,00,,06,1,0,49.20,"1b. Finish determined by rank in two different prelim. pools."
3377,185,698,00,,06,1,0,49.20,
3378,185,370,00,,06,2,0,47.80,2a
3379,185,597,00,,06,2,0,47.80,
3380,185,823,00,,06,2,0,47.80,
3381,185,85,00,,06,3,0,40.30,3a
3382,185,708,00,,06,3,0,40.30,
3383,185,866,00,,06,3,0,40.30,
3384,185,289,00,,06,4,0,39.10,4a
3385,185,667,00,,06,4,0,39.10,
3386,185,384,00,,06,5,0,38.90,5b
3387,185,701,00,,06,5,0,38.90,
3388,185,859,00,,06,5,0,38.90,
3389,185,124,00,,06,6,0,28.70,6b
3390,185,630,00,,06,6,0,28.70,
3391,185,92,02,,06,4,4,0.00,
3392,185,93,02,,06,4,4,0.00,
3393,185,289,02,,06,5,4,0.00,
3394,185,436,02,,06,5,4,0.00,
3395,185,75,02,,06,6,5,0.00,
3396,185,215,02,,06,6,5,0.00,
3397,185,471,02,,06,6,5,0.00,
3398,185,70,02,,06,7,5,0.00,
3399,185,339,02,,06,7,5,0.00,
3400,185,489,02,,06,7,5,0.00,
3401,185,815,02,,06,8,6,0.00,
3402,185,828,02,,06,8,6,0.00,
3403,185,1,02,,06,9,7,0.00,
3404,185,797,02,,06,9,7,0.00,
3405,185,152,02,,06,10,7,0.00,
3406,185,1332,02,,06,10,7,0.00,
3407,185,622,02,,06,10,7,0.00,
3408,185,162,02,,06,11,8,0.00,
3409,185,733,02,,06,11,8,0.00,
3410,185,946,02,,06,11,8,0.00,
3411,185,1262,02,,06,12,8,0.00,
3412,185,907,02,,06,12,8,0.00,
3413,186,140,00,,02,1,0,67.30,
3414,186,470,00,,02,1,0,67.30,
3415,186,473,00,,02,1,0,67.30,
3416,186,421,00,,02,2,0,64.40,
3417,186,737,00,,02,2,0,64.40,
3418,186,887,00,,02,2,0,64.40,
3419,186,370,00,,02,3,0,63.30,
3420,186,675,00,,02,3,0,63.30,
3421,186,710,00,,02,3,0,63.30,
3422,186,97,00,,02,4,0,55.10,
3423,186,112,00,,02,4,0,55.10,
3424,186,892,00,,02,4,0,55.10,
3425,186,442,00,,02,5,0,53.80,
3426,186,461,00,,02,5,0,53.80,
3427,186,508,00,,02,5,0,53.80,
3428,186,667,00,,02,6,0,44.70,
3429,186,708,00,,02,6,0,44.70,
3430,186,866,00,,02,6,0,44.70,
3431,186,140,02,A,02,1,0,70.60,
3432,186,470,02,A,02,1,0,70.60,
3433,186,473,02,A,02,1,0,70.60,
3434,186,97,02,A,02,2,0,62.50,
3435,186,892,02,A,02,2,0,62.50,
3436,186,112,02,A,02,2,0,62.50,
3437,186,866,02,A,02,3,0,53.30,
3438,186,708,02,A,02,3,0,53.30,
3439,186,667,02,A,02,3,0,53.30,
3440,186,701,02,A,02,4,0,47.60,
3441,186,268,02,A,02,4,0,47.60,
3442,186,269,02,A,02,4,0,47.60,
3443,186,801,02,A,02,5,0,42.30,
3444,186,947,02,A,02,5,0,42.30,
3445,186,950,02,A,02,5,0,42.30,
3446,186,144,02,A,02,6,0,38.60,
3447,186,103,02,A,02,6,0,38.60,
3448,186,780,02,A,02,6,0,38.60,
3449,186,737,02,B,02,1,0,65.50,
3450,186,887,02,B,02,1,0,65.50,
3451,186,421,02,B,02,1,0,65.50,
3452,186,675,02,B,02,2,0,62.60,
3453,186,710,02,B,02,2,0,62.60,
3454,186,370,02,B,02,2,0,62.60,
3455,186,442,02,B,02,3,0,57.00,
3456,186,461,02,B,02,3,0,57.00,
3457,186,508,02,B,02,3,0,57.00,
3458,186,486,02,B,02,4,0,51.50,
3459,186,328,02,B,02,4,0,51.50,
3460,186,482,02,B,02,4,0,51.50,
3461,186,681,02,B,02,5,0,42.90,
3462,186,680,02,B,02,5,0,42.90,
3463,186,980,02,B,02,5,0,42.90,
3464,186,712,02,B,02,6,0,42.00,
3465,186,696,02,B,02,6,0,42.00,
3466,186,697,02,B,02,6,0,42.00,
3467,186,737,00,,00,1,0,68.00,
3468,186,887,00,,00,1,0,68.00,
3469,186,675,00,,00,2,0,66.70,
3470,186,710,00,,00,2,0,66.70,
3471,186,421,00,,00,3,0,63.10,
3472,186,442,00,,00,3,0,63.10,
3473,186,112,00,,00,4,0,62.70,
3474,186,892,00,,00,4,0,62.70,
3475,186,140,00,,00,5,0,60.70,
3476,186,473,00,,00,5,0,60.70,
3477,186,370,00,,00,6,0,58.10,
3478,186,470,00,,00,6,0,58.10,
3479,186,268,00,,00,7,0,57.20,
3480,186,269,00,,00,7,0,57.20,
3481,186,97,00,,00,8,0,56.80,
3482,186,461,00,,00,8,0,56.80,
3483,186,140,02,A,00,1,0,59.90,
3484,186,473,02,A,00,1,0,59.90,
3485,186,737,02,A,00,2,0,58.30,
3486,186,887,02,A,00,2,0,58.30,
3487,186,268,02,A,00,3,0,57.10,
3488,186,269,02,A,00,3,0,57.10,
3489,186,97,02,A,00,4,0,54.80,
3490,186,461,02,A,00,4,0,54.80,
3491,186,328,02,A,00,5,0,53.70,
3492,186,482,02,A,00,5,0,53.70,
3493,186,801,02,A,00,6,0,48.60,
3494,186,947,02,A,00,6,0,48.60,
3495,186,712,02,A,00,7,0,46.30,
3496,186,430,02,A,00,7,0,46.30,
3497,186,103,02,A,00,8,0,0.00,Scratch
3498,186,780,02,A,00,8,0,0.00,
3499,186,370,02,B,00,1,0,66.50,
3500,186,470,02,B,00,1,0,66.50,
3501,186,421,02,B,00,2,0,66.30,
3502,186,442,02,B,00,2,0,66.30,
3503,186,112,02,B,00,3,0,64.40,
3504,186,892,02,B,00,3,0,64.40,
3505,186,675,02,B,00,4,0,64.00,
3506,186,710,02,B,00,4,0,64.00,
3507,186,508,02,B,00,5,0,56.70,
3508,186,144,02,B,00,5,0,56.70,
3509,186,701,02,B,00,6,0,51.80,
3510,186,384,02,B,00,6,0,51.80,
3511,186,118,02,B,00,7,0,39.70,
3512,186,866,02,B,00,7,0,39.70,
3513,186,163,02,B,00,8,0,0.00,Scratch
3514,186,516,02,B,00,8,0,0.00,
3515,186,140,04,A,00,1,0,71.50,
3516,186,473,04,A,00,1,0,71.50,
3517,186,97,04,A,00,2,0,59.80,
3518,186,461,04,A,00,2,0,59.80,
3519,186,508,04,A,00,3,0,59.70,
3520,186,144,04,A,00,3,0,59.70,
3521,186,430,04,A,00,4,0,47.30,
3522,186,712,04,A,00,4,0,47.30,
3523,186,980,04,A,00,5,0,46.50,
3524,186,680,04,A,00,5,0,46.50,
3525,186,268,04,B,00,1,0,63.70,
3526,186,269,04,B,00,1,0,63.70,
3527,186,737,04,B,00,2,0,61.80,
3528,186,887,04,B,00,2,0,61.80,
3529,186,308,04,B,00,3,0,54.10,
3530,186,482,04,B,00,3,0,54.10,
3531,186,163,04,B,00,4,0,51.80,
3532,186,516,04,B,00,4,0,51.80,
3533,186,696,04,B,00,5,0,43.60,
3534,186,697,04,B,00,5,0,43.60,
3535,186,370,04,C,00,1,0,64.40,
3536,186,470,04,C,00,1,0,64.40,
3537,186,112,04,C,00,2,0,63.40,
3538,186,892,04,C,00,2,0,63.40,
3539,186,947,04,C,00,3,0,52.40,
3540,186,801,04,C,00,3,0,52.40,
3541,186,103,04,C,00,4,0,45.60,
3542,186,780,04,C,00,4,0,45.60,
3543,186,421,04,D,00,1,0,62.50,
3544,186,442,04,D,00,1,0,62.50,
3545,186,710,04,D,00,2,0,59.40,
3546,186,675,04,D,00,2,0,59.40,
3547,186,701,04,D,00,3,0,57.50,
3548,186,384,04,D,00,3,0,57.50,
3549,186,118,04,D,00,4,0,47.30,
3550,186,866,04,D,00,4,0,47.30,
3551,186,367,00,,03,1,0,65.40,
3552,186,140,00,,03,1,0,65.40,
3553,186,667,00,,03,2,0,64.60,
3554,186,710,00,,03,2,0,64.60,
3555,186,289,00,,03,3,0,57.70,
3556,186,461,00,,03,3,0,57.70,
3557,186,441,00,,03,4,0,53.60,
3558,186,442,00,,03,4,0,53.60,
3559,186,486,00,,03,5,0,53.10,
3560,186,887,00,,03,5,0,53.10,
3561,186,706,00,,03,6,0,50.70,
3562,186,508,00,,03,6,0,50.70,
3563,186,367,02,A,03,1,0,68.40,
3564,186,140,02,A,03,1,0,68.40,
3565,186,289,02,A,03,2,0,61.80,
3566,186,461,02,A,03,2,0,61.80,
3567,186,441,02,A,03,3,0,60.80,
3568,186,442,02,A,03,3,0,60.80,
3569,186,163,02,A,03,4,0,60.30,
3570,186,421,02,A,03,4,0,60.30,
3571,186,875,02,A,03,5,0,46.80,
3572,186,269,02,A,03,5,0,46.80,
3573,186,1333,02,A,03,6,0,32.30,
3574,186,1288,02,A,03,6,0,32.30,
3575,186,486,02,B,03,1,0,66.80,
3576,186,887,02,B,03,1,0,66.80,
3577,186,667,02,B,03,2,0,64.70,
3578,186,710,02,B,03,2,0,64.70,
3579,186,706,02,B,03,3,0,55.40,
3580,186,508,02,B,03,3,0,55.40,
3581,186,948,02,B,03,4,0,53.70,
3582,186,482,02,B,03,4,0,53.70,
3583,186,680,02,B,03,5,0,52.00,
3584,186,681,02,B,03,5,0,52.00,
3585,186,964,02,B,03,6,0,49.20,
3586,186,708,02,B,03,6,0,49.20,
3587,186,367,00,,01,1,0,59.20,
3588,186,486,00,,01,1,0,59.20,
3589,186,441,00,,01,2,0,55.10,
3590,186,706,00,,01,2,0,55.10,
3591,186,667,00,,01,3,0,53.80,
3592,186,289,00,,01,3,0,53.80,
3593,186,680,00,,01,4,0,50.00,
3594,186,980,00,,01,4,0,50.00,
3595,186,367,02,,01,1,0,61.40,
3596,186,486,02,,01,1,0,61.40,
3597,186,706,02,,01,2,0,53.10,
3598,186,441,02,,01,2,0,53.10,
3599,186,667,02,,01,3,0,52.20,
3600,186,289,02,,01,3,0,52.20,
3601,186,680,02,,01,4,0,43.00,
3602,186,980,02,,01,4,0,43.00,
3603,186,875,02,,01,5,0,42.40,
3604,186,163,02,,01,5,0,42.40,
3605,186,832,00,,09,1,0,42.90,
3606,186,950,00,,09,2,0,39.70,
3607,186,801,00,,09,3,0,38.40,
3608,186,1288,00,,09,4,0,32.90,
3609,186,801,02,,09,1,0,40.60,
3610,186,832,02,,09,2,0,39.90,
3611,186,950,02,,09,3,0,36.90,
3612,186,1288,02,,09,4,0,36.20,
3613,186,1334,02,,09,5,0,35.60,
3614,186,1335,02,,09,6,0,30.40,
3615,186,680,00,,10,1,0,43.50,
3616,186,1336,00,,10,2,0,38.00,
3617,186,980,00,,10,3,0,35.40,
3618,186,948,00,,10,4,0,33.20,
3619,186,680,02,,10,1,0,42.60,
3620,186,1337,02,,10,2,0,38.70,
3621,186,980,02,,10,3,0,37.50,
3622,186,948,02,,10,4,0,34.80,
3623,186,1333,02,,10,5,0,34.30,
3624,186,949,02,,10,6,0,25.10,
3625,186,1338,02,,10,7,0,23.80,
3626,186,1339,02,,10,8,0,23.10,
3627,187,30,00,,00,1,0,24.95,
3628,187,411,00,,00,1,0,24.95,
3629,187,210,00,,00,2,0,24.52,
3630,187,412,00,,00,2,0,24.52,
3631,187,410,00,,00,3,0,22.67,
3632,187,582,00,,00,3,0,22.67,
3633,187,46,00,,00,4,0,0.00,
3634,187,53,00,,00,4,0,0.00,
3635,189,470,00,,00,1,0,57.00,
3636,189,473,00,,00,1,0,57.00,
3637,189,645,00,,00,2,0,50.00,
3638,189,710,00,,00,2,0,50.00,
3639,189,48,00,,00,3,3,37.00,
3640,189,112,00,,00,3,3,37.00,
3641,189,289,00,,00,4,3,37.00,
3642,189,262,00,,00,4,3,37.00,
3643,190,3643,00,,00,1,0,0.00,
3644,190,3644,00,,00,1,0,0.00,
3645,190,3645,00,,00,2,0,0.00,
3646,190,3646,00,,00,2,0,0.00,
3647,190,3647,00,,00,3,0,0.00,
3648,190,3648,00,,00,3,0,0.00,
3649,190,3649,00,,00,4,0,0.00,
3650,190,3650,00,,00,4,0,0.00,
3651,190,482,02,A,00,1,0,0.00,
3652,190,358,02,A,00,1,0,0.00,
3653,190,473,02,A,00,2,0,0.00,
3654,190,470,02,A,00,2,0,0.00,
3655,190,698,02,A,00,3,0,0.00,
3656,190,4,02,A,00,3,0,0.00,
3657,190,608,02,A,00,4,0,0.00,
3658,190,944,02,A,00,4,0,0.00,
3659,190,421,02,B,00,1,0,0.00,
3660,190,442,02,B,00,1,0,0.00,
3661,190,887,02,B,00,2,0,0.00,
3662,190,97,02,B,00,2,0,0.00,
3663,190,441,02,B,00,3,0,0.00,
3664,190,397,02,B,00,3,0,0.00,
3665,190,217,02,B,00,4,0,0.00,
3666,190,590,02,B,00,4,0,0.00,
3667,190,944,00,,03,1,0,0.00,
3668,190,421,00,,03,1,0,0.00,
3669,190,441,00,,03,2,0,0.00,
3670,190,442,00,,03,2,0,0.00,
3671,188,850,00,,00,1,0,0.00,
3672,188,365,00,,00,1,0,0.00,
3673,188,215,00,,00,2,0,0.00,
3674,188,701,00,,00,2,0,0.00,
3675,188,384,00,,00,3,0,0.00,
3676,188,1340,00,,00,3,0,0.00,
3677,188,712,00,,00,4,0,0.00,
3678,188,195,00,,00,4,0,0.00,
3679,188,733,00,,00,5,0,0.00,
3680,188,271,00,,00,5,0,0.00,
3681,188,1341,00,,00,6,0,0.00,
3682,188,1342,00,,00,6,0,0.00,
3683,188,1343,00,,00,7,0,0.00,
3684,188,630,00,,05,1,0,0.00,
3685,188,1345,00,,05,2,0,0.00,
3686,188,1344,00,,05,3,0,0.00,
3687,188,366,00,,11,1,0,0.00,
3688,188,347,00,,11,1,0,0.00,
3689,188,75,00,,11,2,0,0.00,
3690,188,701,00,,11,2,0,0.00,
3691,188,1346,00,,07,1,0,0.00,
3692,188,1347,00,,07,1,0,0.00,
3693,188,1348,00,,07,2,0,0.00,
3694,188,1349,00,,07,2,0,0.00,
3695,188,1325,00,,07,2,0,0.00,
3696,191,207,00,,06,1,0,0.00,
3697,191,867,00,,06,1,0,0.00,
3698,191,45,00,,06,2,0,0.00,
3699,191,191,00,,06,2,0,0.00,
3700,191,132,00,,06,3,0,0.00,
3701,191,276,00,,06,3,0,0.00,
3702,191,424,00,,06,3,0,0.00,
3703,191,1350,00,,06,4,0,0.00,
3704,191,1282,00,,06,4,0,0.00,
3705,191,246,00,,06,5,0,0.00,
3706,191,335,00,,06,5,0,0.00,
3707,191,84,00,,06,6,0,0.00,
3708,191,310,00,,06,6,0,0.00,
3709,191,1351,00,,06,7,0,0.00,
3710,191,974,00,,06,7,0,0.00,
3711,191,730,00,,06,7,0,0.00,
3712,191,431,00,,06,8,0,0.00,
3713,191,592,00,,06,8,0,0.00,
3714,191,136,00,,06,9,0,0.00,
3715,191,632,00,,06,9,0,0.00,
3716,191,1352,00,,06,10,0,0.00,
3717,191,873,00,,06,10,0,0.00,
3718,191,512,00,A,07,1,0,0.00,Advanced
3719,191,1353,00,A,07,2,0,0.00,
3720,191,1354,00,A,07,3,0,0.00,
3721,191,1355,00,A,07,4,4,0.00,
3722,191,1356,00,A,07,5,4,0.00,
3723,191,1357,00,A,07,6,0,0.00,
3724,191,1358,00,A,07,7,0,0.00,
3725,191,1359,00,A,07,8,8,0.00,
3726,191,1360,00,A,07,9,8,0.00,
3727,191,1361,00,A,07,10,8,0.00,
3728,191,1362,00,A,07,11,0,0.00,
3729,191,1363,00,A,08,1,1,0.00,Advanced
3730,191,1364,00,A,08,2,1,0.00,
3731,191,1365,00,A,08,3,3,0.00,
3732,191,1366,00,A,08,4,3,0.00,
3733,191,1367,00,,11,1,0,0.00,Advanced
3734,191,1368,00,,11,2,0,0.00,
3735,191,1369,00,,11,3,0,0.00,
3736,191,1370,00,,11,4,0,0.00,
3737,191,292,00,,11,5,5,0.00,
3738,191,1371,00,,11,6,5,0.00,
3739,191,1372,00,,11,7,0,0.00,
3740,191,1373,00,,11,8,0,0.00,
3741,191,1374,00,,07,1,0,0.00,
3742,191,1375,00,,07,2,2,0.00,
3743,191,1376,00,,07,3,2,0.00,
3744,191,1377,00,,07,4,0,0.00,
3745,191,1378,00,,07,5,5,0.00,
3746,191,1379,00,,07,6,5,0.00,
3747,191,1380,00,,07,7,5,0.00,
3748,191,1381,00,,07,8,0,0.00,
3749,191,1382,00,,19,1,1,0.00,"Juniors Open"
3750,191,1383,00,,19,2,1,0.00,
3751,191,1384,00,,19,3,3,0.00,
3752,191,1385,00,,19,4,3,0.00,
3753,191,1386,00,,19,5,0,0.00,
3754,192,363,00,,06,1,0,0.00,
3755,192,280,00,,06,1,0,0.00,
3827,177,981,00,,00,1,0,0.00,
3757,192,470,00,,06,1,0,0.00,
3758,192,747,00,,06,2,0,0.00,
3759,192,645,00,,06,2,0,0.00,
3760,192,430,00,,06,2,0,0.00,
3761,192,436,00,,06,3,0,0.00,
3762,192,224,00,,06,3,0,0.00,
3763,192,994,00,,06,3,0,0.00,
3764,192,971,00,,06,4,0,0.00,
3765,192,875,00,,06,4,0,0.00,
3766,192,946,00,,06,4,0,0.00,
3767,193,140,00,,06,1,0,68.80,
3768,193,473,00,,06,1,0,68.80,
3769,193,112,00,,06,2,0,66.20,
3770,193,370,00,,06,2,0,66.20,
3771,193,421,00,,06,2,0,66.20,
3772,193,328,00,,06,3,0,61.10,
3773,193,486,00,,06,3,0,61.10,
3774,193,367,00,,06,3,0,61.10,
3775,193,442,00,,06,4,0,57.20,
3776,193,508,00,,06,4,0,57.20,
3777,193,712,00,,06,4,0,57.20,
3778,193,358,00,,06,5,5,55.70,
3779,193,441,00,,06,5,5,55.70,
3780,193,667,00,,06,5,5,55.70,
3781,193,262,00,,06,6,5,55.70,
3782,193,852,00,,06,6,5,55.70,
3783,193,887,00,,06,6,5,55.70,
3784,193,124,00,,06,7,0,49.10,
3785,193,163,00,,06,7,0,49.10,
3786,193,880,00,,06,7,0,49.10,
3787,193,17,00,,06,8,0,0.00,Scratch
3788,193,162,00,,06,8,0,0.00,
3789,193,339,00,,06,8,0,0.00,
3790,193,442,02,A,06,1,0,57.40,
3791,193,508,02,A,06,1,0,57.40,
3792,193,712,02,A,06,1,0,57.40,
3793,193,112,02,A,06,2,0,55.10,
3794,193,370,02,A,06,2,0,55.10,
3795,193,421,02,A,06,2,0,55.10,
3796,193,358,02,A,06,3,0,47.10,
3797,193,441,02,A,06,3,0,47.10,
3798,193,667,02,A,06,3,0,47.10,
3799,193,17,02,A,06,4,0,41.00,
3800,193,162,02,A,06,4,0,41.00,
3801,193,339,02,A,06,4,0,41.00,
3802,193,119,02,A,06,5,0,40.40,
3803,193,354,02,A,06,5,0,40.40,
3804,193,946,02,A,06,5,0,40.40,
3805,193,355,02,A,06,6,0,32.40,
3806,193,356,02,A,06,6,0,32.40,
3807,193,296,02,A,06,7,0,25.20,
3808,193,1205,02,A,06,7,0,25.20,
3809,193,611,02,A,06,7,0,25.20,
3810,193,140,02,B,06,1,0,65.30,
3811,193,473,02,B,06,1,0,65.30,
3812,193,328,02,B,06,2,0,57.30,
3813,193,486,02,B,06,2,0,57.30,
3814,193,367,02,B,06,2,0,57.30,
3815,193,124,02,B,06,3,0,54.80,
3816,193,163,02,B,06,3,0,54.80,
3817,193,880,02,B,06,3,0,54.80,
3818,193,262,02,B,06,4,0,51.80,
3819,193,852,02,B,06,4,0,51.80,
3820,193,887,02,B,06,4,0,51.80,
3821,193,281,02,B,06,5,0,50.70,
3822,193,614,02,B,06,5,0,50.70,
3823,193,815,02,B,06,6,0,40.00,
3824,193,828,02,B,06,6,0,40.00,
3825,193,1281,02,B,06,7,0,36.30,
3826,193,1282,02,B,06,7,0,36.30,
3828,177,1388,00,,00,2,0,0.00,
3829,177,1389,00,,00,2,0,0.00,
3830,177,1396,00,,00,3,0,0.00,
3831,177,1397,00,,00,3,0,0.00,
3832,177,1390,00,,00,4,0,0.00,
3833,177,1391,00,,00,4,0,0.00,
3834,177,1392,00,,00,5,0,0.00,
3835,177,1398,00,,00,5,0,0.00,
3836,177,1107,00,,00,6,0,0.00,
3837,177,1393,00,,00,6,0,0.00,
3838,177,1394,00,,00,7,0,0.00,
3839,177,1395,00,,00,7,0,0.00,
3840,177,982,00,,02,1,0,0.00,
3841,177,981,00,,02,1,0,0.00,
3842,177,1107,00,,02,1,0,0.00,
3843,177,1393,00,,02,2,0,0.00,
3844,177,1391,00,,02,2,0,0.00,
3845,177,1395,00,,02,2,0,0.00,
3846,177,1388,00,,02,3,0,0.00,
3847,177,1389,00,,02,3,0,0.00,
3848,177,1390,00,,02,3,0,0.00,
3849,177,1392,00,,02,4,0,0.00,
3850,177,1398,00,,02,4,0,0.00,
3851,177,1400,00,,02,4,0,0.00,
3852,177,1397,00,,02,5,0,0.00,
3853,177,1396,00,,02,5,0,0.00,
3854,177,1399,00,,02,5,0,0.00,
3855,195,508,00,,06,1,0,0.00,
3856,195,384,00,,06,1,0,0.00,
3857,195,365,00,,06,2,0,0.00,
3858,195,850,00,,06,2,0,0.00,
3859,195,1189,00,,06,2,0,0.00,
3860,195,347,00,,06,3,0,0.00,
3861,195,366,00,,06,3,0,0.00,
3862,195,733,00,,06,4,0,0.00,
3863,195,797,00,,06,4,0,0.00,
3864,195,1189,00,,06,5,0,0.00,
3865,157,914,02,A,00,1,0,71.10,"First 5 teams pass to finals"
3866,157,1081,02,A,00,1,0,71.10,
3867,157,926,02,A,00,3,0,58.90,
3868,157,933,02,A,00,3,0,58.90,
3869,157,918,02,A,00,5,0,50.20,
3870,157,1108,02,A,00,5,0,50.20,
3871,157,1261,02,A,00,7,0,44.10,
3872,157,1408,02,A,00,2,0,61.40,
3873,157,1409,02,A,00,2,0,61.40,
3874,157,1410,02,A,00,4,0,53.80,
3875,157,1411,02,A,00,4,0,53.80,
3876,157,1412,02,A,00,6,0,47.90,
3877,157,1413,02,A,00,6,0,47.90,
3878,157,1415,02,A,00,8,0,43.60,
3879,157,1416,02,A,00,8,0,43.60,
3880,157,1417,02,A,00,9,0,43.00,
3881,157,1418,02,A,00,9,0,43.00,
3882,157,1419,02,A,00,10,0,32.80,
3883,157,1420,02,A,00,10,0,32.80,
3884,157,145,02,B,00,1,0,67.60,"First 5 teams pass to finals"
3885,157,911,02,B,00,1,0,67.60,
3886,157,1314,02,B,00,2,0,64.00,
3887,157,1214,02,B,00,2,0,64.00,
3888,157,1422,02,B,00,3,0,52.00,
3889,157,1423,02,B,00,3,0,52.00,
3890,157,1424,02,B,00,4,0,48.60,
3891,157,1426,02,B,00,4,0,48.60,
3892,157,925,02,B,00,5,0,47.70,
3893,157,1421,02,B,00,5,0,47.70,
3894,157,1425,02,B,00,6,0,47.50,
3895,157,1427,02,B,00,6,0,47.50,
3896,157,1428,02,B,00,7,0,45.80,
3897,157,1429,02,B,00,7,0,45.80,
3898,157,1430,02,B,00,8,0,43.20,
3899,157,1431,02,B,00,8,0,43.20,
3900,157,1432,02,B,00,9,0,41.50,
3901,157,1433,02,B,00,9,0,41.50,
3902,157,914,00,,00,1,0,76.50,
3903,157,1081,00,,00,1,0,76.50,
3904,157,145,00,,00,2,0,68.00,
3905,157,911,00,,00,2,0,68.00,
3906,157,926,00,,00,3,0,64.90,
3907,157,933,00,,00,3,0,64.90,
3908,157,1314,00,,00,4,0,58.70,
3909,157,1214,00,,00,4,0,58.70,
3910,157,918,00,,00,5,0,55.70,
3911,157,1108,00,,00,5,0,55.70,
3912,157,1408,00,,00,6,0,54.60,
3913,157,1409,00,,00,6,0,54.60,
3914,157,1424,00,,00,7,0,53.30,
3915,157,1426,00,,00,7,0,53.30,
3916,157,1422,00,,00,8,0,52.40,
3917,157,1423,00,,00,8,0,52.40,
3918,157,925,00,,00,9,0,52.10,
3919,157,1421,00,,00,9,0,52.10,
3920,157,1410,00,,00,10,0,48.70,
3921,157,1411,00,,00,10,0,48.70,
3922,99,470,00,,00,1,0,71.90,
3923,99,710,00,,00,1,0,71.90,
3924,99,737,00,,00,2,0,67.40,
3925,99,892,00,,00,2,0,67.40,
3926,99,140,00,,00,3,0,67.20,
3927,99,473,00,,00,3,0,67.20,
3928,99,508,00,,00,4,0,63.20,
3929,99,746,00,,00,4,0,63.20,
3930,99,370,00,,00,5,0,62.30,
3931,99,442,00,,00,5,0,62.30,
3932,99,421,00,,00,6,0,62.00,
3933,99,482,00,,00,6,0,62.00,
3934,99,268,00,,00,7,0,61.80,
3935,99,269,00,,00,7,0,61.80,
3936,99,675,00,,00,8,0,59.50,
3937,99,701,00,,00,8,0,59.50,
3938,99,140,02,A,00,1,1,65.30,
3939,99,473,02,A,00,1,1,65.30,
3940,99,737,02,A,00,2,2,64.80,
3941,99,892,02,A,00,2,2,64.80,
3942,99,370,02,A,00,3,3,63.60,
3943,99,442,02,A,00,3,3,63.60,
3944,99,675,02,A,00,4,4,61.00,
3945,99,701,02,A,00,4,4,61.00,
3946,99,144,02,A,00,5,5,59.50,
3947,99,887,02,A,00,5,5,59.50,
3948,99,145,02,A,00,6,6,58.50,
3949,99,923,02,A,00,6,6,58.50,
3950,99,1082,02,A,00,7,7,53.70,
3951,99,695,02,A,00,7,7,53.70,
3952,99,908,02,A,00,8,8,46.90,
3953,99,645,02,A,00,8,8,46.90,
3954,99,268,02,B,00,1,1,69.80,
3955,99,269,02,B,00,1,1,69.80,
3956,99,421,02,B,00,2,2,69.60,
3957,99,482,02,B,00,2,2,69.60,
3958,99,470,02,B,00,3,3,67.90,
3959,99,710,02,B,00,3,3,67.90,
3960,99,508,02,B,00,4,4,58.10,
3961,99,746,02,B,00,4,4,58.10,
3962,99,30,02,B,00,5,5,58.00,
3963,99,411,02,B,00,5,5,58.00,
3964,99,1098,02,B,00,6,6,51.80,
3965,99,880,02,B,00,6,6,51.80,
3966,99,118,02,B,00,7,7,48.10,
3967,99,375,02,B,00,7,7,48.10,
3968,99,97,02,B,00,8,8,47.70,
3969,99,441,02,B,00,8,8,47.70,
3970,99,140,04,A,00,1,0,65.00,
3971,99,473,04,A,00,1,0,65.00,
3972,99,737,04,A,00,2,0,61.10,
3973,99,892,04,A,00,2,0,61.10,
3974,99,30,04,A,00,3,0,56.00,
3975,99,411,04,A,00,3,0,56.00,
3976,99,1098,04,A,00,4,0,50.50,
3977,99,880,04,A,00,4,0,50.50,
3978,99,939,04,A,00,5,5,48.70,
3979,99,558,04,A,00,6,6,48.20,
3980,99,675,04,B,00,1,0,65.80,
3981,99,701,04,B,00,1,0,65.80,
3982,99,370,04,B,00,2,0,65.00,
3983,99,442,04,B,00,2,0,65.00,
3984,99,145,04,B,00,3,0,63.20,
3985,99,923,04,B,00,3,0,63.20,
3986,99,1082,04,B,00,4,0,56.70,
3987,99,695,04,B,00,4,0,56.70,
3988,99,103,04,B,00,5,0,52.60,
3989,99,780,04,B,00,5,0,52.60,
3990,99,79,04,B,00,6,0,52.40,
3991,99,470,04,C,00,1,1,70.40,
3992,99,710,04,C,00,1,1,70.40,
3993,99,268,04,C,00,2,2,68.40,
3994,99,269,04,C,00,2,2,68.40,
3995,99,144,04,C,00,3,3,59.90,
3996,99,887,04,C,00,3,3,59.90,
3997,99,908,04,C,00,4,4,58.00,
3998,99,645,04,C,00,4,4,58.00,
3999,99,128,04,C,00,5,5,57.10,
4000,99,712,04,C,00,5,5,57.10,
4001,99,384,04,C,00,6,6,49.20,
4002,99,855,04,C,00,6,6,49.20,
4003,99,421,04,D,00,1,1,68.60,
4004,99,482,04,D,00,1,1,68.60,
4005,99,96,04,D,00,2,2,61.00,
4006,99,441,04,D,00,2,2,61.00,
4007,99,508,04,D,00,3,3,58.60,
4008,99,746,04,D,00,3,3,58.60,
4009,99,118,04,D,00,4,4,56.90,
4010,99,375,04,D,00,4,4,56.90,
4011,99,217,04,D,00,5,5,55.10,
4012,99,590,04,D,00,5,5,55.10,
4013,99,365,04,D,00,6,6,52.90,
4014,99,489,04,D,00,6,6,52.90,
4015,99,1076,04,B,00,6,0,52.40,
4016,99,968,04,B,00,7,0,51.60,
4017,99,946,04,B,00,7,0,51.60,
4018,99,470,00,,02,1,0,73.20,
4019,99,675,00,,02,1,0,73.20,
4020,99,710,00,,02,1,0,73.20,
4021,99,268,00,,02,2,0,70.40,
4022,99,269,00,,02,2,0,70.40,
4023,99,737,00,,02,2,0,70.40,
4024,99,97,00,,02,3,0,68.80,
4025,99,370,00,,02,3,0,68.80,
4026,99,421,00,,02,3,0,68.80,
4027,99,140,00,,02,4,0,65.50,
4028,99,473,00,,02,4,0,65.50,
4029,99,508,00,,02,4,0,65.50,
4030,99,145,00,,02,5,0,55.40,
4031,99,367,00,,02,5,0,55.40,
4032,99,1076,00,,02,5,0,55.40,
4033,99,144,00,,02,6,0,53.80,
4034,99,590,00,,02,6,0,53.80,
4035,99,887,00,,02,6,0,53.80,
4036,99,442,00,,02,7,0,53.60,
4037,99,482,00,,02,7,0,53.60,
4038,99,892,00,,02,7,0,53.60,
4039,99,128,00,,02,8,0,45.90,
4040,99,712,00,,02,8,0,45.90,
4041,99,855,00,,02,8,0,45.90,
4042,99,47,00,,03,1,0,74.50,
4043,99,710,00,,03,1,0,74.50,
4044,99,367,00,,03,2,0,65.50,
4045,99,269,00,,03,2,0,65.50,
4046,99,486,00,,03,3,0,61.30,
4047,99,421,00,,03,3,0,61.30,
4048,99,441,00,,03,4,0,59.60,
4049,99,268,00,,03,4,0,59.60,
4050,99,964,00,,03,5,0,51.10,
4051,99,97,00,,03,5,0,51.10,
4052,99,630,00,,03,6,0,46.60,
4053,99,701,00,,03,6,0,46.60,
4054,99,441,00,,01,1,0,69.80,
4055,99,367,00,,01,1,0,69.80,
4056,99,943,00,,01,2,0,53.00,
4057,99,486,00,,01,2,0,53.00,
4058,99,71,00,,01,3,0,50.70,
4059,99,163,00,,01,4,0,47.80,
4060,99,884,00,,01,4,0,47.80,
4061,99,47,00,,01,3,0,50.70,
4062,209,191,00,,00,1,0,0.00,
4063,209,708,00,,00,1,0,0.00,
4064,209,966,00,,00,2,0,0.00,
4065,209,965,00,,00,2,0,0.00,
4066,209,424,00,,00,3,0,0.00,
4067,209,1362,00,,00,3,0,0.00,
4068,209,425,00,,00,4,0,0.00,
4069,209,132,00,,00,5,0,0.00,
4070,209,276,00,,00,5,0,0.00,
4071,209,1436,00,,00,4,0,0.00,
4072,213,923,00,2,00,1,0,66.00,
4073,213,1255,00,2,00,1,0,66.00,
4074,213,1244,00,2,00,2,0,54.00,
4075,213,1246,00,2,00,2,0,54.00,
4076,213,1230,00,2,00,3,0,54.00,
4077,213,1401,00,2,00,3,0,54.00,
4078,213,1228,00,2,00,4,0,53.00,
4079,213,1229,00,2,00,4,0,53.00,
4080,213,1240,00,2,00,5,0,48.00,
4081,213,1241,00,2,00,5,0,48.00,
4082,213,1280,00,2,00,6,0,38.00,
4083,213,1243,00,2,00,6,0,38.00,
4084,129,47,00,,00,1,0,0.00,
4085,129,710,00,,00,1,0,0.00,
4086,129,48,00,,00,2,0,0.00,
4087,129,38,00,,00,2,0,0.00,
4088,129,112,00,,00,3,0,0.00,
4089,129,128,00,,00,3,0,0.00,
4090,129,281,00,,00,4,0,0.00,
4091,129,675,00,,00,4,0,0.00,
4092,129,461,00,,00,5,0,0.00,
4093,114,737,00,,04,1,0,295.50,
4094,114,470,00,,04,2,0,293.50,
4095,114,710,00,,04,3,0,290.50,
4096,114,269,00,,04,4,0,289.50,
4097,114,268,00,,04,5,5,287.50,
4098,114,675,00,,04,6,5,287.50,
4099,114,370,00,,04,7,0,285.50,
4100,114,482,00,,04,8,0,273.50,
4101,114,923,00,,04,9,0,272.50,
4102,114,421,00,,04,10,0,270.50,
4103,114,701,00,,04,11,0,268.50,
4104,114,79,00,,04,12,0,266.00,
4105,114,128,00,,04,13,0,259.00,
4106,114,442,00,,04,14,0,257.50,
4107,114,855,00,,04,15,0,256.50,
4108,114,367,00,,04,16,0,254.00,
4109,114,441,00,,04,17,0,253.00,
4110,114,908,00,,04,18,0,250.00,
4111,114,1076,00,,04,19,0,249.00,
4112,114,645,00,,04,20,0,243.00,
4113,114,486,00,,04,21,0,241.00,
4114,114,708,00,,04,22,0,237.50,
4115,114,968,00,,04,23,0,237.00,
4116,114,1255,00,,04,24,0,229.00,
4117,114,946,00,,04,25,0,227.00,
4118,114,943,00,,04,26,0,225.50,
4119,114,163,00,,04,29,0,163.50,
4120,198,258,00,,00,1,0,28.00,
4121,198,375,00,,00,1,0,28.00,
4122,198,217,00,,00,2,0,35.00,
4123,198,36,00,,00,2,0,35.00,
4124,198,866,00,,00,3,0,62.00,
4125,198,708,00,,00,3,0,62.00,
4126,198,739,00,,00,4,0,71.00,
4127,198,363,00,,00,4,0,71.00,
4128,198,964,00,,00,5,0,86.00,
4129,198,97,00,,00,5,0,86.00,
4130,198,966,00,,00,6,0,92.00,
4131,198,965,00,,00,6,0,92.00,
4132,198,597,00,,00,7,0,99.00,"Tom Robidoux"
4133,198,1441,00,,00,7,0,99.00,
4134,198,416,00,,00,8,0,112.00,
4135,198,1046,00,,00,8,0,112.00,
4136,198,962,00,,00,9,0,146.00,
4137,198,369,00,,00,9,0,146.00,
4138,198,963,00,,00,10,0,159.00,
4139,198,1442,00,,00,10,0,159.00,
4140,198,597,00,,04,1,0,8.80,
4141,198,258,00,,04,2,0,8.70,
4142,198,866,00,,04,3,0,8.50,
4143,198,739,00,,04,4,0,8.10,
4144,198,375,00,,04,5,0,8.00,
4145,198,36,00,,04,6,0,7.70,
4146,198,97,00,,04,7,7,7.60,
4147,198,416,00,,04,8,7,7.60,
4148,198,966,00,,04,9,0,6.70,
4149,198,217,00,,04,10,10,6.60,
4150,198,1046,00,,04,11,10,6.60,
4151,198,965,00,,04,12,0,6.50,
4152,198,708,00,,04,13,0,6.30,
4153,198,369,00,,04,14,0,6.20,
4154,198,172,00,,04,15,0,6.10,
4155,198,363,00,,04,16,0,5.80,
4156,198,1441,00,,04,17,0,5.30,
4157,198,1442,00,,04,18,0,5.10,
4158,198,962,00,,04,19,0,4.50,
4159,115,140,00,,00,1,0,71.20,
4160,115,473,00,,00,1,0,71.20,
4161,115,370,00,,00,2,0,64.70,
4162,115,442,00,,00,2,0,64.70,
4163,115,675,00,,00,3,0,59.30,
4164,115,710,00,,00,3,0,59.30,
4165,115,38,00,,00,4,0,58.50,
4166,115,421,00,,00,4,0,58.50,
4167,115,128,00,,00,5,0,52.80,
4168,115,308,00,,00,5,0,52.80,
4169,115,118,00,,00,6,0,46.20,
4170,115,866,00,,00,6,0,46.20,
4171,115,558,00,,00,7,0,44.70,
4172,115,662,00,,00,7,0,44.70,
4173,115,85,00,,00,8,0,0.00,scratch
4174,115,614,00,,00,8,0,0.00,scratch
4175,115,140,02,A,00,1,0,72.10,
4176,115,473,02,A,00,1,0,72.10,
4177,115,38,02,A,00,2,0,65.10,
4178,115,421,02,A,00,2,0,65.10,
4179,115,128,02,A,00,3,0,57.40,
4180,115,308,02,A,00,3,0,57.40,
4181,115,558,02,A,00,4,0,50.70,
4182,115,662,02,A,00,4,0,50.70,
4183,115,150,02,A,00,5,0,49.20,
4184,115,703,02,A,00,5,0,49.20,
4185,115,105,02,A,00,6,0,48.50,
4186,115,883,02,A,00,6,0,48.50,
4187,115,163,02,A,00,7,0,32.40,
4188,115,1444,02,A,00,7,0,32.40,
4189,115,296,02,A,00,8,0,27.10,
4190,115,356,02,A,00,8,0,27.10,
4191,115,675,02,B,00,1,0,70.00,
4192,115,710,02,B,00,1,0,70.00,
4193,115,370,02,B,00,2,0,59.60,
4194,115,442,02,B,00,2,0,59.60,
4195,115,85,02,B,00,3,0,54.80,
4196,115,614,02,B,00,3,0,54.80,
4197,115,118,02,B,00,4,0,51.00,
4198,115,866,02,B,00,4,0,51.00,
4199,115,521,02,B,00,5,0,46.90,
4200,115,630,02,B,00,5,0,46.90,
4201,115,1201,02,B,00,6,0,41.90,
4202,115,162,02,B,00,6,0,41.90,
4203,115,1239,02,B,00,7,0,36.30,
4204,115,629,02,B,00,8,0,32.50,
4205,115,850,02,B,00,8,0,32.50,
4206,115,141,00,,09,1,0,0.00,
4207,115,961,00,,09,2,0,0.00,
4208,115,1446,00,,09,3,0,0.00,
4209,115,281,00,,15,1,0,0.00,
4210,115,436,00,,15,1,0,0.00,
4211,115,1,00,,15,2,0,0.00,
4212,115,855,00,,15,2,0,0.00,
4213,115,247,00,,15,3,0,0.00,
4214,115,797,00,,15,3,0,0.00,
4215,115,521,00,,01,1,0,0.00,
4216,115,630,00,,01,1,0,0.00,
4217,115,163,00,,01,2,2,0.00,
4218,115,1444,00,,01,2,2,0.00,
4219,115,296,00,,01,3,2,0.00,
4220,115,356,00,,01,3,2,0.00,
4221,159,908,00,,00,1,0,0.00,
4222,159,470,00,,00,1,0,0.00,
4223,159,909,00,,00,2,0,0.00,
4224,159,1077,00,,00,2,0,0.00,
4225,159,1403,00,,00,3,0,0.00,
4226,159,1447,00,,00,3,0,0.00,
4227,159,1269,00,,00,4,0,0.00,
4228,159,1068,00,,00,4,0,0.00,
4229,159,1448,00,,00,5,0,0.00,
4230,159,1449,00,,00,5,0,0.00,
4231,159,1236,00,,00,6,0,0.00,
4232,160,280,00,,02,1,0,33.50,
4233,160,470,00,,02,1,0,33.50,
4234,160,884,00,,02,1,0,33.50,
4235,160,140,00,,02,2,0,31.40,
4236,160,145,00,,02,2,0,31.40,
4237,160,923,00,,02,2,0,31.40,
4238,160,908,00,,02,3,0,25.70,
4239,160,645,00,,02,3,0,25.70,
4240,160,1076,00,,02,3,0,25.70,
4241,160,128,00,,02,4,0,24.50,
4242,160,968,00,,02,4,0,24.50,
4243,160,971,00,,02,4,0,24.50,
4244,160,994,00,,02,5,0,19.50,
4245,160,436,00,,02,5,0,19.50,
4246,160,855,00,,02,5,0,19.50,
4247,160,1255,00,,02,6,0,13.80,
4248,160,1450,00,,02,6,0,13.80,
4249,160,594,00,,02,6,0,13.80,
4250,160,280,00,,00,1,0,34.80,
4251,160,470,00,,00,1,0,34.80,
4252,160,140,00,,00,2,0,34.50,
4253,160,145,00,,00,2,0,34.50,
4254,160,675,00,,00,3,0,32.60,
4255,160,855,00,,00,3,0,32.60,
4256,160,908,00,,00,4,0,29.50,
4257,160,1076,00,,00,4,0,29.50,
4258,160,128,00,,00,5,0,28.00,
4259,160,994,00,,00,5,0,28.00,
4260,160,645,00,,00,6,0,27.10,
4261,160,923,00,,00,6,0,27.10,
4262,160,968,00,,00,7,0,21.70,
4263,160,971,00,,00,7,0,21.70,
4264,160,1255,00,,00,8,0,13.70,
4265,160,436,00,,00,8,0,13.70,
4266,160,1443,00,,00,9,0,9.30,
4267,160,1430,00,,00,9,0,9.30,
4268,196,994,00,,00,1,0,0.00,
4269,196,140,00,,00,1,0,0.00,
4270,196,848,00,,00,2,0,0.00,
4271,196,645,00,,00,2,0,0.00,
4272,196,280,00,,00,3,0,0.00,
4273,196,471,00,,00,3,0,0.00,
4274,196,775,00,,00,4,0,0.00,
4275,196,558,00,,00,4,0,0.00,
4276,196,971,00,,00,5,0,0.00,
4277,196,968,00,,00,5,0,0.00,
4278,196,436,00,,00,6,0,0.00,
4279,196,224,00,,00,7,0,0.00,
4280,196,875,00,,00,7,0,0.00,
4281,196,1451,00,,00,6,0,0.00,
4282,161,258,00,,06,1,0,0.00,
4283,161,363,00,,06,1,0,0.00,
4284,161,597,00,,06,1,0,0.00,
4285,161,157,00,,06,2,0,0.00,
4286,161,119,00,,06,2,0,0.00,
4287,161,85,00,,06,3,0,0.00,
4288,161,460,00,,06,3,0,0.00,
4289,161,841,00,,06,4,0,0.00,
4290,161,36,00,,06,4,0,0.00,
4291,161,630,00,,06,4,0,0.00,
4292,161,880,00,,06,5,0,0.00,
4293,161,1098,00,,06,5,0,0.00,
4294,161,701,00,,06,6,0,0.00,
4295,161,163,00,,06,6,0,0.00,
4296,161,149,00,,06,7,0,0.00,
4297,161,150,00,,06,7,0,0.00,
4298,161,451,00,,06,7,0,0.00,
4299,161,814,00,,06,8,0,0.00,
4300,161,765,00,,06,8,0,0.00,
4301,161,339,00,,06,9,0,0.00,
4302,161,658,00,,06,9,0,0.00,
4303,161,768,00,,06,10,0,0.00,
4304,161,296,00,,06,10,0,0.00,
4305,161,760,00,,06,11,0,0.00,
4306,161,1452,00,,06,11,0,0.00,
4307,161,876,00,,06,12,0,0.00,
4308,161,1453,00,,06,12,0,0.00,
4309,161,1454,00,,06,13,0,0.00,
4310,161,1455,00,,06,13,0,0.00,
4311,158,370,00,,06,1,0,0.00,
4312,158,442,00,,06,1,0,0.00,
4313,158,482,00,,06,2,0,0.00,
4314,158,864,00,,06,2,0,0.00,
4315,158,421,00,,06,2,0,0.00,
4316,158,268,00,,06,3,0,0.00,
4317,158,358,00,,06,3,0,0.00,
4318,158,25,00,,06,4,0,0.00,
4319,158,708,00,,06,4,0,0.00,
4320,158,943,00,,06,5,0,0.00,
4321,158,441,00,,06,5,0,0.00,
4322,158,217,00,,06,6,0,0.00,
4323,158,738,00,,06,6,0,0.00,
4324,158,608,00,,06,7,0,0.00,
4325,158,1184,00,,06,7,0,0.00,
4326,158,441,00,,03,1,0,0.00,
4327,158,268,00,,03,1,0,0.00,
4328,158,943,00,,03,2,0,0.00,
4329,158,442,00,,03,2,0,0.00,
4330,158,962,00,,03,3,0,0.00,
4331,158,708,00,,03,3,0,0.00,
4332,215,473,00,,06,1,0,0.00,
4333,215,567,00,,06,1,0,0.00,
4334,215,47,00,,06,2,2,0.00,
4335,215,710,00,,06,2,2,0.00,
4336,215,112,00,,06,3,2,0.00,
4337,215,695,00,,06,3,2,0.00,
4338,215,128,00,,06,4,0,0.00,
4339,215,887,00,,06,4,0,0.00,
4340,215,268,00,,06,5,5,0.00,
4341,215,269,00,,06,5,5,0.00,
4342,215,225,00,,06,6,5,0.00,
4343,215,805,00,,06,6,5,0.00,
4344,215,17,00,,06,7,7,0.00,
4345,215,162,00,,06,7,7,0.00,
4346,215,354,00,,06,8,7,0.00,
4347,215,1,00,,06,8,7,0.00,
4348,215,663,00,,06,9,0,0.00,
4349,215,1282,00,,06,9,0,0.00,
4350,60,97,00,,00,1,0,0.00,
4351,60,421,00,,00,1,0,0.00,
4352,60,416,00,,00,2,0,0.00,
4353,60,698,00,,00,2,0,0.00,
4354,60,258,00,,00,3,0,0.00,
4355,60,739,00,,00,3,0,0.00,
4356,60,118,00,,00,4,0,0.00,
4357,60,375,00,,00,4,0,0.00,
4358,60,708,00,,00,5,0,0.00,
4359,60,866,00,,00,5,0,0.00,
4360,60,217,00,,00,6,0,0.00,
4361,60,755,00,,00,6,0,0.00,
4362,60,680,00,,00,7,0,0.00,
4363,60,681,00,,00,7,0,0.00,
4364,60,801,00,,00,8,0,0.00,
4365,60,947,00,,00,8,0,0.00,
4366,60,698,00,,04,1,0,0.00,
4367,60,421,00,,04,2,0,0.00,
4368,60,97,00,,04,3,3,0.00,
4369,60,708,00,,04,4,3,0.00,
4370,60,97,00,,02,1,0,0.00,
4371,60,217,00,,02,1,0,0.00,
4372,60,755,00,,02,1,0,0.00,
4373,60,375,00,,02,2,0,0.00,
4374,60,698,00,,02,2,0,0.00,
4375,60,708,00,,02,2,0,0.00,
4376,60,739,00,,02,3,0,0.00,
4377,60,947,00,,02,3,0,0.00,
4378,60,866,00,,02,3,0,0.00,
4379,60,118,00,,02,4,0,0.00,
4380,60,258,00,,02,4,0,0.00,
4381,60,801,00,,02,4,0,0.00,
4382,60,172,00,,02,5,0,0.00,
4383,60,416,00,,02,5,0,0.00,
4384,60,421,00,,02,5,0,0.00,
4385,60,866,00,,04,5,0,0.00,
4386,60,680,00,,04,6,0,0.00,
4387,60,755,00,,04,7,0,0.00,
4388,210,1246,00,,00,1,0,0.00,
4389,210,1244,00,,00,1,0,0.00,
4390,210,1240,00,,00,2,0,0.00,
4391,210,1241,00,,00,2,0,0.00,
4392,210,1247,00,,00,3,0,0.00,
4393,210,1245,00,,00,4,0,0.00,
4394,210,1406,00,,00,5,0,0.00,
4395,210,1066,00,,00,6,0,0.00,
4396,210,1249,00,,00,7,0,0.00,
4397,210,1438,00,,00,8,0,0.00,
4398,210,1458,00,,00,3,0,0.00,
4399,210,1459,00,,00,4,0,0.00,
4400,210,1461,00,,00,5,0,0.00,
4401,210,1457,00,,00,6,0,0.00,
4402,210,1460,00,,00,7,0,0.00,
4403,210,1456,00,,00,8,0,0.00,
4404,216,981,00,,00,1,0,0.00,
4405,216,982,00,,00,1,0,0.00,
4406,216,1462,00,,00,2,0,0.00,
4407,216,1463,00,,00,2,0,0.00,
4408,216,1464,00,,00,3,0,0.00,
4409,216,1465,00,,00,3,0,0.00,
4410,216,1466,00,,00,4,0,0.00,
4411,216,1467,00,,00,4,0,0.00,
4412,217,737,00,,00,1,0,23.37,
4413,217,887,00,,00,1,0,23.37,
4414,217,181,00,,00,2,0,21.22,
4415,217,407,00,,00,2,0,21.22,
4416,217,370,00,,00,3,0,20.06,
4417,217,470,00,,00,3,0,20.06,
4418,217,128,00,,00,4,0,19.60,
4419,217,675,00,,00,4,0,19.60,
4420,217,649,00,,00,5,0,19.55,
4421,217,864,00,,00,5,0,19.55,
4422,217,258,00,,00,6,0,19.51,
4423,217,739,00,,00,6,0,19.51,
4424,217,367,00,,00,7,0,19.46,
4425,217,486,00,,00,7,0,19.46,
4426,217,258,00,,03,1,0,19.90,
4427,217,367,00,,03,1,0,19.90,
4428,217,486,00,,03,2,0,19.60,
4429,217,675,00,,03,2,0,19.60,
4430,218,370,00,,06,1,1,0.00,
4431,218,421,00,,06,1,1,0.00,
4432,218,482,00,,06,1,1,0.00,
4433,218,774,00,,06,2,1,0.00,
4434,218,892,00,,06,2,1,0.00,
4435,218,181,00,,06,3,0,0.00,
4436,218,708,00,,06,3,0,0.00,
4437,218,145,00,,06,4,0,0.00,
4438,218,243,00,,06,4,0,0.00,
4439,218,536,00,,06,4,0,0.00,
4440,218,1463,00,,06,5,0,0.00,
4441,218,982,00,,06,5,0,0.00,
4442,218,210,00,,06,6,0,0.00,
4443,218,1294,00,,06,6,0,0.00,
4444,219,97,00,,00,1,0,0.00,
4445,219,698,00,,00,1,0,0.00,
4446,219,258,00,,00,2,0,0.00,
4447,219,739,00,,00,2,0,0.00,
4448,219,119,00,,00,3,0,0.00,
4449,219,157,00,,00,3,0,0.00,
4450,219,460,00,,00,4,0,0.00,
4451,219,85,00,,00,5,0,0.00,
4452,219,590,00,,00,5,0,0.00,
4453,219,768,00,,00,6,0,0.00,
4454,219,866,00,,00,6,0,0.00,
4455,219,217,02,,06,4,4,0.00,
4456,219,755,02,,06,4,4,0.00,
4457,219,128,02,,06,5,4,0.00,
4458,219,980,02,,06,6,5,0.00,
4459,219,680,02,,06,6,5,0.00,
4460,219,681,02,,06,6,5,0.00,
4461,219,346,02,,06,7,5,0.00,
4462,219,451,02,,06,7,5,0.00,
4463,219,788,02,,06,7,5,0.00,
4464,219,149,02,,06,8,0,0.00,
4465,219,150,02,,06,8,0,0.00,
4466,219,547,00,,00,4,0,0.00,
4467,220,97,00,,06,1,0,0.00,
4468,220,698,00,,06,1,0,0.00,
4469,220,866,00,,06,1,0,0.00,
4470,220,172,00,,06,2,0,0.00,
4471,220,369,00,,06,2,0,0.00,
4472,220,399,00,,06,3,0,0.00,
4473,220,755,00,,06,3,0,0.00,
4474,220,580,00,,06,4,0,0.00,
4475,220,581,00,,06,4,0,0.00,
4476,220,323,00,,06,5,0,0.00,
4477,220,324,00,,06,5,0,0.00,
4478,220,391,00,,06,5,0,0.00,
4479,221,97,00,,06,1,0,0.00,
4480,221,698,00,,06,1,0,0.00,
4481,221,54,00,,06,2,0,0.00,
4482,221,144,00,,06,2,0,0.00,
4483,221,866,00,,06,2,0,0.00,
4484,221,217,00,,06,3,0,0.00,
4485,221,755,00,,06,3,0,0.00,
4486,221,142,00,,06,4,0,0.00,
4487,221,172,00,,06,4,0,0.00,
4488,221,580,00,,06,5,0,0.00,
4489,221,581,00,,06,5,0,0.00,
4490,221,323,00,,06,6,0,0.00,
4491,221,391,00,,06,6,0,0.00,
4492,221,167,00,,06,7,0,0.00,
4493,221,203,00,,06,7,0,0.00,
4494,221,499,00,,05,3,0,0.00,
4495,221,1468,00,,05,1,0,0.00,
4496,221,1469,00,,05,2,0,0.00,
4497,221,141,00,,09,1,0,0.00,
4498,221,324,00,,09,3,0,0.00,
4499,221,1470,00,,09,2,0,0.00,
4500,222,421,00,,00,1,0,0.00,
4501,222,482,00,,00,1,0,0.00,
4502,222,258,00,,00,2,0,0.00,
4503,222,739,00,,00,2,0,0.00,
4504,222,708,00,,00,3,0,0.00,
4505,222,866,00,,00,3,0,0.00,
4506,222,97,00,,00,4,0,0.00,
4507,222,118,00,,00,4,0,0.00,
4508,222,217,00,,00,5,0,0.00,
4509,222,369,00,,00,5,0,0.00,
4510,222,63,00,,00,6,0,0.00,
4511,222,172,00,,00,6,0,0.00,
4512,222,482,00,,04,1,0,0.00,
4513,222,258,00,,04,2,0,0.00,
4514,222,421,00,,04,3,0,0.00,
4515,222,708,00,,04,4,0,0.00,
4516,222,739,00,,04,5,0,0.00,
4517,222,97,00,,04,6,0,0.00,
4518,222,369,00,,04,7,0,0.00,
4519,222,118,00,,04,8,8,0.00,
4520,222,866,00,,04,9,8,0.00,
4521,222,1471,00,,07,1,0,0.00,
4522,222,1472,00,,07,1,0,0.00,
4523,223,30,00,,00,1,0,0.00,
4524,223,411,00,,00,1,0,0.00,
4525,223,210,00,,00,2,0,0.00,
4526,223,412,00,,00,2,0,0.00,
4527,223,401,00,,00,3,0,0.00,
4528,223,410,00,,00,3,0,0.00,
4529,223,361,00,,00,4,0,0.00,
4530,223,389,00,,00,4,0,0.00,
4531,223,46,00,,00,5,0,0.00,
4532,223,53,00,,00,5,0,0.00,
4533,224,363,00,,00,1,0,0.00,
4534,224,470,00,,00,1,0,0.00,
4535,224,649,00,,00,2,0,0.00,
4536,224,864,00,,00,2,0,0.00,
4537,224,993,00,,00,3,0,0.00,
4538,224,832,00,,00,3,0,0.00,
4539,224,268,00,,00,4,0,0.00,
4540,224,269,00,,00,4,0,0.00,
4541,224,128,00,,00,5,0,0.00,
4542,224,777,00,,00,5,0,0.00,
4543,224,430,00,,00,6,0,0.00,
4544,224,697,00,,00,6,0,0.00,
4545,224,594,00,,00,7,0,0.00,
4546,224,645,00,,00,7,0,0.00,
4547,224,224,00,,00,8,0,0.00,
4548,224,875,00,,00,8,0,0.00,
4549,224,470,00,,02,1,0,0.00,
4550,224,649,00,,02,1,0,0.00,
4551,224,864,00,,02,1,0,0.00,
4552,224,363,00,,02,2,0,0.00,
4553,224,993,00,,02,2,0,0.00,
4554,224,777,00,,02,2,0,0.00,
4555,224,268,00,,02,3,0,0.00,
4556,224,697,00,,02,3,0,0.00,
4557,224,832,00,,02,3,0,0.00,
4558,224,128,00,,02,4,0,0.00,
4559,224,594,00,,02,4,0,0.00,
4560,224,645,00,,02,4,0,0.00,
4561,225,370,00,,11,1,0,0.00,
4562,225,567,00,,11,1,0,0.00,
4563,225,191,00,,11,2,0,0.00,
4564,225,339,00,,11,2,0,0.00,
4565,225,1205,00,,11,2,0,0.00,
4566,225,70,00,,11,3,0,0.00,
4567,225,489,00,,11,3,0,0.00,
4568,225,453,00,,11,4,0,0.00,
4569,225,471,00,,11,4,0,0.00,
4570,225,75,00,,11,5,0,0.00,
4571,225,215,00,,11,5,0,0.00,
4572,225,850,00,,11,5,0,0.00,
4573,225,611,00,,11,7,0,0.00,
4574,225,654,00,,11,7,0,0.00,
4575,225,758,00,,11,7,0,0.00,
4576,225,733,00,,11,8,0,0.00,
4577,225,1473,00,,11,6,0,0.00,
4578,225,1474,00,,11,6,0,0.00,
4579,225,1475,00,,11,8,0,0.00,
4580,225,224,00,,13,1,0,0.00,
4581,225,308,00,,13,1,0,0.00,
4582,225,436,00,,13,1,0,0.00,
4583,225,85,00,,13,2,0,0.00,
4584,225,866,00,,13,2,0,0.00,
4585,225,289,00,,13,3,0,0.00,
4586,225,1,00,,13,3,0,0.00,
4587,225,355,00,,13,4,0,0.00,
4588,225,622,00,,13,4,0,0.00,
4589,225,797,00,,13,4,0,0.00,
4590,225,531,00,,13,5,0,0.00,
4591,225,907,00,,13,6,0,0.00,
4592,225,1476,00,,13,5,0,0.00,
4593,225,1477,00,,13,6,0,0.00,
4594,225,667,00,,05,1,0,0.00,
4595,225,71,00,,05,2,0,0.00,
4596,225,875,00,,05,3,0,0.00,
4597,225,828,00,,05,4,0,0.00,
4598,225,356,00,,05,5,0,0.00,
4599,226,126,00,,00,1,0,0.00,
4600,226,370,00,,00,1,0,0.00,
4601,226,384,00,,00,2,0,0.00,
4602,226,508,00,,00,2,0,0.00,
4603,226,980,00,,00,3,0,0.00,
4604,226,680,00,,00,3,0,0.00,
4605,226,71,00,,03,1,0,0.00,
4606,226,370,00,,03,1,0,0.00,
4607,226,289,00,,03,2,0,0.00,
4608,226,384,00,,03,2,0,0.00,
4609,226,680,00,,03,3,0,0.00,
4610,226,681,00,,03,3,0,0.00,
4611,227,409,00,,00,1,0,0.00,
4612,227,703,00,,00,2,0,0.00,
4613,227,1479,00,,00,1,0,0.00,
4614,227,1478,00,,00,2,0,0.00,
4615,227,1480,00,,09,1,0,0.00,
4616,227,1481,00,,09,1,0,0.00,
4617,228,140,00,,00,1,0,0.00,
4618,228,473,00,,00,1,0,0.00,
4619,228,421,00,,00,2,0,0.00,
4620,228,710,00,,00,2,0,0.00,
4621,228,470,00,,00,3,0,0.00,
4622,228,649,00,,00,3,0,0.00,
4623,228,370,00,,00,4,0,0.00,
4624,228,880,00,,00,4,0,0.00,
4625,228,210,00,,00,5,0,0.00,
4626,228,412,00,,00,5,0,0.00,
4627,228,210,01,,00,1,0,0.00,
4628,228,412,01,,00,1,0,0.00,
4629,228,774,01,,00,2,0,0.00,
4630,228,892,01,,00,2,0,0.00,
4631,228,410,01,,00,3,0,0.00,
4632,228,852,01,,00,3,0,0.00,
4633,228,737,01,,00,4,0,0.00,
4634,228,739,01,,00,4,0,0.00,
4635,228,140,02,A,00,1,0,0.00,
4636,228,473,02,A,00,1,0,0.00,
4637,228,370,02,A,00,2,0,0.00,
4638,228,880,02,A,00,2,0,0.00,
4639,228,210,02,A,00,3,0,0.00,
4640,228,412,02,A,00,3,0,0.00,
4641,228,410,02,A,00,4,0,0.00,
4642,228,852,02,A,00,4,0,0.00,
4643,228,358,02,A,00,5,0,0.00,
4644,228,1048,02,A,00,5,0,0.00,
4645,228,85,02,A,00,6,0,0.00,
4646,228,442,02,A,00,6,0,0.00,
4647,228,46,02,A,00,7,0,0.00,
4648,228,53,02,A,00,7,0,0.00,
4649,228,145,02,A,00,8,0,0.00,
4650,228,536,02,A,00,8,0,0.00,
4651,228,421,02,B,00,1,0,0.00,
4652,228,710,02,B,00,1,0,0.00,
4653,228,470,02,B,00,2,0,0.00,
4654,228,649,02,B,00,2,0,0.00,
4655,228,774,02,B,00,3,0,0.00,
4656,228,892,02,B,00,3,0,0.00,
4657,228,737,02,B,00,4,0,0.00,
4658,228,739,02,B,00,4,0,0.00,
4659,228,112,02,B,00,5,0,0.00,
4660,228,695,02,B,00,5,0,0.00,
4661,228,30,02,B,00,6,0,0.00,
4662,228,411,02,B,00,6,0,0.00,
4663,228,118,02,B,00,7,0,0.00,
4664,228,866,02,B,00,7,0,0.00,
4665,228,361,02,B,00,8,0,0.00,
4666,228,389,02,B,00,8,0,0.00,
4667,228,140,04,A,00,1,0,0.00,
4668,228,473,04,A,00,1,0,0.00,
4669,228,774,04,A,00,2,0,0.00,
4670,228,892,04,A,00,2,0,0.00,
4671,228,112,04,A,00,3,0,0.00,
4672,228,695,04,A,00,3,0,0.00,
4673,228,46,04,A,00,4,0,0.00,
4674,228,53,04,A,00,4,0,0.00,
4675,228,162,04,A,00,5,0,0.00,
4676,228,837,04,A,00,5,0,0.00,
4677,228,1,04,A,00,6,0,0.00,
4678,228,611,04,A,00,7,0,0.00,
4679,228,946,04,A,00,7,0,0.00,
4680,228,1482,04,A,00,6,0,0.00,
4681,228,210,04,B,00,1,0,0.00,
4682,228,412,04,B,00,1,0,0.00,
4683,228,370,04,B,00,2,0,0.00,
4684,228,880,04,B,00,2,0,0.00,
4685,228,410,04,B,00,3,0,0.00,
4686,228,852,04,B,00,3,0,0.00,
4687,228,361,04,B,00,4,0,0.00,
4688,228,389,04,B,00,4,0,0.00,
4689,228,105,04,B,00,5,0,0.00,
4690,228,349,04,B,00,5,0,0.00,
4691,228,801,04,B,00,6,0,0.00,
4692,228,947,04,B,00,6,0,0.00,
4693,228,303,04,B,00,7,0,0.00,
4694,228,578,04,B,00,7,0,0.00,
4695,228,511,04,B,00,8,0,0.00,
4696,228,1483,04,B,00,8,0,0.00,
4697,228,421,04,C,00,1,0,0.00,
4698,228,710,04,C,00,1,0,0.00,
4699,228,30,04,C,00,2,0,0.00,
4700,228,411,04,C,00,2,0,0.00,
4701,228,85,04,C,00,3,0,0.00,
4702,228,442,04,C,00,3,0,0.00,
4703,228,536,04,C,00,4,0,0.00,
4704,228,145,04,C,00,4,0,0.00,
4705,228,408,04,C,00,5,0,0.00,
4706,228,703,04,C,00,5,0,0.00,
4707,228,49,04,C,00,6,0,0.00,
4708,228,333,04,C,00,6,0,0.00,
4709,228,704,04,C,00,7,0,0.00,
4710,228,1484,04,C,00,7,0,0.00,
4711,228,470,04,D,00,1,0,0.00,
4712,228,649,04,D,00,1,0,0.00,
4713,228,358,04,D,00,2,0,0.00,
4714,228,1048,04,D,00,2,0,0.00,
4715,228,737,04,D,00,3,0,0.00,
4716,228,739,04,D,00,3,0,0.00,
4717,228,118,04,D,00,4,0,0.00,
4718,228,866,04,D,00,4,0,0.00,
4719,228,242,04,D,00,5,0,0.00,
4720,228,969,04,D,00,5,0,0.00,
4721,228,414,04,D,00,6,0,0.00,
4722,228,836,04,D,00,6,0,0.00,
4723,228,1102,04,D,00,7,0,0.00,
4724,228,950,04,D,00,7,0,0.00,
4725,228,1485,04,D,00,8,0,0.00,
4726,228,1486,04,D,00,8,0,0.00,
4727,228,47,00,,01,1,0,0.00,
4728,228,667,00,,01,1,0,0.00,
4729,228,163,00,,01,2,0,0.00,
4730,228,367,00,,01,2,0,0.00,
4731,228,289,00,,01,3,0,0.00,
4732,228,441,00,,01,3,0,0.00,
4733,228,1294,00,,01,4,0,0.00,
4734,228,478,00,,01,4,0,0.00,
4735,228,47,02,A,01,1,0,0.00,
4736,228,667,02,A,01,1,0,0.00,
4737,228,1294,02,A,01,2,0,0.00,
4738,228,478,02,A,01,2,0,0.00,
4739,228,815,02,A,01,3,0,0.00,
4740,228,828,02,A,01,3,0,0.00,
4741,228,433,02,A,01,4,0,0.00,
4742,228,289,02,B,01,1,0,0.00,
4743,228,441,02,B,01,1,0,0.00,
4744,228,163,02,B,01,2,0,0.00,
4745,228,367,02,B,01,2,0,0.00,
4746,228,1296,02,B,01,3,0,0.00,
4747,228,1295,02,B,01,3,0,0.00,
4748,228,948,02,B,01,4,0,0.00,
4749,228,1297,02,B,01,5,0,0.00,
4750,228,1298,02,B,01,5,0,0.00,
4751,229,326,00,,00,1,0,0.00,
4752,229,438,00,,00,1,0,0.00,
4753,229,528,00,,00,2,0,0.00,
4754,229,766,00,,00,2,0,0.00,
4755,229,127,00,,11,1,0,0.00,
4756,229,372,00,,11,1,0,0.00,
4757,229,1488,00,,00,3,0,0.00,
4758,229,1489,00,,00,3,0,0.00,
4759,230,217,00,,00,1,0,0.00,
4760,230,866,00,,00,1,0,0.00,
4761,230,985,00,,00,2,0,0.00,
4762,230,540,00,,00,2,0,0.00,
4763,230,580,00,,00,3,0,0.00,
4764,230,581,00,,00,3,0,0.00,
4765,230,399,00,,00,4,0,0.00,
4766,230,598,00,,00,4,0,0.00,
4767,230,8,00,,00,5,0,0.00,
4768,230,493,00,,00,5,0,0.00,
4769,215,667,00,,06,5,5,0.00,
4770,215,875,00,,06,6,5,0.00,
4771,232,308,00,,00,1,0,70.20,
4772,232,887,00,,00,1,0,70.20,
4773,232,363,00,,00,2,0,70.20,
4774,232,470,00,,00,2,0,70.20,
4775,232,675,00,,00,3,0,68.10,
4776,232,737,00,,00,3,0,68.10,
4777,232,567,00,,00,4,0,67.60,
4778,232,710,00,,00,4,0,67.60,
4779,232,126,00,,00,5,0,67.10,
4780,232,370,00,,00,5,0,67.10,
4781,232,993,00,,00,6,0,65.60,
4782,232,649,00,,00,6,0,65.60,
4783,232,140,00,,00,7,0,62.40,
4784,232,473,00,,00,7,0,62.40,
4785,232,442,00,,00,8,0,60.90,
4786,232,780,00,,00,8,0,60.90,
4787,232,308,02,A,00,1,0,58.80,
4788,232,887,02,A,00,1,0,58.80,
4789,232,140,02,A,00,2,0,57.00,
4790,232,473,02,A,00,2,0,57.00,
4791,232,675,02,A,00,3,0,54.50,
4792,232,737,02,A,00,3,0,54.50,
4793,232,442,02,A,00,4,0,54.50,
4794,232,780,02,A,00,4,0,54.50,
4795,232,112,02,A,00,5,0,50.20,
4796,232,695,02,A,00,5,0,50.20,
4797,232,97,02,A,00,6,0,47.40,
4798,232,698,02,A,00,6,0,47.40,
4799,232,708,02,A,00,7,0,42.40,
4800,232,832,02,A,00,7,0,42.40,
4801,232,118,02,A,00,8,0,40.90,
4802,232,848,02,A,00,8,0,40.90,
4803,232,567,02,B,00,1,0,65.10,
4804,232,710,02,B,00,1,0,65.10,
4805,232,126,02,B,00,2,0,64.60,
4806,232,370,02,B,00,2,0,64.60,
4807,232,363,02,B,00,3,0,63.30,
4808,232,470,02,B,00,3,0,63.30,
4809,232,993,02,B,00,4,0,60.60,
4810,232,649,02,B,00,4,0,60.60,
4811,232,268,02,B,00,5,0,58.10,
4812,232,269,02,B,00,5,0,58.10,
4813,232,421,02,B,00,6,0,57.70,
4814,232,482,02,B,00,6,0,57.70,
4815,232,48,02,B,00,7,0,55.60,
4816,232,777,02,B,00,7,0,55.60,
4817,232,855,02,B,00,8,0,42.60,
4818,232,880,02,B,00,8,0,42.60,
4819,232,140,04,A,00,1,0,70.00,
4820,232,473,04,A,00,1,0,70.00,
4821,232,993,04,A,00,2,0,64.30,
4822,232,649,04,A,00,2,0,64.30,
4823,232,97,04,A,00,3,0,61.80,
4824,232,698,04,A,00,3,0,61.80,
4825,232,855,04,A,00,4,0,56.20,
4826,232,880,04,A,00,4,0,56.20,
4827,232,315,04,A,00,5,0,54.70,
4828,232,461,04,A,00,5,0,54.70,
4829,232,567,04,B,00,1,0,66.10,
4830,232,710,04,B,00,1,0,66.10,
4831,232,112,04,B,00,2,0,56.10,
4832,232,695,04,B,00,2,0,56.10,
4833,232,363,04,B,00,3,0,55.50,
4834,232,470,04,B,00,3,0,55.50,
4835,232,118,04,B,00,4,0,43.80,
4836,232,848,04,B,00,4,0,43.80,
4837,232,696,04,B,00,5,0,25.20,
4838,232,442,04,C,00,1,0,63.90,
4839,232,780,04,C,00,1,0,63.90,
4840,232,675,04,C,00,2,0,63.60,
4841,232,737,04,C,00,2,0,63.60,
4842,232,308,04,C,00,3,0,55.20,
4843,232,887,04,C,00,3,0,55.20,
4844,232,708,04,C,00,4,0,48.70,
4845,232,832,04,C,00,4,0,48.70,
4846,232,801,04,C,00,5,0,42.40,
4847,232,947,04,C,00,5,0,42.40,
4848,232,980,04,C,00,6,0,35.20,
4849,232,681,04,C,00,6,0,35.20,
4850,232,48,04,D,00,1,0,59.30,
4851,232,777,04,D,00,1,0,59.30,
4852,232,126,04,D,00,2,0,58.00,
4853,232,370,04,D,00,2,0,58.00,
4854,232,268,04,D,00,3,0,54.80,
4855,232,269,04,D,00,3,0,54.80,
4856,232,421,04,D,00,4,0,54.30,
4857,232,482,04,D,00,4,0,54.30,
4858,232,65,04,D,00,5,0,52.40,
4859,232,281,04,D,00,6,0,51.00,
4860,232,667,04,D,00,6,0,51.00,
4861,232,1491,04,B,00,5,0,25.20,
4862,232,1490,04,D,00,5,0,52.40,
4863,232,140,00,,02,1,0,71.40,
4864,232,473,00,,02,1,0,71.40,
4865,232,567,00,,02,1,0,71.40,
4866,232,942,00,,02,2,0,69.20,
4867,232,308,00,,02,2,0,69.20,
4868,232,887,00,,02,2,0,69.20,
4869,232,370,00,,02,3,0,65.00,
4870,232,737,00,,02,3,0,65.00,
4871,232,880,00,,02,3,0,65.00,
4872,232,363,00,,02,4,0,61.90,
4873,232,470,00,,02,4,0,61.90,
4874,232,649,00,,02,4,0,61.90,
4875,232,268,00,,02,5,0,53.80,
4876,232,269,00,,02,5,0,53.80,
4877,232,848,00,,02,5,0,53.80,
4878,232,103,00,,02,6,0,52.90,
4879,232,442,00,,02,6,0,52.90,
4880,232,780,00,,02,6,0,52.90,
4881,232,140,02,A,02,1,0,67.40,
4882,232,473,02,A,02,1,0,67.40,
4883,232,567,02,A,02,1,0,67.40,
4884,232,363,02,A,02,2,0,58.90,
4885,232,470,02,A,02,2,0,58.90,
4886,232,649,02,A,02,2,0,58.90,
4887,232,103,02,A,02,3,0,55.10,
4888,232,442,02,A,02,3,0,55.10,
4889,232,780,02,A,02,3,0,55.10,
4890,232,97,02,A,02,4,0,53.90,
4891,232,421,02,A,02,4,0,53.90,
4892,232,482,02,A,02,4,0,53.90,
4893,232,118,02,A,02,5,0,40.00,
4894,232,696,02,A,02,5,0,40.00,
4895,232,697,02,A,02,5,0,40.00,
4896,232,695,02,A,02,6,0,33.40,
4897,232,948,02,A,02,6,0,33.40,
4898,232,832,02,A,02,6,0,33.40,
4899,232,950,02,A,02,7,0,32.80,
4900,232,801,02,A,02,7,0,32.80,
4901,232,947,02,A,02,7,0,32.80,
4902,232,942,02,B,02,1,0,64.50,
4903,232,308,02,B,02,1,0,64.50,
4904,232,887,02,B,02,1,0,64.50,
4905,232,370,02,B,02,2,0,62.60,
4906,232,737,02,B,02,2,0,62.60,
4907,232,880,02,B,02,2,0,62.60,
4908,232,268,02,B,02,3,0,52.90,
4909,232,269,02,B,02,3,0,52.90,
4910,232,848,02,B,02,3,0,52.90,
4911,232,112,02,B,02,4,0,52.00,
4912,232,675,02,B,02,4,0,52.00,
4913,232,710,02,B,02,4,0,52.00,
4914,232,48,02,B,02,5,0,47.00,
4915,232,126,02,B,02,5,0,47.00,
4916,232,777,02,B,02,5,0,47.00,
4917,232,65,02,B,02,6,0,40.70,
4918,232,315,02,B,02,6,0,40.70,
4919,232,461,02,B,02,6,0,40.70,
4920,232,980,02,B,02,7,0,31.10,
4921,232,680,02,B,02,7,0,31.10,
4922,232,681,02,B,02,7,0,31.10,
4923,232,567,00,,03,1,0,66.20,
4924,232,706,00,,03,1,0,66.20,
4925,232,163,00,,03,2,0,64.90,
4926,232,421,00,,03,2,0,64.90,
4927,232,308,00,,03,3,0,64.10,
4928,232,667,00,,03,3,0,64.10,
4929,232,367,00,,03,4,0,63.90,
4930,232,737,00,,03,4,0,63.90,
4931,232,486,00,,03,5,0,62.70,
4932,232,675,00,,03,5,0,62.70,
4933,232,441,00,,03,6,0,56.70,
4934,232,442,00,,03,6,0,56.70,
4935,232,367,02,A,03,1,0,59.10,
4936,232,737,02,A,03,1,0,59.10,
4937,232,308,02,A,03,2,0,59.00,
4938,232,667,02,A,03,2,0,59.00,
4939,232,441,02,A,03,3,0,51.00,
4940,232,442,02,A,03,3,0,51.00,
4941,232,649,02,A,03,4,0,46.60,
4942,232,948,02,A,03,4,0,46.60,
4943,232,964,02,A,03,5,0,38.40,
4944,232,708,02,A,03,5,0,38.40,
4945,232,163,02,B,03,1,0,60.20,
4946,232,421,02,B,03,1,0,60.20,
4947,232,567,02,B,03,2,0,58.30,
4948,232,706,02,B,03,2,0,58.30,
4949,232,486,02,B,03,3,0,52.50,
4950,232,675,02,B,03,3,0,52.50,
4951,232,289,02,B,03,4,0,51.40,
4952,232,461,02,B,03,4,0,51.40,
4953,232,680,02,B,03,5,0,44.50,
4954,232,681,02,B,03,5,0,44.50,
4955,232,224,02,B,03,6,0,40.10,
4956,232,875,02,B,03,6,0,40.10,
4957,232,441,00,,01,1,0,58.30,
4958,232,706,00,,01,1,0,58.30,
4959,232,367,00,,01,2,0,51.40,
4960,232,486,00,,01,2,0,51.40,
4961,232,289,00,,01,3,0,50.50,
4962,232,667,00,,01,3,0,50.50,
4963,232,980,00,,01,4,0,48.00,
4964,232,680,00,,01,4,0,48.00,
4965,232,163,00,,01,5,0,45.20,
4966,232,677,00,,01,5,0,45.20,
4967,232,309,00,,09,1,0,0.00,
4968,232,947,00,,09,2,0,0.00,
4969,232,801,00,,09,3,0,0.00,
4970,232,950,00,,09,4,0,0.00,
4971,232,832,00,,09,5,0,0.00,
4972,232,1288,00,,09,6,0,0.00,
4973,232,680,00,,10,1,0,0.00,
4974,232,948,00,,10,2,0,0.00,
4975,232,980,00,,10,3,0,0.00,
4976,232,1333,00,,10,4,0,0.00,
4977,232,1492,00,,09,7,0,0.00,
4978,233,48,00,,02,1,0,0.00,"Routine of the year 100% spontaneous"
4979,233,470,00,,02,1,0,0.00,"Routine of the year 100% spontaneous"
4980,233,649,00,,02,1,0,0.00,"Routine of the year 100% spontaneous"
4981,233,140,00,,02,2,0,0.00,
4982,233,473,00,,02,2,0,0.00,
4983,233,567,00,,02,2,0,0.00,
4984,233,112,00,,02,3,0,0.00,
4985,233,675,00,,02,3,0,0.00,
4986,233,710,00,,02,3,0,0.00,
4987,233,645,00,,02,4,4,0.00,
4988,233,747,00,,02,4,4,0.00,
4989,233,891,00,,02,4,4,0.00,
4990,233,128,00,,02,5,4,0.00,
4991,233,1491,00,,02,5,4,0.00,
4992,233,289,00,,02,5,4,0.00,
4993,233,225,00,,02,6,4,0.00,
4994,233,697,00,,02,6,4,0.00,
4995,233,807,00,,02,6,4,0.00,
4996,233,473,00,,00,1,0,0.00,
4997,233,567,00,,00,1,0,0.00,
4998,233,470,00,,00,2,0,0.00,
4999,233,649,00,,00,2,0,0.00,
5000,233,112,00,,00,3,0,0.00,
5001,233,140,00,,00,3,0,0.00,
5002,233,747,00,,00,4,0,0.00,
5003,233,891,00,,00,4,0,0.00,
5004,233,675,00,,00,5,0,0.00,
5005,233,710,00,,00,5,0,0.00,
5006,233,645,00,,00,6,0,0.00,
5007,233,289,00,,00,6,0,0.00,
5008,233,48,00,,00,7,0,0.00,
5009,233,128,00,,00,7,0,0.00,
5010,233,225,00,,00,8,0,0.00,
5011,233,807,00,,00,8,0,0.00,
5012,233,289,00,,03,1,0,0.00,
5013,233,675,00,,03,1,0,0.00,
5014,234,258,00,,06,1,1,0.00,
5015,234,698,00,,06,1,1,0.00,
5016,234,533,00,,06,2,1,0.00,
5017,234,638,00,,06,2,1,0.00,
5018,234,217,00,,06,3,0,0.00,
5019,234,866,00,,06,3,0,0.00,
5020,234,581,00,,06,4,0,0.00,
5021,234,399,00,,06,5,0,0.00,
5022,234,580,00,,06,5,0,0.00,
5023,234,1493,00,,06,4,0,0.00,
5024,234,1494,00,,06,4,0,0.00,
5025,235,140,00,,02,1,0,0.00,
5026,235,473,00,,02,1,0,0.00,
5027,235,567,00,,02,1,0,0.00,
5028,235,308,00,,02,2,0,0.00,
5029,235,737,00,,02,2,0,0.00,
5030,235,887,00,,02,2,0,0.00,
5031,235,328,00,,02,3,0,0.00,
5032,235,367,00,,02,3,0,0.00,
5033,235,486,00,,02,3,0,0.00,
5034,235,460,00,,02,4,0,0.00,
5035,235,495,00,,02,4,0,0.00,
5036,235,660,00,,02,4,0,0.00,
5037,235,217,00,,02,5,0,0.00,
5038,235,608,00,,02,5,0,0.00,
5039,235,667,00,,02,5,0,0.00,
5040,235,293,00,,02,6,0,0.00,
5041,235,339,00,,02,6,0,0.00,
5042,235,712,00,,02,6,0,0.00,
5043,235,17,02,,02,1,7,0.00,
5044,235,162,02,,02,1,7,0.00,
5045,235,309,02,,02,1,7,0.00,
5046,235,85,02,,02,2,7,0.00,
5047,235,1491,02,,02,2,7,0.00,
5048,235,828,02,,02,2,7,0.00,
5049,235,355,02,,02,3,8,0.00,
5050,235,622,02,,02,3,8,0.00,
5051,235,946,02,,02,3,8,0.00,
5052,235,356,02,,02,4,8,0.00,
5053,235,295,02,,02,4,8,0.00,
5054,235,296,02,,02,4,8,0.00,
5055,236,421,00,,00,1,0,0.00,
5056,236,567,00,,00,1,0,0.00,
5057,236,4,00,,00,2,0,0.00,
5058,236,358,00,,00,2,0,0.00,
5059,236,397,00,,00,3,0,0.00,
5060,236,482,00,,00,3,0,0.00,
5061,236,97,00,,00,4,0,0.00,
5062,236,698,00,,00,4,0,0.00,
5063,236,4,02,A,00,1,0,0.00,
5064,236,358,02,A,00,1,0,0.00,
5065,236,397,02,A,00,2,0,0.00,
5066,236,482,02,A,00,2,0,0.00,
5067,236,442,02,A,00,3,0,0.00,
5068,236,887,02,A,00,3,0,0.00,
5069,236,191,02,A,00,4,0,0.00,
5070,236,944,02,A,00,4,0,0.00,
5071,236,421,02,B,00,1,0,0.00,
5072,236,567,02,B,00,1,0,0.00,
5073,236,97,02,B,00,2,0,0.00,
5074,236,698,02,B,00,2,0,0.00,
5075,236,217,02,B,00,3,0,0.00,
5076,236,590,02,B,00,3,0,0.00,
5077,236,441,02,B,00,4,0,0.00,
5078,236,944,02,B,00,4,0,0.00,
5079,236,421,00,,03,1,0,0.00,
5080,236,944,00,,03,1,0,0.00,
5081,236,441,00,,03,2,0,0.00,
5082,236,442,00,,03,2,0,0.00,
5083,236,964,00,,03,3,0,0.00,
5084,236,708,00,,03,3,0,0.00,
5085,237,801,00,,09,1,0,0.00,
5086,237,832,00,,09,2,0,0.00,
5087,237,950,00,,09,3,0,0.00,
5088,237,309,00,,09,4,0,0.00,
5089,237,1288,00,,09,5,0,0.00,
5090,237,142,00,,09,6,0,0.00,
5091,237,832,04,1,09,1,0,0.00,
5092,237,1288,04,1,09,2,0,0.00,
5093,237,466,04,1,09,4,0,0.00,
5094,237,1495,04,1,09,3,0,0.00,
5095,237,1496,04,1,09,5,0,0.00,
5096,237,1497,04,1,09,6,0,0.00,
5097,237,801,04,2,09,1,0,0.00,
5098,237,142,04,2,09,2,0,0.00,
5099,237,1498,04,2,09,3,0,0.00,
5100,237,1499,04,2,09,4,0,0.00,
5101,237,1500,04,2,09,5,0,0.00,
5102,237,1501,04,2,09,6,0,0.00,
5103,237,309,04,3,09,1,0,0.00,
5104,237,950,04,3,09,2,0,0.00,
5105,237,1382,04,3,09,4,0,0.00,
5106,237,1383,04,3,09,5,0,0.00,
5107,237,1502,04,3,09,3,0,0.00,
5108,237,1503,04,3,09,6,0,0.00,
5109,237,680,00,,10,1,0,0.00,
5110,237,948,00,,10,2,0,0.00,
5111,237,1333,00,,10,3,0,0.00,
5112,237,980,00,,10,5,0,0.00,
5113,237,1471,00,,10,6,0,0.00,
5114,237,1504,00,,10,4,0,0.00,
5115,237,1505,00,,10,7,0,0.00,
5116,237,1506,00,,10,8,0,0.00,
5117,237,814,00,,07,1,0,0.00,"Collegiate Division Men"
5118,237,947,00,,07,2,0,0.00,
5119,237,765,00,,07,3,0,0.00,
5120,237,354,00,,07,4,0,0.00,
5121,237,1098,00,,07,5,0,0.00,
5122,237,1291,00,,07,6,0,0.00,
5123,237,1507,00,,07,7,0,0.00,
5124,237,1509,00,,07,8,0,0.00,
5125,237,1510,00,,07,9,0,0.00,
5126,237,1290,00,,08,1,0,0.00,"Collegiate Division Women"
5127,237,1011,00,,08,3,0,0.00,
5128,237,296,00,,08,6,0,0.00,
5129,237,1508,00,,08,7,0,0.00,
5130,237,1511,00,,08,2,0,0.00,
5131,237,1512,00,,08,4,0,0.00,
5132,237,1513,00,,08,5,0,0.00,
5133,245,470,00,,02,1,0,0.00,
5134,245,660,00,,02,1,0,0.00,
5135,245,710,00,,02,1,0,0.00,
5136,245,210,00,,02,2,0,0.00,
5137,245,375,00,,02,2,0,0.00,
5138,245,690,00,,02,2,0,0.00,
5139,245,370,00,,02,3,0,0.00,
5140,245,880,00,,02,3,0,0.00,
5141,245,852,00,,02,3,0,0.00,
5142,245,774,00,,02,4,0,0.00,
5143,245,839,00,,02,4,0,0.00,
5144,245,892,00,,02,4,0,0.00,
5145,245,30,00,,02,5,0,0.00,
5146,245,410,00,,02,5,0,0.00,
5147,245,411,00,,02,5,0,0.00,
5148,245,15,00,,02,6,0,0.00,
5149,245,401,00,,02,6,0,0.00,
5150,245,582,00,,02,6,0,0.00,
5151,245,1294,00,,01,1,0,0.00,
5152,245,478,00,,01,1,0,0.00,
5153,245,433,00,,01,2,0,0.00,
5154,245,1515,00,,01,2,0,0.00,
5155,245,1516,00,,01,3,0,0.00,
5156,245,1517,00,,01,3,0,0.00,
5157,245,1295,00,,01,4,0,0.00,
5158,245,1296,00,,01,4,0,0.00,
5159,245,1298,00,,01,5,0,0.00,
5160,245,1297,00,,01,5,0,0.00,
5161,245,1299,00,,01,6,0,0.00,
5162,245,1518,00,,01,6,0,0.00,
5163,245,470,02,A,02,1,0,0.00,
5164,245,660,02,A,02,1,0,0.00,
5165,245,710,02,A,02,1,0,0.00,
5166,245,774,02,A,02,2,0,0.00,
5167,245,839,02,A,02,2,0,0.00,
5168,245,892,02,A,02,2,0,0.00,
5169,245,30,02,A,02,3,0,0.00,
5170,245,410,02,A,02,3,0,0.00,
5171,245,411,02,A,02,3,0,0.00,
5172,245,105,02,A,02,4,0,0.00,
5173,245,241,02,A,02,4,0,0.00,
5174,245,866,02,A,02,4,0,0.00,
5175,245,333,02,A,02,5,0,0.00,
5176,245,409,02,A,02,5,0,0.00,
5177,245,678,02,A,02,5,0,0.00,
5178,245,414,02,A,02,6,0,0.00,
5179,245,583,02,A,02,6,0,0.00,
5180,245,836,02,A,02,6,0,0.00,
5181,245,210,02,B,02,1,0,0.00,
5182,245,375,02,B,02,1,0,0.00,
5183,245,690,02,B,02,1,0,0.00,
5184,245,370,02,B,02,2,0,0.00,
5185,245,880,02,B,02,2,0,0.00,
5186,245,852,02,B,02,2,0,0.00,
5187,245,15,02,B,02,3,0,0.00,
5188,245,401,02,B,02,3,0,0.00,
5189,245,582,02,B,02,3,0,0.00,
5190,245,85,02,B,02,4,0,0.00,
5191,245,162,02,B,02,4,0,0.00,
5192,245,837,02,B,02,4,0,0.00,
5193,245,118,02,B,02,5,0,0.00,
5194,245,242,02,B,02,5,0,0.00,
5195,245,866,02,B,02,5,0,0.00,
5196,245,238,02,B,02,6,0,0.00,
5197,245,303,02,B,02,6,0,0.00,
5198,245,881,02,B,02,6,0,0.00,
5199,246,65,00,,11,1,0,0.00,
5200,246,662,00,,11,1,0,0.00,
5201,246,737,00,,11,2,0,0.00,
5202,246,370,00,,11,2,0,0.00,
5203,246,675,00,,11,2,0,0.00,
5204,246,461,00,,11,3,0,0.00,
5205,246,859,00,,11,3,0,0.00,
5206,246,85,00,,11,4,0,0.00,
5207,246,93,00,,11,4,0,0.00,
5208,246,866,00,,11,4,0,0.00,
5209,246,594,00,,11,5,0,0.00,
5210,246,645,00,,11,5,0,0.00,
5211,246,471,00,,11,6,0,0.00,
5212,246,711,00,,11,6,0,0.00,
5213,246,805,00,,11,6,0,0.00,
5214,246,339,00,,11,7,7,0.00,
5215,246,810,00,,11,7,7,0.00,
5216,246,1475,00,,11,8,7,0.00,
5217,246,1332,00,,11,8,7,0.00,
5218,246,666,00,,11,8,7,0.00,
5219,246,670,00,,11,9,0,0.00,
5220,246,872,00,,11,9,0,0.00,
5221,246,1520,00,,11,7,7,0.00,
5222,246,1519,00,,11,9,0,0.00,
5223,246,224,00,,13,1,0,0.00,
5224,246,328,00,,13,1,0,0.00,
5225,246,708,00,,13,1,0,0.00,
5226,246,281,00,,13,2,0,0.00,
5227,246,754,00,,13,2,0,0.00,
5228,246,427,00,,13,3,0,0.00,
5229,246,1,00,,13,3,0,0.00,
5230,247,326,00,,00,1,0,0.00,
5231,247,438,00,,00,1,0,0.00,
5232,247,800,00,,00,2,0,0.00,
5233,247,459,00,,00,2,0,0.00,
5234,247,576,00,,00,3,0,0.00,
5235,247,665,00,,00,3,0,0.00,
5236,247,51,00,,00,4,0,0.00,
5237,247,766,00,,00,4,0,0.00,
5238,247,127,00,,11,1,0,0.00,
5239,247,372,00,,11,1,0,0.00,
5240,247,107,00,,11,2,0,0.00,
5241,247,1521,00,,11,2,0,0.00,
5242,247,1523,00,,09,1,0,0.00,
5243,247,1522,00,,09,1,0,0.00,
5244,248,85,00,,06,1,0,0.00,
5245,248,427,00,,06,1,0,0.00,
5246,248,591,00,,06,2,0,0.00,
5247,248,844,00,,06,2,0,0.00,
5248,248,452,00,,06,3,0,0.00,
5249,248,772,00,,06,3,0,0.00,
5250,248,559,00,,06,4,0,0.00,
5251,248,574,00,,06,4,0,0.00,
5252,248,641,00,,06,4,0,0.00,
5253,248,329,00,,06,5,0,0.00,
5254,248,523,00,,06,5,0,0.00,
5255,248,822,00,,06,5,0,0.00,
5256,248,291,00,,06,6,0,0.00,
5257,248,292,00,,06,6,0,0.00,
5258,249,424,00,,00,1,0,0.00,
5259,249,867,00,,00,1,0,0.00,
5260,249,427,00,,00,2,0,0.00,
5261,249,54,00,,00,2,0,0.00,
5262,249,132,00,,00,3,0,0.00,
5263,249,276,00,,00,3,0,0.00,
5264,249,294,00,,00,4,0,0.00,
5265,249,699,00,,00,4,0,0.00,
5266,249,335,00,,00,5,0,0.00,
5267,249,611,00,,00,5,0,0.00,
5268,249,136,00,,00,6,0,0.00,
5269,249,586,00,,00,6,0,0.00,
5270,249,231,00,,00,7,0,0.00,
5271,249,492,00,,00,7,0,0.00,
5272,249,786,00,,00,8,0,0.00,
5273,249,873,00,,00,8,0,0.00,
5274,249,316,00,,07,1,0,0.00,
5275,249,494,00,,07,2,0,0.00,
5276,249,632,00,,07,3,0,0.00,
5277,249,1366,00,,08,1,0,0.00,
5278,249,1524,00,,09,1,0,0.00,
5279,249,1525,00,,09,2,2,0.00,
5280,249,1526,00,,09,3,2,0.00,
5281,250,280,00,,00,1,0,0.00,
5282,250,470,00,,00,1,0,0.00,
5283,250,138,00,,00,2,0,0.00,
5284,250,526,00,,00,2,0,0.00,
5285,250,269,00,,00,3,0,0.00,
5286,250,662,00,,00,3,0,0.00,
5287,250,268,00,,00,4,0,0.00,
5288,250,875,00,,00,4,0,0.00,
5289,250,645,00,,00,5,0,0.00,
5290,250,677,00,,00,5,0,0.00,
5291,250,269,00,,02,1,0,0.00,"Random co-op"
5292,250,470,00,,02,1,0,0.00,
5293,250,526,00,,02,1,0,0.00,
5294,250,268,00,,02,2,0,0.00,
5295,250,280,00,,02,2,0,0.00,
5296,250,645,00,,02,2,0,0.00,
5297,250,138,00,,02,3,0,0.00,
5298,250,430,00,,02,3,0,0.00,
5299,250,677,00,,02,3,0,0.00,
5300,251,370,00,,06,1,0,0.00,
5301,251,362,00,,06,1,0,0.00,
5302,251,884,00,,06,1,0,0.00,
5303,251,363,00,,06,2,0,0.00,
5304,251,280,00,,06,2,0,0.00,
5305,251,470,00,,06,2,0,0.00,
5306,251,268,00,,06,3,0,0.00,
5307,251,269,00,,06,3,0,0.00,
5308,251,848,00,,06,3,0,0.00,
5309,251,65,00,,06,4,0,0.00,
5310,251,427,00,,06,4,0,0.00,
5311,251,662,00,,06,4,0,0.00,
5312,251,696,00,,06,5,0,0.00,
5313,251,697,00,,06,5,0,0.00,
5314,251,526,00,,06,6,0,0.00,
5315,251,594,00,,06,6,0,0.00,
5316,251,645,00,,06,6,0,0.00,
5317,252,421,00,,06,1,0,0.00,
5318,252,708,00,,06,1,0,0.00,
5319,252,97,00,,06,2,0,0.00,
5320,252,128,00,,06,2,0,0.00,
5321,252,118,00,,06,3,3,0.00,
5322,252,866,00,,06,3,3,0.00,
5323,252,399,00,,06,4,3,0.00,
5324,252,698,00,,06,4,3,0.00,
5325,252,369,00,,06,5,5,0.00,
5326,252,755,00,,06,5,5,0.00,
5327,252,323,00,,06,6,5,0.00,
5328,252,391,00,,06,6,5,0.00,
5329,252,856,00,,06,7,7,0.00,
5330,252,203,00,,06,8,7,0.00,
5331,252,205,00,,06,8,7,0.00,
5332,252,142,00,,06,9,9,0.00,
5333,252,173,00,,06,9,9,0.00,
5334,252,580,00,,06,9,9,0.00,
5335,252,8,00,,06,10,9,0.00,
5336,252,518,00,,06,10,9,0.00,
5337,252,756,00,,06,11,11,0.00,
5338,252,563,00,,06,11,11,0.00,
5339,252,184,00,,06,11,11,0.00,
5340,252,141,00,,06,12,11,0.00,
5341,252,415,00,,06,12,11,0.00,
5342,252,279,00,,06,13,0,0.00,
5343,252,635,00,,06,13,0,0.00,
5344,252,345,00,,06,7,7,0.00,
5345,253,421,00,,06,1,0,0.00,
5346,253,178,00,,06,1,0,0.00,
5347,253,482,00,,06,2,0,0.00,
5348,253,358,00,,06,2,0,0.00,
5349,253,472,00,,06,3,0,0.00,
5350,253,713,00,,06,3,0,0.00,
5351,253,317,00,,06,4,0,0.00,
5352,253,607,00,,06,4,0,0.00,
5353,253,379,00,,06,4,0,0.00,
5354,255,80,00,,19,1,0,0.00,
5355,255,140,00,,19,1,0,0.00,
5356,255,383,00,,19,2,0,0.00,
5357,255,736,00,,19,2,0,0.00,
5358,255,796,00,,19,3,0,0.00,
5359,255,838,00,,19,3,0,0.00,
5360,255,382,00,,19,4,0,0.00,
5361,255,721,00,,19,4,0,0.00,
5362,255,273,00,,19,5,0,0.00,
5363,255,640,00,,19,5,0,0.00,
5364,255,297,00,,19,6,0,0.00,
5365,255,313,00,,19,6,0,0.00,
5366,255,462,00,,19,6,0,0.00,
5367,255,161,00,,19,7,0,0.00,
5368,255,783,00,,19,7,0,0.00,
5369,255,187,00,,19,8,0,0.00,
5370,255,541,00,,19,8,0,0.00,
5371,255,542,00,,19,8,0,0.00,
5372,255,720,00,,19,8,0,0.00,
5373,256,590,00,,00,1,0,0.00,
5374,256,217,00,,00,1,0,0.00,
5375,256,708,00,,00,2,0,0.00,
5376,256,866,00,,00,2,0,0.00,
5377,256,642,00,,00,3,0,0.00,
5378,256,375,00,,00,3,0,0.00,
5379,256,96,00,,00,4,0,0.00,
5380,256,97,00,,00,4,0,0.00,
5381,258,486,00,,00,1,0,0.00,
5382,258,737,00,,00,1,0,0.00,
5383,258,328,00,,00,2,0,0.00,
5384,258,367,00,,00,2,0,0.00,
5385,258,79,00,,00,3,0,0.00,
5386,258,706,00,,00,3,0,0.00,
5387,258,328,02,,00,1,0,0.00,
5388,258,706,02,,00,1,0,0.00,
5389,258,737,02,,00,2,0,0.00,
5390,258,367,02,,00,2,0,0.00,
5391,258,79,02,,00,3,0,0.00,
5392,258,486,02,,00,3,0,0.00,
5393,258,706,00,,03,1,0,0.00,
5394,258,737,00,,03,1,0,0.00,
5395,258,486,00,,03,2,0,0.00,
5396,258,328,00,,03,2,0,0.00,
5397,258,367,00,,03,3,0,0.00,
5398,258,79,00,,03,3,0,0.00,
5399,259,140,00,,06,1,0,0.00,
5400,259,473,00,,06,1,0,0.00,
5401,259,48,00,,06,2,0,0.00,
5402,259,370,00,,06,2,0,0.00,
5403,259,880,00,,06,2,0,0.00,
5404,259,461,00,,06,3,0,0.00,
5405,259,701,00,,06,3,0,0.00,
5406,259,112,00,,06,4,0,0.00,
5407,259,695,00,,06,4,0,0.00,
5408,259,675,00,,06,5,0,0.00,
5409,259,690,00,,06,5,0,0.00,
5410,259,262,00,,06,6,0,0.00,
5411,259,660,00,,06,6,0,0.00,
5412,259,65,00,,06,7,7,0.00,
5413,259,662,00,,06,7,7,0.00,
5414,259,505,00,,06,8,7,0.00,
5415,259,667,00,,06,8,7,0.00,
5416,259,254,00,,06,9,9,0.00,
5417,259,527,00,,06,9,9,0.00,
5418,259,805,00,,06,9,9,0.00,
5419,259,663,00,,06,10,9,0.00,
5420,259,753,00,,06,10,9,0.00,
5421,259,859,00,,06,10,9,0.00,
5422,259,225,00,,06,11,11,0.00,
5423,259,883,00,,06,11,11,0.00,
5424,259,247,00,,06,12,11,0.00,
5425,259,1,00,,06,12,11,0.00,
5426,259,672,00,,06,12,11,0.00,
5427,260,128,00,,06,1,0,0.00,
5428,260,597,00,,06,1,0,0.00,
5429,260,667,00,,06,2,0,0.00,
5430,260,695,00,,06,2,0,0.00,
5431,260,140,00,,06,3,0,0.00,
5432,260,660,00,,06,3,0,0.00,
5433,260,97,00,,06,4,0,0.00,
5434,260,590,00,,06,4,0,0.00,
5435,260,119,00,,06,5,0,0.00,
5436,260,157,00,,06,5,0,0.00,
5437,260,346,00,,06,6,0,0.00,
5438,260,768,00,,06,6,0,0.00,
5439,260,85,00,,06,7,7,0.00,
5440,260,460,00,,06,7,7,0.00,
5441,260,805,00,,06,8,7,0.00,
5442,260,866,00,,06,8,7,0.00,
5443,260,463,00,,06,9,9,0.00,
5444,260,814,00,,06,9,9,0.00,
5445,260,149,00,,06,10,9,0.00,
5446,260,339,00,,06,10,9,0.00,
5447,260,658,00,,06,10,9,0.00,
5448,260,177,00,,06,11,11,0.00,
5449,260,506,00,,06,11,11,0.00,
5450,260,762,00,,06,11,11,0.00,
5451,260,765,00,,06,12,11,0.00,
5452,260,788,00,,06,12,11,0.00,
5453,260,876,00,,06,12,11,0.00,
5454,260,451,00,,06,13,0,0.00,
5455,260,760,00,,06,13,0,0.00,
5456,261,463,00,,06,1,0,0.00,
5457,261,464,00,,06,1,0,0.00,
5458,261,814,00,,06,1,0,0.00,
5459,261,83,00,,06,2,0,0.00,
5460,261,765,00,,06,2,0,0.00,
5461,261,435,00,,06,3,0,0.00,
5462,261,440,00,,06,3,0,0.00,
5463,262,140,00,,00,1,0,0.00,
5464,262,855,00,,00,1,0,0.00,
5465,262,85,00,,00,2,0,0.00,
5466,262,1,00,,00,2,0,0.00,
5467,262,557,00,,00,3,0,0.00,
5468,262,672,00,,00,3,0,0.00,
5469,262,254,00,,00,4,0,0.00,
5470,262,828,00,,00,4,0,0.00,
5471,262,225,00,,00,5,0,0.00,
5472,262,562,00,,00,5,0,0.00,
5473,262,162,00,,00,6,0,0.00,
5474,262,474,00,,00,6,0,0.00,
5475,262,656,00,,00,7,0,0.00,
5476,262,805,00,,00,7,0,0.00,
5477,263,463,00,,00,1,0,0.00,
5478,263,814,00,,00,1,0,0.00,
5479,263,83,00,,00,2,0,0.00,
5480,263,440,00,,00,2,0,0.00,
5481,263,464,00,,00,3,0,0.00,
5482,263,376,00,,00,3,0,0.00,
5483,263,435,00,,00,4,0,0.00,
5484,263,340,00,,00,4,0,0.00,
5485,264,144,00,,06,1,0,0.00,
5486,264,597,00,,06,1,0,0.00,
5487,264,128,00,,06,2,0,0.00,
5488,264,308,00,,06,2,0,0.00,
5489,264,887,00,,06,2,0,0.00,
5490,264,660,00,,06,3,0,0.00,
5491,264,695,00,,06,3,0,0.00,
5492,264,590,00,,06,4,0,0.00,
5493,264,866,00,,06,4,0,0.00,
5494,264,119,00,,06,5,0,0.00,
5495,264,157,00,,06,5,0,0.00,
5496,264,85,00,,06,6,0,0.00,
5497,264,346,00,,06,6,0,0.00,
5498,264,4,00,,06,7,0,0.00,
5499,264,54,00,,06,7,0,0.00,
5500,264,451,00,,06,8,0,0.00,
5501,264,871,00,,06,8,0,0.00,
5502,264,104,00,,06,9,9,0.00,
5503,264,658,00,,06,9,9,0.00,
5504,264,495,00,,06,10,9,0.00,
5505,264,708,00,,06,10,9,0.00,
5506,264,217,00,,06,11,11,0.00,
5507,264,768,00,,06,11,11,0.00,
5508,264,758,00,,06,12,11,0.00,
5509,264,448,00,,06,13,13,0.00,
5510,264,584,00,,06,13,13,0.00,
5511,264,535,00,,06,14,13,0.00,
5512,264,727,00,,06,14,13,0.00,
5513,264,676,00,,06,15,15,0.00,
5514,264,534,00,,06,16,15,0.00,
5515,264,566,00,,06,16,15,0.00,
5516,264,757,00,,06,16,15,0.00,
5517,264,391,00,,06,17,0,0.00,
5518,264,399,00,,06,17,0,0.00,
5519,265,30,00,,00,1,0,0.00,
5520,265,210,00,,00,1,0,0.00,
5521,265,53,00,,00,2,0,0.00,
5522,265,389,00,,00,2,0,0.00,
5523,265,409,00,,00,3,0,0.00,
5524,265,478,00,,00,3,0,0.00,
5525,265,302,00,,00,4,0,0.00,
5526,265,333,00,,00,4,0,0.00,
5527,266,30,00,,00,1,0,0.00,
5528,266,411,00,,00,1,0,0.00,
5529,266,242,00,,00,2,0,0.00,
5530,266,852,00,,00,2,0,0.00,
5531,266,412,00,,00,3,0,0.00,
5532,266,734,00,,00,3,0,0.00,
5533,266,53,00,,00,4,0,0.00,
5534,266,389,00,,00,4,0,0.00,
5535,267,370,00,,00,1,1,74.70,
5536,267,675,00,,00,1,1,74.70,
5537,267,470,00,,00,2,1,74.70,
5538,267,701,00,,00,2,1,74.70,
5539,267,140,00,,00,3,0,72.40,
5540,267,473,00,,00,3,0,72.40,
5541,267,737,00,,00,4,0,69.50,
5542,267,880,00,,00,4,0,69.50,
5543,267,660,00,,00,5,0,63.80,
5544,267,695,00,,00,5,0,63.80,
5545,267,328,00,,00,6,0,59.80,
5546,267,706,00,,00,6,0,59.80,
5547,267,495,00,,00,7,0,54.30,
5548,267,558,00,,00,7,0,54.30,
5549,267,667,00,,03,1,0,70.40,
5550,267,695,00,,03,1,0,70.40,
5551,267,884,00,,03,2,0,67.50,
5552,267,470,00,,03,2,0,67.50,
5553,267,677,00,,03,3,0,66.00,
5554,267,473,00,,03,3,0,66.00,
5555,267,163,00,,03,4,0,63.30,
5556,267,701,00,,03,4,0,63.30,
5557,267,367,00,,03,5,0,63.20,
5558,267,737,00,,03,5,0,63.20,
5559,267,706,00,,03,6,0,58.90,
5560,267,140,00,,03,6,0,58.90,
5561,267,290,00,,03,7,7,0.00,
5562,267,675,00,,03,7,7,0.00,
5563,267,630,00,,03,8,7,0.00,
5564,267,880,00,,03,8,7,0.00,
5565,267,441,00,,03,9,0,0.00,
5566,267,328,00,,03,9,0,0.00,
5567,267,163,00,,01,1,0,0.00,
5568,267,884,00,,01,1,0,0.00,
5569,267,667,00,,01,2,0,0.00,
5570,267,677,00,,01,2,0,0.00,
5571,267,290,00,,01,3,0,0.00,
5572,267,367,00,,01,3,0,0.00,
5573,267,441,00,,01,4,0,0.00,
5574,267,630,00,,01,4,0,0.00,
5575,268,97,00,,00,1,0,0.00,
5576,268,172,00,,00,1,0,0.00,
5577,268,660,00,,00,2,0,0.00,
5578,268,866,00,,00,2,0,0.00,
5579,268,217,00,,00,3,0,0.00,
5580,268,708,00,,00,3,0,0.00,
5581,268,118,00,,00,4,0,0.00,
5582,268,724,00,,00,4,0,0.00,
5583,270,489,00,,00,1,0,0.00,
5584,270,712,00,,00,1,0,0.00,
5585,270,24,00,,00,2,0,0.00,
5586,270,797,00,,00,2,0,0.00,
5587,270,271,00,,00,3,0,0.00,
5588,270,862,00,,00,3,0,0.00,
5589,270,745,00,,00,4,0,0.00,
5590,270,879,00,,00,4,0,0.00,
5591,270,232,00,,00,5,0,0.00,"amateur division"
5592,270,537,00,,00,5,0,0.00,"amateur division"
5593,270,465,00,,00,6,0,0.00,"amateur division"
5594,270,651,00,,00,6,0,0.00,"amateur division"
5595,270,748,00,,00,7,0,0.00,"amateur division"
5596,270,501,00,,00,8,0,0.00,"amateur division"
5597,270,588,00,,00,8,0,0.00,"amateur division"
5598,271,144,00,,00,1,0,0.00,
5599,271,597,00,,00,1,0,0.00,
5600,271,701,00,,00,2,0,0.00,
5601,271,710,00,,00,2,0,0.00,
5602,271,97,00,,00,3,0,0.00,
5603,271,204,00,,00,3,0,0.00,
5604,271,140,00,,00,4,0,0.00,
5605,271,675,00,,00,4,0,0.00,
5606,271,638,00,,00,5,0,0.00,
5607,271,821,00,,00,5,0,0.00,
5608,271,533,00,,00,6,0,0.00,
5609,271,693,00,,00,6,0,0.00,
5610,271,244,00,,00,7,0,0.00,
5611,271,823,00,,00,7,0,0.00,
5612,271,375,00,,00,8,0,0.00,
5613,271,590,00,,00,8,0,0.00,
5614,271,495,00,,00,9,9,0.00,
5615,271,660,00,,00,9,9,0.00,
5616,271,47,00,,00,10,9,0.00,
5617,271,739,00,,00,10,9,0.00,
5618,271,196,00,,00,11,0,0.00,
5619,271,667,00,,00,11,0,0.00,
5620,271,47,00,,03,1,0,0.00,
5621,271,710,00,,03,1,0,0.00,
5622,271,630,00,,03,2,0,0.00,
5623,271,701,00,,03,2,0,0.00,
5624,271,667,00,,03,3,0,0.00,
5625,271,823,00,,03,3,0,0.00,
5626,272,4,00,,00,1,0,0.00,
5627,272,317,00,,00,1,0,0.00,
5628,272,421,00,,00,2,0,0.00,
5629,272,252,00,,00,2,0,0.00,
5630,272,178,00,,00,3,0,0.00,
5631,272,604,00,,00,3,0,0.00,
5632,273,326,00,,00,1,0,0.00,
5633,273,438,00,,00,1,0,0.00,
5634,273,107,00,,00,2,0,0.00,
5635,273,127,00,,00,2,0,0.00,
5636,273,870,00,,00,3,0,0.00,
5637,273,487,00,,00,3,0,0.00,
5638,273,88,00,,00,4,0,0.00,
5639,273,89,00,,00,4,0,0.00,
5640,274,97,00,,00,1,0,0.00,
5641,274,204,00,,00,1,0,0.00,
5642,274,217,00,,00,2,0,0.00,
5643,274,590,00,,00,2,0,0.00,
5644,274,708,00,,00,3,0,0.00,
5645,274,866,00,,00,3,0,0.00,
5646,274,375,00,,00,4,0,0.00,
5647,274,118,00,,00,4,0,0.00,
5648,274,58,00,,00,5,0,0.00,
5649,274,399,00,,00,5,0,0.00,
5650,274,767,00,,00,6,0,0.00,
5651,274,807,00,,00,6,0,0.00,
5652,274,206,00,,00,7,0,0.00,
5653,274,12,00,,00,7,0,0.00,
5654,275,660,00,,00,1,0,0.00,
5655,275,695,00,,00,1,0,0.00,
5656,275,210,00,,00,2,0,0.00,
5657,275,412,00,,00,2,0,0.00,
5658,275,839,00,,00,3,0,0.00,
5659,275,852,00,,00,3,0,0.00,
5660,275,30,00,,00,4,0,0.00,
5661,275,411,00,,00,4,0,0.00,
5662,275,15,00,,00,5,0,0.00,
5663,275,582,00,,00,5,0,0.00,
5664,275,410,00,,00,6,0,0.00,
5665,275,778,00,,00,6,0,0.00,
5666,275,242,00,,00,7,0,0.00,
5667,275,664,00,,00,7,0,0.00,
5668,275,53,00,,00,8,0,0.00,
5669,275,389,00,,00,8,0,0.00,
5670,275,66,00,,00,9,9,0.00,
5671,275,241,00,,00,9,9,0.00,
5672,275,1293,00,,00,10,9,0.00,
5673,275,613,00,,00,10,9,0.00,
5674,275,333,00,,00,11,9,0.00,
5675,275,678,00,,00,11,9,0.00,
5676,275,105,00,,00,12,9,0.00,
5677,275,751,00,,00,12,9,0.00,
5678,275,302,00,,00,13,13,0.00,
5679,275,609,00,,00,13,13,0.00,
5680,275,46,00,,00,14,13,0.00,
5681,275,409,00,,00,14,13,0.00,
5682,275,49,00,,00,15,13,0.00,
5683,275,408,00,,00,15,13,0.00,
5684,275,774,00,,00,16,13,0.00,
5685,275,837,00,,00,16,13,0.00,
5686,275,336,00,,00,17,17,0.00,
5687,275,404,00,,00,17,17,0.00,
5688,275,98,00,,00,18,17,0.00,"name in text says Karl B.."
5689,275,303,00,,00,18,17,0.00,
5690,275,1268,00,,00,19,17,0.00,
5691,275,639,00,,00,19,17,0.00,
5692,275,1294,00,,01,1,0,0.00,
5693,275,478,00,,01,1,0,0.00,
5694,275,433,00,,01,3,0,0.00,
5695,275,1299,00,,01,3,0,0.00,
5696,275,1297,00,,01,4,0,0.00,
5697,275,1298,00,,01,5,0,0.00,
5698,275,1295,00,,01,6,0,0.00,
5699,275,618,00,,01,6,0,0.00,
5700,276,591,00,,06,1,0,0.00,
5701,276,844,00,,06,1,0,0.00,
5702,276,559,00,,06,2,0,0.00,
5703,276,574,00,,06,2,0,0.00,
5704,276,507,00,,06,3,0,0.00,
5705,276,791,00,,06,3,0,0.00,
5706,276,840,00,,06,3,0,0.00,
5707,276,39,00,,06,4,0,0.00,
5708,276,385,00,,06,4,0,0.00,
5709,277,97,00,,00,1,0,0.00,
5710,277,204,00,,00,1,0,0.00,
5711,277,708,00,,00,2,0,0.00,
5712,277,866,00,,00,2,0,0.00,
5713,277,375,00,,00,3,0,0.00,
5714,277,118,00,,00,3,0,0.00,
5715,277,174,00,,00,4,0,0.00,
5716,277,74,00,,00,4,0,0.00,
5717,277,856,00,,00,5,0,0.00,
5718,277,227,00,,00,5,0,0.00,
5719,277,688,00,,00,6,0,0.00,
5720,277,702,00,,00,6,0,0.00,
5721,277,391,00,,00,7,0,0.00,
5722,277,807,00,,00,7,0,0.00,
5723,278,98,00,,06,1,0,0.00,
5724,278,774,00,,06,1,0,0.00,
5725,278,413,00,,06,1,0,0.00,
5726,278,836,00,,06,2,0,0.00,
5727,278,414,00,,06,2,0,0.00,
5728,278,686,00,,06,2,0,0.00,
5729,278,845,00,,06,3,0,0.00,
5730,278,497,00,,06,3,0,0.00,
5731,278,716,00,,06,4,0,0.00,
5732,278,446,00,,06,4,0,0.00,
5733,278,647,00,,06,5,0,0.00,
5734,278,682,00,,06,5,0,0.00,
5735,278,854,00,,06,5,0,0.00,
5736,278,715,00,,06,6,0,0.00,
5737,278,861,00,,06,6,0,0.00,
5738,278,532,00,,06,7,0,0.00,"Heiko Mueller not listed also played"
5739,278,685,00,,06,7,0,0.00,
5740,278,709,00,,06,7,0,0.00,
5741,279,48,00,,00,1,0,0.00,
5742,279,777,00,,00,1,0,0.00,
5743,279,344,00,,00,2,0,0.00,
5744,279,761,00,,00,2,0,0.00,
5745,279,38,00,,00,3,0,0.00,
5746,279,95,00,,00,3,0,0.00,
5747,280,144,00,,02,1,0,0.00,
5748,280,597,00,,02,1,0,0.00,
5749,280,823,00,,02,1,0,0.00,
5750,280,675,00,,02,2,0,0.00,
5751,280,701,00,,02,2,0,0.00,
5752,280,710,00,,02,2,0,0.00,
5753,280,370,00,,02,3,0,0.00,
5754,280,864,00,,02,3,0,0.00,
5755,280,880,00,,02,3,0,0.00,
5756,280,140,00,,02,4,0,0.00,
5757,280,210,00,,02,4,0,0.00,
5758,280,473,00,,02,4,0,0.00,
5759,280,262,00,,02,5,0,0.00,
5760,280,308,00,,02,5,0,0.00,
5761,280,887,00,,02,5,0,0.00,
5762,280,212,00,,02,6,0,0.00,
5763,280,359,00,,02,6,0,0.00,
5764,280,700,00,,02,6,0,0.00,
5765,280,470,00,,02,7,0,0.00,
5766,280,737,00,,02,7,0,0.00,
5767,280,739,00,,02,7,0,0.00,
5768,280,660,00,,02,8,0,0.00,
5769,280,667,00,,02,8,0,0.00,
5770,280,695,00,,02,8,0,0.00,
5771,280,262,01,A,02,1,0,0.00,
5772,280,308,01,A,02,1,0,0.00,
5773,280,887,01,A,02,1,0,0.00,
5774,280,675,01,A,02,2,0,0.00,
5775,280,701,01,A,02,2,0,0.00,
5776,280,710,01,A,02,2,0,0.00,
5777,280,370,01,A,02,3,0,0.00,
5778,280,864,01,A,02,3,0,0.00,
5779,280,880,01,A,02,3,0,0.00,
5780,280,212,01,A,02,4,0,0.00,
5781,280,359,01,A,02,4,0,0.00,
5782,280,700,01,A,02,4,0,0.00,
5783,280,134,01,A,02,5,0,0.00,
5784,280,724,01,A,02,5,0,0.00,
5785,280,738,01,A,02,5,0,0.00,
5786,280,128,01,A,02,6,0,0.00,
5787,280,590,01,A,02,6,0,0.00,
5788,280,690,01,A,02,6,0,0.00,
5789,280,76,01,A,02,7,0,0.00,
5790,280,178,01,A,02,7,0,0.00,
5791,280,638,01,A,02,7,0,0.00,
5792,280,163,01,A,02,8,0,0.00,
5793,280,677,01,A,02,8,0,0.00,
5794,280,706,01,A,02,8,0,0.00,
5795,280,144,02,B,02,1,0,0.00,
5796,280,597,02,B,02,1,0,0.00,
5797,280,823,02,B,02,1,0,0.00,
5798,280,140,02,B,02,2,0,0.00,
5799,280,210,02,B,02,2,0,0.00,
5800,280,473,02,B,02,2,0,0.00,
5801,280,470,02,B,02,3,0,0.00,
5802,280,739,02,B,02,3,0,0.00,
5803,280,737,02,B,02,3,0,0.00,
5804,280,660,02,B,02,4,0,0.00,
5805,280,667,02,B,02,4,0,0.00,
5806,280,695,02,B,02,4,0,0.00,
5807,280,4,02,B,02,5,0,0.00,
5808,280,317,02,B,02,5,0,0.00,
5809,280,482,02,B,02,5,0,0.00,
5810,280,217,02,B,02,6,0,0.00,
5811,280,708,02,B,02,6,0,0.00,
5812,280,866,02,B,02,6,0,0.00,
5813,280,421,02,B,02,7,0,0.00,
5814,280,252,02,B,02,7,0,0.00,
5815,280,425,02,B,02,7,0,0.00,
5816,280,36,02,B,02,8,0,0.00,
5817,280,416,02,B,02,8,0,0.00,
5818,280,526,02,B,02,8,0,0.00,
5819,280,36,00,,00,1,0,0.00,
5820,280,526,00,,00,1,0,0.00,
5821,280,144,00,,00,2,0,0.00,
5822,280,710,00,,00,2,0,0.00,
5823,280,737,00,,00,3,0,0.00,
5824,280,739,00,,00,3,0,0.00,
5825,280,470,00,,00,4,0,0.00,
5826,280,701,00,,00,4,0,0.00,
5827,280,140,00,,00,5,0,0.00,
5828,280,473,00,,00,5,0,0.00,
5829,280,210,00,,00,6,0,0.00,
5830,280,597,00,,00,6,0,0.00,
5831,280,308,00,,00,7,0,0.00,
5832,280,887,00,,00,7,0,0.00,
5833,280,370,00,,00,8,0,0.00,
5834,280,880,00,,00,8,0,0.00,
5835,280,660,00,,00,9,0,0.00,
5836,280,695,00,,00,9,0,0.00,
5837,280,308,02,A,00,1,0,0.00,
5838,280,887,02,A,00,1,0,0.00,
5839,280,210,02,A,00,2,0,0.00,
5840,280,597,02,A,00,2,0,0.00,
5841,280,470,02,A,00,3,0,0.00,
5842,280,701,02,A,00,3,0,0.00,
5843,280,140,02,A,00,4,0,0.00,
5844,280,473,02,A,00,4,0,0.00,
5845,280,521,02,A,00,5,0,0.00,
5846,280,823,02,A,00,5,0,0.00,
5847,280,638,02,A,00,6,0,0.00,
5848,280,864,02,A,00,6,0,0.00,
5849,280,212,02,A,00,7,0,0.00,
5850,280,359,02,A,00,7,0,0.00,
5851,280,4,02,A,00,8,0,0.00,
5852,280,482,02,A,00,8,0,0.00,
5853,280,36,02,B,00,1,0,0.00,
5854,280,526,02,B,00,1,0,0.00,
5855,280,370,02,B,00,2,0,0.00,
5856,280,880,02,B,00,2,0,0.00,
5857,280,737,02,B,00,3,0,0.00,
5858,280,739,02,B,00,3,0,0.00,
5859,280,144,02,B,00,4,4,0.00,
5860,280,710,02,B,00,4,4,0.00,
5861,280,660,02,B,00,5,4,0.00,
5862,280,695,02,B,00,5,4,0.00,
5863,280,675,02,B,00,6,0,0.00,
5864,280,690,02,B,00,6,0,0.00,
5865,280,128,02,B,00,7,0,0.00,
5866,280,262,02,B,00,7,0,0.00,
5867,280,217,02,B,00,8,0,0.00,
5868,280,590,02,B,00,8,0,0.00,
5869,280,308,04,A,00,1,0,0.00,
5870,280,887,04,A,00,1,0,0.00,
5871,280,660,04,A,00,2,0,0.00,
5872,280,695,04,A,00,2,0,0.00,
5873,280,140,04,A,00,3,0,0.00,
5874,280,473,04,A,00,3,0,0.00,
5875,280,521,04,A,00,4,0,0.00,
5876,280,823,04,A,00,4,0,0.00,
5877,280,47,04,A,00,5,0,0.00,
5878,280,677,04,A,00,5,0,0.00,
5879,280,737,04,B,00,1,0,0.00,
5880,280,739,04,B,00,1,0,0.00,
5881,280,470,04,B,00,2,0,0.00,
5882,280,701,04,B,00,2,0,0.00,
5883,280,212,04,B,00,3,0,0.00,
5884,280,359,04,B,00,3,0,0.00,
5885,280,4,04,B,00,4,0,0.00,
5886,280,482,04,B,00,4,0,0.00,
5887,280,416,04,B,00,5,0,0.00,
5888,280,421,04,B,00,5,0,0.00,
5889,280,328,04,B,00,6,0,0.00,
5890,280,436,04,B,00,6,0,0.00,
5891,280,675,04,C,00,1,0,0.00,
5892,280,690,04,C,00,1,0,0.00,
5893,280,144,04,C,00,2,0,0.00,
5894,280,710,04,C,00,2,0,0.00,
5895,280,36,04,C,00,3,0,0.00,
5896,280,526,04,C,00,3,0,0.00,
5897,280,217,04,C,00,4,0,0.00,
5898,280,590,04,C,00,4,0,0.00,
5899,280,317,04,C,00,5,0,0.00,
5900,280,738,04,C,00,5,0,0.00,
5901,280,380,04,C,00,6,0,0.00,
5902,280,423,04,C,00,6,0,0.00,
5903,280,210,04,D,00,1,0,0.00,
5904,280,597,04,D,00,1,0,0.00,
5905,280,638,04,D,00,2,0,0.00,
5906,280,864,04,D,00,2,0,0.00,
5907,280,370,04,D,00,3,0,0.00,
5908,280,880,04,D,00,3,0,0.00,
5909,280,128,04,D,00,4,0,0.00,
5910,280,262,04,D,00,4,0,0.00,
5911,280,76,04,D,00,5,0,0.00,
5912,280,178,04,D,00,5,0,0.00,
5913,280,134,04,D,00,6,0,0.00,
5914,280,724,04,D,00,6,0,0.00,
5915,280,47,00,,01,1,0,0.00,
5916,280,521,00,,01,1,0,0.00,
5917,280,367,00,,01,2,0,0.00,
5918,280,486,00,,01,2,0,0.00,
5919,280,441,00,,01,3,0,0.00,
5920,280,706,00,,01,3,0,0.00,
5921,280,163,00,,01,4,0,0.00,
5922,280,700,00,,01,4,0,0.00,
5923,280,667,00,,01,5,0,0.00,
5924,280,677,00,,01,5,0,0.00,
5925,280,110,00,,01,6,0,0.00,
5926,280,944,00,,01,6,0,0.00,
5927,280,47,00,,03,1,0,0.00,
5928,280,710,00,,03,1,0,0.00,
5929,280,667,00,,03,2,0,0.00,
5930,280,695,00,,03,2,0,0.00,
5931,280,367,00,,03,3,0,0.00,
5932,280,737,00,,03,3,0,0.00,
5933,280,370,00,,03,4,0,0.00,
5934,280,521,00,,03,4,0,0.00,
5935,280,144,00,,03,5,0,0.00,
5936,280,486,00,,03,5,0,0.00,
5937,280,140,00,,03,6,0,0.00,
5938,280,706,00,,03,6,0,0.00,
5939,280,473,00,,03,7,0,0.00,
5940,280,677,00,,03,7,0,0.00,
5941,280,700,00,,03,8,0,0.00,
5942,280,823,00,,03,8,0,0.00,
5943,280,667,02,A,03,1,0,0.00,
5944,280,695,02,A,03,1,0,0.00,
5945,280,367,02,A,03,2,0,0.00,
5946,280,737,02,A,03,2,0,0.00,
5947,280,473,02,A,03,3,0,0.00,
5948,280,677,02,A,03,3,0,0.00,
5949,280,140,02,A,03,4,0,0.00,
5950,280,706,02,A,03,4,0,0.00,
5951,280,210,02,A,03,5,0,0.00,
5952,280,1294,02,A,03,5,0,0.00,
5953,280,630,02,A,03,6,0,0.00,
5954,280,701,02,A,03,6,0,0.00,
5955,280,359,02,A,03,7,0,0.00,
5956,280,944,02,A,03,7,0,0.00,
5957,280,47,02,B,03,1,0,0.00,
5958,280,710,02,B,03,1,0,0.00,
5959,280,370,02,B,03,2,0,0.00,
5960,280,521,02,B,03,2,0,0.00,
5961,280,700,02,B,03,3,0,0.00,
5962,280,823,02,B,03,3,0,0.00,
5963,280,144,02,B,03,4,0,0.00,
5964,280,486,02,B,03,4,0,0.00,
5965,280,163,02,B,03,5,0,0.00,
5966,280,470,02,B,03,5,0,0.00,
5967,280,441,02,B,03,6,0,0.00,
5968,280,442,02,B,03,6,0,0.00,
5969,281,16,00,,00,1,0,0.00,
5970,281,137,00,,00,1,0,0.00,
5971,281,786,00,,00,2,0,0.00,
5972,281,730,00,,00,2,0,0.00,
5973,281,261,00,,11,1,0,0.00,
5974,281,69,00,,11,1,0,0.00,
5975,281,550,00,,11,2,0,0.00,
5976,281,699,00,,11,2,0,0.00,
5977,282,384,00,,00,1,0,0.00,
5978,282,386,00,,00,1,0,0.00,
5979,282,660,00,,00,2,0,0.00,
5980,282,717,00,,00,2,0,0.00,
5981,282,732,00,,00,3,0,0.00,
5982,282,746,00,,00,3,0,0.00,
5983,282,460,00,,00,4,0,0.00,
5984,282,547,00,,00,4,0,0.00,
5985,282,228,00,,00,5,0,0.00,
5986,282,850,00,,00,5,0,0.00,
5987,282,489,00,,00,6,0,0.00,
5988,282,182,00,,00,7,0,0.00,
5989,282,712,00,,00,7,0,0.00,
5990,282,195,00,,00,8,0,0.00,
5991,282,271,00,,00,8,0,0.00,
5992,282,71,00,,01,1,0,0.00,
5993,282,1009,00,,01,1,0,0.00,
5994,282,857,00,,01,2,0,0.00,
5995,282,32,00,,11,1,0,0.00,
5996,282,347,00,,11,1,0,0.00,
5997,282,70,00,,11,2,0,0.00,
5998,282,366,00,,11,2,0,0.00,
5999,282,1527,00,,19,1,0,0.00,
6000,282,1528,00,,19,1,0,0.00,
6001,282,1530,00,,19,2,0,0.00,
6002,282,1529,00,,19,2,0,0.00,
6003,282,272,00,,19,3,0,0.00,
6004,282,1531,00,,19,3,0,0.00,
6005,282,94,00,,19,4,0,0.00,
6006,282,610,00,,19,4,0,0.00,
6007,283,346,00,,06,1,0,0.00,
6008,283,788,00,,06,1,0,0.00,
6009,283,425,00,,06,2,0,0.00,
6010,283,867,00,,06,2,0,0.00,
6011,283,16,00,,06,3,0,0.00,
6012,283,69,00,,06,3,0,0.00,
6013,283,72,00,,06,4,0,0.00,
6014,283,295,00,,06,4,0,0.00,
6015,283,451,00,,06,4,0,0.00,
6016,283,132,00,,06,5,0,0.00,
6017,283,276,00,,06,5,0,0.00,
6018,283,298,00,,06,6,0,0.00,
6019,283,699,00,,06,6,0,0.00,
6020,283,300,00,,06,7,0,0.00,
6021,283,611,00,,06,7,0,0.00,
6022,283,191,00,,06,8,0,0.00,
6023,284,144,00,,00,1,0,0.00,
6024,284,216,00,,00,1,0,0.00,
6025,284,4,00,,00,2,0,0.00,
6026,284,397,00,,00,2,0,0.00,
6027,284,54,00,,00,3,0,0.00,
6028,284,218,00,,00,3,0,0.00,
6029,284,358,00,,00,4,0,0.00,
6030,284,738,00,,00,4,0,0.00,
6031,284,76,00,,00,5,0,0.00,
6032,284,252,00,,00,5,0,0.00,
6033,284,137,00,,00,6,0,0.00,
6034,284,865,00,,00,6,0,0.00,
6035,284,605,00,,00,7,0,0.00,
6036,284,607,00,,00,7,0,0.00,
6037,285,204,00,,00,1,0,0.00,
6038,285,97,00,,00,1,0,0.00,
6039,285,866,00,,00,2,0,0.00,
6040,285,708,00,,00,2,0,0.00,
6041,285,724,00,,00,3,0,0.00,
6042,285,118,00,,00,3,0,0.00,
6043,285,421,00,,00,4,4,0.00,
6044,285,217,00,,00,4,4,0.00,
6045,285,64,00,,00,5,4,0.00,
6046,285,198,00,,00,5,4,0.00,
6047,285,755,00,,00,6,0,0.00,
6048,285,172,00,,00,6,0,0.00,
6049,285,399,00,,00,7,0,0.00,
6050,285,236,00,,00,7,0,0.00,
6051,285,63,00,,00,8,0,0.00,
6052,285,369,00,,00,8,0,0.00,
6053,285,493,00,,00,9,0,0.00,
6054,285,391,00,,00,9,0,0.00,
6055,285,204,00,,19,1,0,0.00,"these are speedflow team results"
6056,285,866,00,,19,1,0,0.00,
6057,285,421,00,,19,2,0,0.00,
6058,285,198,00,,19,2,0,0.00,
6059,285,64,00,,19,3,0,0.00,
6060,285,217,00,,19,3,0,0.00,
6061,285,97,00,,19,4,0,0.00,
6062,285,172,00,,19,4,0,0.00,
6063,285,724,00,,19,5,0,0.00,
6064,285,343,00,,19,5,0,0.00,
6065,285,399,00,,19,6,0,0.00,
6066,285,63,00,,19,6,0,0.00,
6067,285,856,00,,19,7,0,0.00,
6068,285,345,00,,19,7,0,0.00,
6069,285,184,00,,19,8,0,0.00,
6070,285,369,00,,19,8,0,0.00,
6071,285,755,00,,19,9,0,0.00,
6072,285,391,00,,19,9,0,0.00,
6073,286,346,00,,00,1,0,0.00,
6074,286,788,00,,00,1,0,0.00,
6075,286,295,00,,00,2,0,0.00,
6076,286,590,00,,00,2,0,0.00,
6077,286,149,00,,00,3,0,0.00,
6078,286,768,00,,00,3,0,0.00,
6079,286,296,00,,05,1,0,0.00,
6080,287,244,00,,00,1,0,0.00,
6081,287,597,00,,00,1,0,0.00,
6082,287,638,00,,00,2,0,0.00,
6083,287,739,00,,00,2,0,0.00,
6084,287,416,00,,00,3,0,0.00,
6085,287,533,00,,00,3,0,0.00,
6086,287,97,00,,00,4,0,0.00,
6087,287,590,00,,00,4,0,0.00,
6088,287,244,02,,00,1,0,0.00,
6089,287,597,02,,00,1,0,0.00,
6090,287,638,02,,00,2,0,0.00,
6091,287,739,02,,00,2,0,0.00,
6092,287,416,02,,00,3,0,0.00,
6093,287,533,02,,00,3,0,0.00,
6094,287,97,02,,00,4,0,0.00,
6095,287,590,02,,00,4,0,0.00,
6096,287,708,02,,00,5,0,0.00,
6097,287,866,02,,00,5,0,0.00,
6098,287,258,02,,00,6,0,0.00,
6099,287,82,02,,00,6,0,0.00,
6100,287,196,02,,00,7,0,0.00,
6101,287,646,02,,00,7,0,0.00,
6102,287,399,02,,00,8,0,0.00,"Garry Oberrieth also played"
6103,287,650,02,,00,8,0,0.00,
6104,288,470,00,,06,1,0,0.00,
6105,288,473,00,,06,1,0,0.00,
6106,288,280,00,,06,2,0,0.00,
6107,288,362,00,,06,2,0,0.00,
6108,288,884,00,,06,2,0,0.00,
6109,288,848,00,,06,3,0,0.00,
6110,288,221,00,,06,3,0,0.00,
6111,288,328,00,,06,3,0,0.00,
6112,288,427,00,,06,4,0,0.00,
6113,288,662,00,,06,4,0,0.00,
6114,288,65,00,,06,4,0,0.00,
6115,288,22,00,,06,5,0,0.00,
6116,288,115,00,,06,5,0,0.00,
6117,288,284,00,,06,6,0,0.00,
6118,288,20,00,,06,6,0,0.00,
6119,288,437,00,,06,6,0,0.00,
6120,288,753,00,,06,7,0,0.00,
6121,288,663,00,,06,7,0,0.00,
6122,288,802,00,,06,8,8,0.00,
6123,288,115,00,,06,8,8,0.00,
6124,288,692,00,,06,8,8,0.00,
6125,288,564,00,,06,9,8,0.00,
6126,288,162,00,,06,9,8,0.00,
6127,288,264,00,,06,10,0,0.00,
6128,288,620,00,,06,10,0,0.00,
6129,289,140,00,,06,1,0,0.00,
6130,289,473,00,,06,1,0,0.00,
6131,289,695,00,,06,1,0,0.00,
6132,289,254,00,,06,2,0,0.00,
6133,289,805,00,,06,2,0,0.00,
6134,289,117,00,,06,3,0,0.00,
6135,289,225,00,,06,3,0,0.00,
6136,289,1,00,,06,3,0,0.00,
6137,289,785,00,,06,4,0,0.00,
6138,289,829,00,,06,4,0,0.00,
6139,289,19,00,,06,5,0,0.00,
6140,289,179,00,,06,5,0,0.00,
6141,289,257,00,,06,5,0,0.00,
6142,289,449,00,,06,6,0,0.00,
6143,289,502,00,,06,6,0,0.00,
6144,289,656,00,,06,7,0,0.00,
6145,289,828,00,,06,7,0,0.00,
6146,290,262,00,,06,1,0,0.00,
6147,290,887,00,,06,1,0,0.00,
6148,290,212,00,,06,2,0,0.00,
6149,290,359,00,,06,2,0,0.00,
6150,290,56,00,,06,3,0,0.00,
6151,290,731,00,,06,3,0,0.00,
6152,290,100,00,,06,3,0,0.00,
6153,291,140,00,,00,1,0,79.60,
6154,291,473,00,,00,1,0,79.60,
6155,291,328,00,,00,2,0,78.40,
6156,291,737,00,,00,2,0,78.40,
6157,291,667,00,,00,3,0,72.20,
6158,291,695,00,,00,3,0,72.20,
6159,291,690,00,,00,4,0,67.60,
6160,291,887,00,,00,4,0,67.60,
6161,291,505,00,,00,5,0,66.80,
6162,291,281,00,,00,5,0,66.80,
6163,291,262,00,,00,6,0,64.90,
6164,291,660,00,,00,6,0,64.90,
6165,291,85,00,,00,7,0,62.70,
6166,291,460,00,,00,7,0,62.70,
6167,291,495,00,,00,8,0,54.20,
6168,291,866,00,,00,8,0,54.20,
6169,291,233,00,,00,9,9,0.00,
6170,291,883,00,,00,9,9,0.00,
6171,291,254,00,,00,10,9,0.00,
6172,291,805,00,,00,10,9,0.00,
6173,291,50,00,,00,11,11,0.00,
6174,291,670,00,,00,11,11,0.00,
6175,291,162,00,,00,12,11,0.00,
6176,291,611,00,,00,12,11,0.00,
6177,291,785,00,,00,13,0,0.00,
6178,291,860,00,,00,13,0,0.00,
6179,291,634,00,,07,1,0,0.00,
6180,291,726,00,,07,1,0,0.00,
6181,291,34,00,,07,2,0,0.00,
6182,291,360,00,,07,2,0,0.00,
6183,291,377,00,,07,3,0,0.00,
6184,291,804,00,,07,3,0,0.00,
6185,292,675,00,,00,1,0,0.00,
6186,292,737,00,,00,1,0,0.00,
6187,292,126,00,,00,2,0,0.00,
6188,292,777,00,,00,2,0,0.00,
6189,292,700,00,,00,3,0,0.00,
6190,292,701,00,,00,3,0,0.00,
6191,292,140,00,,00,4,0,0.00,
6192,292,473,00,,00,4,0,0.00,
6193,292,567,00,,00,5,0,0.00,
6194,292,710,00,,00,5,0,0.00,
6195,292,362,00,,00,6,0,0.00,
6196,292,884,00,,00,6,0,0.00,
6197,292,48,00,,00,7,0,0.00,
6198,292,470,00,,00,7,0,0.00,
6199,292,363,00,,00,8,0,0.00,
6200,292,891,00,,00,8,0,0.00,
6201,292,344,00,,00,9,9,0.00,
6202,292,761,00,,00,9,9,0.00,
6203,292,36,00,,00,10,9,0.00,
6204,292,690,00,,00,10,9,0.00,
6205,292,163,00,,00,11,11,0.00,
6206,292,22,00,,00,11,11,0.00,
6207,292,328,00,,00,12,11,0.00,
6208,292,887,00,,00,12,11,0.00,
6209,292,233,00,,00,13,0,0.00,
6210,292,351,00,,00,13,0,0.00,
6211,292,675,00,,03,1,0,0.00,
6212,292,884,00,,03,1,0,0.00,
6213,292,47,00,,03,2,0,0.00,
6214,292,710,00,,03,2,0,0.00,
6215,292,473,00,,03,3,0,0.00,
6216,292,700,00,,03,3,0,0.00,
6217,292,367,00,,03,4,0,0.00,
6218,292,737,00,,03,4,0,0.00,
6219,292,48,00,,03,5,0,0.00,
6220,292,706,00,,03,5,0,0.00,
6221,292,163,00,,03,6,0,0.00,
6222,292,363,00,,03,6,0,0.00,
6223,292,289,00,,03,7,0,0.00,
6224,292,690,00,,03,7,0,0.00,
6225,292,630,00,,03,8,0,0.00,
6226,292,701,00,,03,8,0,0.00,
6227,292,36,00,,03,9,0,0.00,
6228,292,290,00,,03,9,0,0.00,
6229,294,710,00,,00,1,0,82.30,
6230,294,737,00,,00,1,0,82.30,
6231,294,140,00,,00,2,0,73.40,
6232,294,567,00,,00,2,0,73.40,
6233,294,308,00,,00,3,0,70.80,
6234,294,887,00,,00,3,0,70.80,
6235,294,370,00,,00,4,0,69.40,
6236,294,880,00,,00,4,0,69.40,
6237,294,473,00,,00,5,0,68.20,
6238,294,700,00,,00,5,0,68.20,
6239,294,48,00,,00,6,0,66.80,
6240,294,126,00,,00,6,0,66.80,
6241,294,280,00,,00,7,0,60.90,
6242,294,470,00,,00,7,0,60.90,
6243,294,212,00,,00,8,0,57.80,
6244,294,359,00,,00,8,0,57.80,
6245,294,308,02,A,00,1,0,76.20,
6246,294,887,02,A,00,1,0,76.20,
6247,294,710,02,A,00,2,0,74.80,
6248,294,737,02,A,00,2,0,74.80,
6249,294,370,02,A,00,3,0,74.75,
6250,294,880,02,A,00,3,0,74.75,
6251,294,48,02,A,00,4,0,74.70,
6252,294,126,02,A,00,4,0,74.70,
6253,294,649,02,A,00,5,0,66.00,
6254,294,864,02,A,00,5,0,66.00,
6255,294,80,02,A,00,6,0,63.50,
6256,294,112,02,A,00,6,0,63.50,
6257,294,675,02,A,00,7,0,63.40,
6258,294,841,02,A,00,7,0,63.40,
6259,294,442,02,A,00,8,0,62.30,
6260,294,780,02,A,00,8,0,62.30,
6261,294,140,02,B,00,1,0,77.40,
6262,294,567,02,B,00,1,0,77.40,
6263,294,473,02,B,00,2,0,73.20,
6264,294,700,02,B,00,2,0,73.20,
6265,294,212,02,B,00,3,0,72.40,
6266,294,359,02,B,00,3,0,72.40,
6267,294,280,02,B,00,4,0,69.40,
6268,294,470,02,B,00,4,0,69.40,
6269,294,97,02,B,00,5,0,66.60,
6270,294,892,02,B,00,5,0,66.60,
6271,294,30,02,B,00,6,0,66.40,
6272,294,411,02,B,00,6,0,66.40,
6273,294,421,02,B,00,7,0,61.40,
6274,294,708,02,B,00,7,0,61.40,
6275,294,362,02,B,00,8,0,59.80,
6276,294,660,02,B,00,8,0,59.80,
6277,294,140,00,,02,1,0,86.60,
6278,294,473,00,,02,1,0,86.60,
6279,294,567,00,,02,1,0,86.60,
6280,294,880,00,,02,2,0,79.50,
6281,294,737,00,,02,2,0,79.50,
6282,294,370,00,,02,2,0,79.50,
6283,294,363,00,,02,3,0,69.50,
6284,294,280,00,,02,3,0,69.50,
6285,294,470,00,,02,3,0,69.50,
6286,294,48,00,,02,4,0,68.10,
6287,294,675,00,,02,4,0,68.10,
6288,294,710,00,,02,4,0,68.10,
6289,294,80,00,,02,5,0,63.90,
6290,294,892,00,,02,5,0,63.90,
6291,294,112,00,,02,5,0,63.90,
6292,294,126,00,,02,6,0,63.70,
6293,294,649,00,,02,6,0,63.70,
6294,294,864,00,,02,6,0,63.70,
6295,294,48,02,A,02,1,0,77.60,
6296,294,710,02,A,02,1,0,77.60,
6297,294,675,02,A,02,1,0,77.60,
6298,294,126,02,A,02,2,0,73.90,
6299,294,649,02,A,02,2,0,73.90,
6300,294,864,02,A,02,2,0,73.90,
6301,294,370,02,A,02,3,0,71.40,
6302,294,880,02,A,02,3,0,71.40,
6303,294,737,02,A,02,3,0,71.40,
6304,294,308,02,A,02,4,0,71.40,
6305,294,660,02,A,02,4,0,71.40,
6306,294,887,02,A,02,4,0,71.40,
6307,294,97,02,A,02,5,0,65.80,
6308,294,421,02,A,02,5,0,65.80,
6309,294,708,02,A,02,5,0,65.80,
6310,294,442,02,A,02,6,0,51.50,
6311,294,780,02,A,02,6,0,51.50,
6312,294,841,02,A,02,6,0,51.50,
6313,294,45,02,A,02,7,0,40.60,
6314,294,138,02,A,02,7,0,40.60,
6315,294,268,02,A,02,7,0,40.60,
6316,294,140,02,B,02,1,0,0.00,
6317,294,473,02,B,02,1,0,0.00,
6318,294,567,02,B,02,1,0,0.00,
6319,294,80,02,B,02,2,0,0.00,
6320,294,112,02,B,02,2,0,0.00,
6321,294,892,02,B,02,2,0,0.00,
6322,294,363,02,B,02,3,0,69.30,
6323,294,280,02,B,02,3,0,69.30,
6324,294,470,02,B,02,3,0,69.30,
6325,294,30,02,B,02,4,0,67.40,
6326,294,410,02,B,02,4,0,67.40,
6327,294,411,02,B,02,4,0,67.40,
6328,294,469,02,B,02,5,0,54.20,
6329,294,516,02,B,02,5,0,54.20,
6330,294,569,02,B,02,5,0,54.20,"The toe jammer himself!"
6331,294,212,02,B,02,6,0,53.50,
6332,294,359,02,B,02,6,0,53.50,
6333,294,700,02,B,02,6,0,53.50,
6334,294,486,02,B,02,7,0,52.00,
6335,294,430,02,B,02,7,0,52.00,
6336,294,645,02,B,02,7,0,52.00,
6337,294,309,02,B,02,8,0,36.10,
6338,294,680,02,B,02,8,0,36.10,
6339,294,681,02,B,02,8,0,36.10,
6340,294,47,00,,03,1,0,79.30,
6341,294,710,00,,03,1,0,79.30,
6342,294,367,00,,03,2,0,74.70,
6343,294,737,00,,03,2,0,74.70,
6344,294,473,00,,03,3,0,73.60,
6345,294,700,00,,03,3,0,73.60,
6346,294,441,00,,03,4,0,62.70,
6347,294,442,00,,03,4,0,62.70,
6348,294,470,00,,03,5,0,60.90,
6349,294,677,00,,03,5,0,60.90,
6350,294,486,00,,03,6,0,55.80,
6351,294,675,00,,03,6,0,55.80,
6352,294,47,02,A,03,1,0,0.00,
6353,294,710,02,A,03,1,0,0.00,
6354,294,367,02,A,03,2,0,0.00,
6355,294,737,02,A,03,2,0,0.00,
6356,294,441,02,A,03,3,0,0.00,
6357,294,442,02,A,03,3,0,0.00,
6358,294,163,02,A,03,4,4,0.00,
6359,294,569,02,A,03,4,4,0.00,
6360,294,289,02,A,03,5,4,0.00,
6361,294,421,02,A,03,5,4,0.00,
6362,294,473,02,B,03,1,0,0.00,
6363,294,700,02,B,03,1,0,0.00,
6364,294,470,02,B,03,2,0,0.00,
6365,294,677,02,B,03,2,0,0.00,
6366,294,486,02,B,03,3,0,0.00,
6367,294,675,02,B,03,3,0,0.00,
6368,294,370,02,B,03,4,0,0.00,
6369,294,521,02,B,03,4,0,0.00,
6370,294,680,02,B,03,5,0,0.00,
6371,294,681,02,B,03,5,0,0.00,
6372,294,367,00,,01,1,0,69.60,
6373,294,486,00,,01,1,0,69.60,
6374,294,47,00,,01,2,0,67.10,
6375,294,521,00,,01,2,0,67.10,
6376,294,163,00,,01,3,0,58.70,
6377,294,677,00,,01,3,0,58.70,
6378,294,289,00,,01,4,0,55.50,
6379,294,441,00,,01,4,0,55.50,
6380,295,4,00,,00,1,0,0.00,
6381,295,358,00,,00,1,0,0.00,
6382,295,421,00,,00,2,0,0.00,
6383,295,482,00,,00,2,0,0.00,
6384,295,144,00,,00,3,0,0.00,
6385,295,359,00,,00,3,0,0.00,
6386,295,590,00,,00,4,0,0.00,
6387,295,698,00,,00,4,0,0.00,
6388,295,178,00,,00,5,0,0.00,
6389,295,252,00,,00,5,0,0.00,
6390,295,25,00,,00,6,0,0.00,
6391,295,128,00,,00,6,0,0.00,
6392,295,54,00,,00,7,0,0.00,
6393,295,550,00,,00,7,0,0.00,
6394,296,140,00,,06,1,0,0.00,
6395,296,695,00,,06,1,0,0.00,
6396,296,254,00,,06,2,0,0.00,
6397,296,427,00,,06,2,0,0.00,
6398,296,805,00,,06,2,0,0.00,
6399,296,293,00,,06,3,0,0.00,
6400,296,1,00,,06,3,0,0.00,
6401,296,656,00,,06,4,0,0.00,
6402,296,828,00,,06,4,0,0.00,
6403,297,140,00,,00,1,0,81.20,
6404,297,567,00,,00,1,0,81.20,
6405,297,660,00,,00,2,0,74.10,
6406,297,710,00,,00,2,0,74.10,
6407,297,473,00,,00,3,3,71.90,
6408,297,700,00,,00,3,3,71.90,
6409,297,675,00,,00,4,3,71.90,
6410,297,880,00,,00,4,3,71.90,
6411,297,421,00,,00,5,0,68.40,
6412,297,470,00,,00,5,0,68.40,
6413,297,461,00,,00,6,0,62.30,
6414,297,883,00,,00,6,0,62.30,
6415,297,281,00,,00,7,0,60.90,
6416,297,695,00,,00,7,0,60.90,
6417,297,47,00,,00,8,0,58.80,
6418,297,667,00,,00,8,0,58.80,
6419,297,140,04,A,00,1,0,0.00,
6420,297,567,04,A,00,1,0,0.00,
6421,297,473,04,A,00,2,0,0.00,
6422,297,700,04,A,00,2,0,0.00,
6423,297,421,04,A,00,3,0,0.00,
6424,297,470,04,A,00,3,0,0.00,
6425,297,461,04,A,00,4,0,0.00,
6426,297,883,04,A,00,4,0,0.00,
6427,297,85,04,A,00,5,0,0.00,
6428,297,460,04,A,00,5,0,0.00,
6429,297,451,04,A,00,6,0,0.00,
6430,297,534,04,A,00,6,0,0.00,
6431,297,162,04,A,00,7,0,0.00,
6432,297,355,04,A,00,7,0,0.00,
6433,297,356,04,A,00,8,0,0.00,
6434,297,889,04,A,00,8,0,0.00,
6435,297,660,04,B,00,1,0,0.00,
6436,297,710,04,B,00,1,0,0.00,
6437,297,675,04,B,00,2,0,0.00,
6438,297,880,04,B,00,2,0,0.00,
6439,297,47,04,B,00,3,0,0.00,
6440,297,667,04,B,00,3,0,0.00,
6441,297,281,04,B,00,4,0,0.00,
6442,297,695,04,B,00,4,0,0.00,
6443,297,108,04,B,00,5,0,0.00,
6444,297,477,04,B,00,5,0,0.00,
6445,297,17,04,B,00,6,0,0.00,
6446,297,622,04,B,00,6,0,0.00,
6447,297,346,04,B,00,7,0,0.00,
6448,297,427,04,B,00,7,0,0.00,
6449,297,426,04,B,00,8,0,0.00,
6450,297,611,04,B,00,8,0,0.00,
6451,116,421,02,A,06,1,0,0.00,
6452,116,508,02,A,06,1,0,0.00,
6453,116,128,02,A,06,2,0,0.00,
6454,116,712,02,A,06,2,0,0.00,
6455,116,880,02,A,06,3,0,0.00,
6456,116,163,02,A,06,3,0,0.00,
6457,116,695,02,A,06,3,0,0.00,
6458,116,876,02,A,06,4,0,0.00,
6459,116,878,02,A,06,4,0,0.00,
6460,116,85,02,A,06,5,0,0.00,
6461,116,162,02,A,06,5,0,0.00,
6462,116,47,02,B,06,1,0,0.00,
6463,116,710,02,B,06,1,0,0.00,
6464,116,675,02,B,06,2,0,0.00,
6465,116,701,02,B,06,2,0,0.00,
6466,116,630,02,B,06,3,0,0.00,
6467,116,471,02,B,06,3,0,0.00,
6468,116,968,02,B,06,4,0,0.00,
6469,116,738,02,B,06,4,0,0.00,
6470,116,421,00,,06,1,0,0.00,
6471,116,508,00,,06,1,0,0.00,
6472,116,47,00,,06,2,0,0.00,
6473,116,710,00,,06,2,0,0.00,
6474,116,701,00,,06,3,0,0.00,
6475,116,675,00,,06,3,0,0.00,
6476,116,128,00,,06,4,0,0.00,
6477,116,712,00,,06,4,0,0.00,
6478,116,695,00,,06,5,0,0.00,
6479,116,880,00,,06,5,0,0.00,
6480,116,163,00,,06,5,0,0.00,
6481,116,630,00,,06,6,0,0.00,
6482,116,471,00,,06,6,0,0.00,
6483,299,416,00,,00,1,0,0.00,
6484,299,698,00,,00,1,0,0.00,
6485,299,217,00,,00,2,0,0.00,
6486,299,866,00,,00,2,0,0.00,
6487,299,118,00,,00,3,0,0.00,
6488,299,375,00,,00,3,0,0.00,
6489,299,369,00,,00,4,0,0.00,
6490,299,708,00,,00,4,0,0.00,
6491,299,97,00,,00,5,0,0.00,
6492,299,172,00,,00,5,0,0.00,
6493,299,680,00,,00,6,0,0.00,
6494,299,681,00,,00,6,0,0.00,
6495,300,140,00,,06,1,0,0.00,
6496,300,473,00,,06,1,0,0.00,
6497,300,567,00,,06,1,0,0.00,
6498,300,47,00,,06,2,0,0.00,
6499,300,710,00,,06,2,0,0.00,
6500,300,461,00,,06,3,0,0.00,
6501,300,882,00,,06,3,0,0.00,
6502,300,363,00,,06,4,0,0.00,
6503,300,470,00,,06,4,0,0.00,
6504,300,743,00,,06,4,0,0.00,
6505,300,308,00,,06,5,0,0.00,
6506,300,660,00,,06,5,0,0.00,
6507,300,887,00,,06,5,0,0.00,
6508,300,128,00,,06,6,0,0.00,
6509,300,695,00,,06,6,0,0.00,
6510,300,162,00,,06,7,7,0.00,
6511,300,663,00,,06,7,7,0.00,
6512,300,805,00,,06,7,7,0.00,
6513,300,225,00,,06,8,7,0.00,
6514,300,667,00,,06,8,7,0.00,
6515,301,710,00,,00,1,0,23.30,
6516,301,737,00,,00,1,0,23.30,
6517,301,370,00,,00,2,0,23.20,
6518,301,790,00,,00,2,0,23.20,
6519,301,126,00,,00,3,0,19.60,
6520,301,569,00,,00,3,0,19.60,
6521,301,128,00,,00,4,0,19.60,
6522,301,258,00,,00,4,0,19.60,
6523,301,26,00,,00,5,0,18.30,
6524,301,470,00,,00,5,0,18.30,
6525,301,367,00,,03,1,0,21.40,
6526,301,737,00,,03,1,0,21.40,
6527,301,289,00,,03,2,0,17.40,
6528,301,710,00,,03,2,0,17.40,
8917,408,457,00,,01,1,0,0.00,
8916,408,1559,00,,01,1,0,0.00,
8915,408,866,00,,00,1,0,0.00,
8914,408,273,00,,00,1,0,0.00,
6533,302,112,00,,00,1,0,0.00,"Random Pairs"
6534,302,567,00,,00,1,0,0.00,
6535,302,473,00,,00,2,0,0.00,
6536,302,855,00,,00,2,0,0.00,
6537,302,140,00,,00,3,0,0.00,
6538,302,162,00,,00,3,0,0.00,
6539,302,543,00,,00,4,0,0.00,
6540,302,723,00,,00,4,0,0.00,
6541,303,597,00,,06,1,0,0.00,
6542,303,244,00,,06,1,0,0.00,
6543,303,85,00,,06,2,0,0.00,
6544,303,157,00,,06,2,0,0.00,
6545,303,1536,00,,06,2,0,0.00,
6546,303,695,00,,06,3,0,0.00,
6547,303,667,00,,06,3,0,0.00,
6548,303,346,00,,06,4,0,0.00,
6549,303,788,00,,06,4,0,0.00,
6550,303,163,00,,06,4,0,0.00,
6551,303,97,00,,06,5,0,0.00,
6552,303,590,00,,06,5,0,0.00,
6553,303,177,00,,06,6,0,0.00,
6554,303,263,00,,06,6,0,0.00,
6555,303,149,00,,06,7,7,0.00,
6556,303,803,00,,06,7,7,0.00,
6557,303,561,00,,06,8,7,0.00,
6558,303,768,00,,06,8,7,0.00,
6559,303,876,00,,06,9,9,0.00,
6560,303,485,00,,06,9,9,0.00,
6561,303,104,00,,06,10,9,0.00,
6562,303,658,00,,06,10,9,0.00,
6563,303,54,00,,06,11,11,0.00,
6564,303,604,00,,06,11,11,0.00,
6565,303,295,00,,06,12,11,0.00,
6566,303,769,00,,06,12,11,0.00,
6567,303,296,00,,06,12,11,0.00,
6568,303,570,00,,06,13,13,0.00,
6569,303,405,00,,06,13,13,0.00,
6570,303,758,00,,06,14,13,0.00,
6571,303,108,00,,06,14,13,0.00,
6572,304,210,00,,02,1,0,0.00,
6573,304,737,00,,02,1,0,0.00,
6574,304,739,00,,02,1,0,0.00,
6575,304,700,00,,02,2,0,0.00,
6576,304,470,00,,02,2,0,0.00,
6577,304,649,00,,02,2,0,0.00,
6578,304,675,00,,02,3,0,0.00,
6579,304,701,00,,02,3,0,0.00,
6580,304,28,00,,02,3,0,0.00,
6581,304,855,00,,02,4,0,0.00,
6582,304,473,00,,02,4,0,0.00,
6583,304,140,00,,02,4,0,0.00,
6584,304,221,00,,02,5,0,0.00,
6585,304,461,00,,02,5,0,0.00,
6586,304,848,00,,02,5,0,0.00,
6587,304,696,00,,02,6,0,0.00,
6588,304,697,00,,02,6,0,0.00,
6589,304,22,00,,02,6,0,0.00,
6590,304,805,00,,02,7,7,0.00,
6591,304,835,00,,02,7,7,0.00,
6592,304,471,00,,02,7,7,0.00,
6593,304,1538,00,,02,8,7,0.00,
6594,304,1,00,,02,8,7,0.00,
6595,304,527,00,,02,8,7,0.00,
6596,304,773,00,,02,9,9,0.00,
6597,304,162,00,,02,9,9,0.00,
6598,304,670,00,,02,9,9,0.00,
6599,304,289,00,,02,10,9,0.00,
6600,304,630,00,,02,10,9,0.00,
6601,304,594,00,,02,10,9,0.00,
6602,304,853,00,,02,11,0,0.00,
6603,304,785,00,,02,11,0,0.00,
6604,304,138,00,,02,11,0,0.00,
6605,305,144,00,,00,1,0,0.00,
6606,305,545,00,,00,1,0,0.00,
6607,305,526,00,,00,2,0,0.00,
6608,305,738,00,,00,2,0,0.00,
6609,305,317,00,,00,3,0,0.00,
6610,305,472,00,,00,3,0,0.00,
6611,305,76,00,,00,4,0,0.00,
6612,305,607,00,,00,4,0,0.00,
6613,305,54,00,,00,5,0,0.00,
6614,305,178,00,,00,5,0,0.00,
6615,305,101,00,,00,6,0,0.00,
6616,305,551,00,,00,6,0,0.00,
6617,305,137,00,,00,7,0,0.00,
6618,305,865,00,,00,7,0,0.00,
6619,305,252,00,,00,8,0,0.00,
6620,305,550,00,,00,8,0,0.00,
6621,305,605,00,,00,9,0,0.00,
6622,305,722,00,,00,9,0,0.00,
6623,305,396,00,,00,10,0,0.00,
6624,305,515,00,,00,10,0,0.00,
6625,306,675,00,,00,1,0,75.67,
6626,306,710,00,,00,1,0,75.67,
6627,306,210,00,,00,2,0,63.78,
6628,306,700,00,,00,2,0,63.78,
6629,306,48,00,,00,3,0,61.16,
6630,306,567,00,,00,3,0,61.16,
6631,306,10,00,,00,4,0,58.09,
6632,306,38,00,,00,4,0,58.09,
6633,306,140,00,,00,5,0,55.20,
6634,306,473,00,,00,5,0,55.20,
6635,306,505,00,,00,6,0,51.15,
6636,306,667,00,,00,6,0,51.15,
6637,306,461,00,,00,7,7,0.00,
6638,306,883,00,,00,7,7,0.00,
6639,306,47,00,,00,8,7,0.00,
6640,306,289,00,,00,8,7,0.00,
6641,306,210,00,,03,1,0,69.90,
6642,306,700,00,,03,1,0,69.90,
6643,306,710,00,,03,2,0,66.94,
6644,306,667,00,,03,2,0,66.94,
6645,306,473,00,,03,3,0,63.53,
6646,306,630,00,,03,3,0,63.53,
6647,306,675,00,,03,4,0,61.55,
6648,306,47,00,,03,4,0,61.55,
6649,306,48,00,,03,5,0,50.92,
6650,306,289,00,,03,5,0,50.92,
6651,307,649,00,,02,1,0,0.00,
6652,307,103,00,,02,1,0,0.00,
6653,307,147,00,,02,1,0,0.00,
6654,307,737,00,,02,2,0,0.00,
6655,307,739,00,,02,2,0,0.00,
6656,307,28,00,,02,2,0,0.00,
6657,307,328,00,,02,3,0,0.00,
6658,307,701,00,,02,3,0,0.00,
6659,307,442,00,,02,3,0,0.00,
6660,307,441,00,,02,4,0,0.00,
6661,307,163,00,,02,4,0,0.00,
6662,307,706,00,,02,4,0,0.00,
6663,307,147,00,,00,1,0,0.00,
6664,307,103,00,,00,1,0,0.00,
6665,307,737,00,,00,2,0,0.00,
6666,307,739,00,,00,2,0,0.00,
6667,307,701,00,,00,3,0,0.00,
6668,307,28,00,,00,3,0,0.00,
6669,307,328,00,,00,4,0,0.00,
6670,307,442,00,,00,4,0,0.00,
6671,307,649,00,,00,5,0,0.00,
6672,307,290,00,,00,5,0,0.00,
6673,307,441,00,,00,6,0,0.00,
6674,307,163,00,,00,6,0,0.00,
6675,307,706,00,,00,7,0,0.00,
6676,307,367,00,,00,7,0,0.00,
6677,307,442,00,,03,1,0,0.00,
6678,307,441,00,,03,1,0,0.00,
6679,307,737,00,,03,2,0,0.00,
6680,307,706,00,,03,2,0,0.00,
6681,307,28,00,,03,3,0,0.00,
6682,307,163,00,,03,3,0,0.00,
6683,307,649,00,,03,4,0,0.00,
6684,307,290,00,,03,4,0,0.00,
6685,307,367,00,,03,5,0,0.00,
6686,307,701,00,,03,5,0,0.00,
6687,308,147,00,,06,1,0,0.00,
6688,308,103,00,,06,1,0,0.00,
6689,308,780,00,,06,1,0,0.00,
6690,308,710,00,,06,2,0,0.00,
6691,308,567,00,,06,2,0,0.00,
6692,308,675,00,,06,2,0,0.00,
6693,308,667,00,,06,3,0,0.00,
6694,308,505,00,,06,3,0,0.00,
6695,308,1,00,,06,4,0,0.00,
6696,308,672,00,,06,4,0,0.00,
6697,308,557,00,,06,4,0,0.00,
6698,308,753,00,,06,5,0,0.00,
6699,308,859,00,,06,5,0,0.00,
6700,309,112,00,,06,1,0,0.00,
6701,309,140,00,,06,1,0,0.00,
6702,309,47,00,,06,2,0,0.00,
6703,309,630,00,,06,2,0,0.00,
6704,309,785,00,,06,3,0,0.00,
6705,309,670,00,,06,3,0,0.00,
6706,309,1,00,,06,4,0,0.00,
6707,309,818,00,,06,4,0,0.00,
6708,309,117,00,,06,4,0,0.00,
6709,310,597,00,,00,1,0,0.00,
6710,310,204,00,,00,1,0,0.00,
6711,310,866,00,,00,2,0,0.00,
6712,310,97,00,,00,2,0,0.00,
6713,310,85,00,,00,3,0,0.00,
6714,310,590,00,,00,3,0,0.00,
6715,310,108,00,,00,4,0,0.00,
6716,310,527,00,,00,4,0,0.00,
6717,310,63,00,,00,5,0,0.00,
6718,310,480,00,,00,5,0,0.00,
6719,310,755,00,,00,6,0,0.00,
6720,310,217,00,,00,6,0,0.00,
6721,310,481,00,,00,7,0,0.00,
6722,310,331,00,,00,7,0,0.00,
6723,310,205,00,,00,8,0,0.00,
6724,310,369,00,,00,8,0,0.00,
6725,310,725,00,,00,9,0,0.00,
6726,310,164,00,,00,9,0,0.00,
6727,311,85,00,,00,1,0,0.00,
6728,311,590,00,,00,1,0,0.00,
6729,311,866,00,,00,2,0,0.00,
6730,311,375,00,,00,2,0,0.00,
6731,311,755,00,,00,3,0,0.00,
6732,311,217,00,,00,3,0,0.00,
6733,311,108,00,,00,4,0,0.00,
6734,311,353,00,,00,4,0,0.00,
6735,311,391,00,,00,5,0,0.00,
6736,311,369,00,,00,5,0,0.00,
6737,312,1540,00,,19,1,0,0.00,
6738,312,1541,00,,19,1,0,0.00,
6739,312,489,00,,19,2,0,0.00,
6740,312,712,00,,19,2,0,0.00,
6741,312,68,00,,19,3,0,0.00,
6742,312,223,00,,19,3,0,0.00,
6743,312,24,00,,19,3,0,0.00,
6744,312,879,00,,19,4,0,0.00,
6745,312,544,00,,19,4,0,0.00,
6746,312,271,00,,19,5,0,0.00,
6747,312,450,00,,19,5,0,0.00,
6748,312,301,00,,19,6,0,0.00,
6749,312,623,00,,19,6,0,0.00,
6750,313,157,00,,19,1,0,0.00,
6751,313,346,00,,19,1,0,0.00,
6752,313,695,00,,19,2,0,0.00,
6753,313,719,00,,19,2,0,0.00,
6754,313,590,00,,19,3,0,0.00,
6755,313,866,00,,19,3,0,0.00,
6756,313,658,00,,19,4,0,0.00,
6757,313,104,00,,19,4,0,0.00,
6758,313,169,00,,19,5,0,0.00,
6759,313,491,00,,19,5,0,0.00,
6760,313,295,00,,19,5,0,0.00,
6761,313,727,00,,19,6,0,0.00,
6762,313,130,00,,19,6,0,0.00,
6763,314,710,00,,02,1,0,0.00,
6764,314,675,00,,02,1,0,0.00,
6765,314,567,00,,02,1,0,0.00,
6766,314,210,00,,02,2,0,0.00,
6767,314,370,00,,02,2,0,0.00,
6768,314,597,00,,02,2,0,0.00,
6769,314,103,00,,02,3,0,0.00,
6770,314,147,00,,02,3,0,0.00,
6771,314,780,00,,02,3,0,0.00,
6772,314,473,00,,02,4,0,0.00,
6773,314,700,00,,02,4,0,0.00,
6774,314,891,00,,02,4,0,0.00,
6775,314,508,00,,02,5,0,0.00,
6776,314,375,00,,02,5,0,0.00,
6777,314,746,00,,02,5,0,0.00,
6778,314,461,00,,02,6,0,0.00,
6779,314,883,00,,02,6,0,0.00,
6780,314,695,00,,02,6,0,0.00,
6781,314,892,00,,02,7,7,0.00,
6782,314,841,00,,02,7,7,0.00,
6783,314,85,00,,02,7,7,0.00,
6784,314,859,00,,02,8,7,0.00,
6785,314,664,00,,02,8,7,0.00,
6786,314,852,00,,02,8,7,0.00,
6787,314,805,00,,02,9,9,0.00,
6788,314,467,00,,02,9,9,0.00,
6789,314,430,00,,02,9,9,0.00,
6790,314,337,00,,02,10,9,0.00,
6791,314,281,00,,02,10,9,0.00,
6792,314,614,00,,02,10,9,0.00,
6793,314,527,00,,02,11,11,0.00,
6794,314,831,00,,02,11,11,0.00,
6795,314,1,00,,02,11,11,0.00,
6796,314,10,00,,02,12,11,0.00,
6797,314,140,00,,02,12,11,0.00,
6798,314,112,00,,02,12,11,0.00,
6799,314,481,00,,02,13,13,0.00,
6800,314,108,00,,02,13,13,0.00,
6801,314,162,00,,02,13,13,0.00,
6802,314,425,00,,02,14,13,0.00,
6803,314,1540,00,,02,14,13,0.00,
6804,314,471,00,,02,14,13,0.00,
6805,314,773,00,,02,15,15,0.00,
6806,314,594,00,,02,15,15,0.00,
6807,314,760,00,,02,15,15,0.00,
6808,314,785,00,,02,16,15,0.00,
6809,314,17,00,,02,16,15,0.00,
6810,314,853,00,,02,16,15,0.00,
6811,314,225,00,,02,17,17,0.00,
6812,314,622,00,,02,17,17,0.00,
6813,314,73,00,,02,17,17,0.00,
6814,314,413,00,,02,18,17,0.00,
6815,314,98,00,,02,18,17,0.00,
6816,314,836,00,,02,18,17,0.00,
6817,314,881,00,,02,19,17,0.00,
6818,314,245,00,,02,19,17,0.00,
6819,314,799,00,,02,19,17,0.00,
6820,314,670,00,,02,20,17,0.00,
6821,314,287,00,,02,20,17,0.00,
6822,314,774,00,,02,20,17,0.00,
6823,314,408,00,,02,21,0,0.00,
6824,314,53,00,,02,21,0,0.00,
6825,314,837,00,,02,21,0,0.00,
6826,314,667,00,,01,1,0,0.00,
6827,314,700,00,,01,1,0,0.00,
6828,314,406,00,,01,2,0,0.00,
6829,314,1542,00,,01,2,0,0.00,
6830,314,47,00,,01,3,0,0.00,
6831,314,521,00,,01,3,0,0.00,
6832,314,630,00,,01,4,0,0.00,
6833,314,677,00,,01,4,0,0.00,
6834,314,289,00,,01,5,5,0.00,
6835,314,1543,00,,01,5,5,0.00,
6836,314,163,00,,01,6,5,0.00,
6837,314,338,00,,01,6,5,0.00,
6838,314,202,00,,01,7,7,0.00,
6839,314,1544,00,,01,8,7,0.00,
6840,314,860,00,,01,8,7,0.00,
6841,315,140,00,,02,1,0,0.00,
6842,315,473,00,,02,1,0,0.00,
6843,315,567,00,,02,1,0,0.00,
6844,315,370,00,,02,2,0,0.00,
6845,315,675,00,,02,2,0,0.00,
6846,315,710,00,,02,2,0,0.00,
6847,315,461,00,,02,3,0,0.00,
6848,315,777,00,,02,3,0,0.00,
6849,315,883,00,,02,3,0,0.00,
6850,315,363,00,,02,4,0,0.00,
6851,315,470,00,,02,4,0,0.00,
6852,315,743,00,,02,4,0,0.00,
6853,315,47,00,,02,5,0,0.00,
6854,315,112,00,,02,5,0,0.00,
6855,315,421,00,,02,5,0,0.00,
6856,315,48,00,,02,6,0,0.00,
6857,315,126,00,,02,6,0,0.00,
6858,315,891,00,,02,6,0,0.00,
6859,315,128,00,,02,7,0,0.00,
6860,315,645,00,,02,7,0,0.00,
6861,315,667,00,,02,7,0,0.00,
6862,315,225,00,,02,8,0,0.00,
6863,315,558,00,,02,8,0,0.00,
6864,315,807,00,,02,8,0,0.00,
6865,315,47,00,,03,1,0,0.00,
6866,315,710,00,,03,1,0,0.00,
6867,315,473,00,,03,2,0,0.00,
6868,315,667,00,,03,2,0,0.00,
6869,315,289,00,,03,3,0,0.00,
6870,315,421,00,,03,3,0,0.00,
6871,316,242,00,,06,1,0,0.00,
6872,316,370,00,,06,1,0,0.00,
6873,316,852,00,,06,1,0,0.00,
6874,316,145,00,,06,2,2,0.00,
6875,316,243,00,,06,2,2,0.00,
6876,316,536,00,,06,2,2,0.00,
6877,316,701,00,,06,3,2,0.00,
6878,316,892,00,,06,3,2,0.00,
6879,316,44,00,,06,4,0,0.00,
6880,316,504,00,,06,4,0,0.00,
6881,316,674,00,,06,4,0,0.00,
6882,316,118,00,,06,5,0,0.00,
6883,316,630,00,,06,5,0,0.00,
6884,316,27,00,,06,6,0,0.00,
6885,316,181,00,,06,6,0,0.00,
6886,317,140,00,,06,1,0,0.00,
6887,317,473,00,,06,1,0,0.00,
6888,317,567,00,,06,1,0,0.00,
6889,317,370,00,,06,2,0,0.00,
6890,317,597,00,,06,2,0,0.00,
6891,317,710,00,,06,2,0,0.00,
6892,317,258,00,,06,3,0,0.00,
6893,317,739,00,,06,3,0,0.00,
6894,317,97,00,,06,4,0,0.00,
6895,317,421,00,,06,4,0,0.00,
6896,317,590,00,,06,4,0,0.00,
6897,317,119,00,,06,5,0,0.00,
6898,317,157,00,,06,5,0,0.00,
6899,317,128,00,,06,6,0,0.00,
6900,317,308,00,,06,6,0,0.00,
6901,317,887,00,,06,6,0,0.00,
6902,317,85,00,,06,7,0,0.00,
6903,317,460,00,,06,7,0,0.00,
6904,317,547,00,,06,7,0,0.00,
6905,317,416,00,,06,8,0,0.00,
6906,317,698,00,,06,8,0,0.00,
6907,317,140,04,A,06,1,0,0.00,
6908,317,473,04,A,06,1,0,0.00,
6909,317,567,04,A,06,1,0,0.00,
6910,317,128,04,A,06,2,0,0.00,
6911,317,308,04,A,06,2,0,0.00,
6912,317,887,04,A,06,2,0,0.00,
6913,317,97,04,A,06,3,0,0.00,
6914,317,421,04,A,06,3,0,0.00,
6915,317,590,04,A,06,3,0,0.00,
6916,317,85,04,A,06,4,0,0.00,
6917,317,460,04,A,06,4,0,0.00,
6918,317,547,04,A,06,4,0,0.00,
6919,317,217,04,A,06,5,0,0.00,
6920,317,755,04,A,06,5,0,0.00,
6921,317,768,04,A,06,6,0,0.00,
6922,317,788,04,A,06,6,0,0.00,
6923,317,54,04,A,06,7,0,0.00,
6924,317,149,04,A,06,7,0,0.00,
6925,317,177,04,A,06,7,0,0.00,
6926,317,876,04,A,06,8,0,0.00,
6927,317,877,04,A,06,8,0,0.00,
6928,317,878,04,A,06,8,0,0.00,
6929,317,1545,04,A,06,9,0,0.00,
6930,317,1546,04,A,06,9,0,0.00,
6931,317,1547,04,A,06,9,0,0.00,
6932,317,370,04,B,06,1,0,0.00,
6933,317,597,04,B,06,1,0,0.00,
6934,317,710,04,B,06,1,0,0.00,
6935,317,258,04,B,06,2,0,0.00,
6936,317,739,04,B,06,2,0,0.00,
6937,317,119,04,B,06,3,0,0.00,
6938,317,157,04,B,06,3,0,0.00,
6939,317,416,04,B,06,4,0,0.00,
6940,317,698,04,B,06,4,0,0.00,
6941,317,451,04,B,06,5,0,0.00,
6942,317,534,04,B,06,5,0,0.00,
6943,317,695,04,B,06,5,0,0.00,
6944,317,463,04,B,06,6,0,0.00,
6945,317,765,04,B,06,6,0,0.00,
6946,317,814,04,B,06,6,0,0.00,
6947,317,680,04,B,06,7,0,0.00,
6948,317,681,04,B,06,7,0,0.00,
6949,317,92,04,B,06,8,0,0.00,
6950,317,93,04,B,06,8,0,0.00,
6951,317,711,04,B,06,8,0,0.00,
6952,318,97,00,,06,1,0,0.00,
6953,318,866,00,,06,1,0,0.00,
6954,318,172,00,,06,2,0,0.00,
6955,318,399,00,,06,2,0,0.00,
6956,318,755,00,,06,2,0,0.00,
6957,318,323,00,,06,3,0,0.00,
6958,318,391,00,,06,3,0,0.00,
6959,318,8,00,,06,4,0,0.00,
6960,318,517,00,,06,4,0,0.00,
6961,319,140,00,,00,1,0,0.00,
6962,319,473,00,,00,1,0,0.00,
6963,319,421,00,,00,2,0,0.00,
6964,319,482,00,,00,2,0,0.00,
6965,319,638,00,,00,3,0,0.00,
6966,319,821,00,,00,3,0,0.00,
6967,319,258,00,,00,4,0,0.00,
6968,319,739,00,,00,4,0,0.00,
6969,319,196,00,,00,5,0,0.00,
6970,319,646,00,,00,5,0,0.00,
6971,319,97,00,,00,6,0,0.00,
6972,319,708,00,,00,6,0,0.00,
6973,320,217,00,,00,1,0,0.00,
6974,320,597,00,,00,1,0,0.00,
6975,320,421,00,,00,2,0,0.00,
6976,320,708,00,,00,2,0,0.00,
6977,320,97,00,,00,3,0,0.00,
6978,320,698,00,,00,3,0,0.00,
6979,320,118,00,,00,4,4,0.00,
6980,320,866,00,,00,4,4,0.00,
6981,320,258,00,,00,5,4,0.00,
6982,320,416,00,,00,5,4,0.00,
6983,320,196,00,,00,6,0,0.00,
6984,320,646,00,,00,6,0,0.00,
6985,321,30,00,,00,1,0,0.00,
6986,321,411,00,,00,1,0,0.00,
6987,321,210,00,,00,2,0,0.00,
6988,321,412,00,,00,2,0,0.00,
6989,321,401,00,,00,3,0,0.00,
6990,321,410,00,,00,3,0,0.00,
6991,321,15,00,,00,4,0,0.00,
6992,321,582,00,,00,4,0,0.00,
6993,322,649,00,,04,1,0,0.00,
6994,322,97,00,,04,2,0,0.00,
6995,322,421,00,,04,3,0,0.00,
6996,322,258,00,,04,4,0,0.00,
6997,322,739,00,,04,5,0,0.00,
6998,322,172,00,,04,6,0,0.00,
6999,322,864,00,,04,7,0,0.00,
7000,322,755,00,,04,8,0,0.00,
7001,322,866,00,,04,9,0,0.00,
7002,322,416,00,,04,10,0,0.00,
7003,322,217,00,,04,11,0,0.00,
7004,322,369,00,,04,12,0,0.00,
7005,322,597,00,,00,1,0,0.00,
7006,322,739,00,,00,1,0,0.00,
7007,322,97,00,,00,2,0,0.00,
7008,322,708,00,,00,2,0,0.00,
7009,322,217,00,,00,3,0,0.00,
7010,322,421,00,,00,3,0,0.00,
7011,322,649,00,,00,4,0,0.00,
7012,322,864,00,,00,4,0,0.00,
7013,322,258,00,,00,5,0,0.00,
7014,322,172,00,,00,5,0,0.00,
7015,322,866,00,,00,6,0,0.00,
7016,322,118,00,,00,6,0,0.00,
7017,322,369,00,,00,7,0,0.00,
7018,322,416,00,,00,7,0,0.00,
7019,322,755,00,,00,8,0,0.00,
7020,322,63,00,,00,8,0,0.00,
7021,323,489,00,,00,1,0,0.00,
7022,323,712,00,,00,1,0,0.00,
7023,323,654,00,,00,2,0,0.00,
7024,323,733,00,,00,2,0,0.00,
7025,323,288,00,,00,3,0,0.00,
7026,323,714,00,,00,3,0,0.00,
7027,323,466,00,,00,4,0,0.00,
7028,323,655,00,,00,4,0,0.00,
7029,323,31,00,,00,5,0,0.00,
7030,323,271,00,,00,5,0,0.00,
7031,323,444,00,,00,6,0,0.00,
7032,323,759,00,,00,6,0,0.00,
7033,324,993,00,,00,1,0,44.50,
7034,324,470,00,,00,1,0,44.50,
7035,324,473,00,,00,2,0,43.80,
7036,324,567,00,,00,2,0,43.80,
7037,324,421,00,,00,3,0,36.30,
7038,324,482,00,,00,3,0,36.30,
7039,324,128,00,,00,4,0,32.70,
7040,324,649,00,,00,4,0,32.70,
7041,324,268,00,,00,5,0,29.50,
7042,324,832,00,,00,5,0,29.50,
7043,324,436,00,,00,6,0,24.70,
7044,324,538,00,,00,6,0,24.70,
7045,324,430,00,,00,7,0,22.30,
7046,324,875,00,,00,7,0,22.30,
7047,324,558,00,,00,8,0,21.40,
7048,324,645,00,,00,8,0,21.40,
7049,324,993,00,,02,1,0,29.10,
7050,324,470,00,,02,1,0,29.10,
7051,324,649,00,,02,1,0,29.10,
7052,324,421,00,,02,2,0,24.60,
7053,324,473,00,,02,2,0,24.60,
7054,324,567,00,,02,2,0,24.60,
7055,324,430,00,,02,3,0,20.70,
7056,324,482,00,,02,3,0,20.70,
7057,324,538,00,,02,3,0,20.70,
7058,324,268,00,,02,4,0,17.30,
7059,324,558,00,,02,4,0,17.30,
7060,324,645,00,,02,4,0,17.30,
7061,324,436,00,,02,5,0,12.40,
7062,324,832,00,,02,5,0,12.40,
7063,324,875,00,,02,5,0,12.40,
7064,325,597,00,,00,1,0,0.00,
7065,325,698,00,,00,1,0,0.00,
7066,325,217,00,,00,2,0,0.00,
7067,325,755,00,,00,2,0,0.00,
7068,325,97,00,,00,3,0,0.00,
7069,325,369,00,,00,3,0,0.00,
7070,325,118,00,,00,4,0,0.00,
7071,325,866,00,,00,4,0,0.00,
7072,325,580,00,,00,5,0,0.00,
7073,325,63,00,,00,5,0,0.00,
7074,325,8,00,,00,6,0,0.00,
7075,325,856,00,,00,6,0,0.00,
7076,326,126,00,,00,1,0,0.00,
7077,326,370,00,,00,1,0,0.00,
7078,326,140,00,,00,2,0,0.00,
7079,326,473,00,,00,2,0,0.00,
7080,326,567,00,,00,3,0,0.00,
7081,326,710,00,,00,3,0,0.00,
7082,326,384,00,,00,4,0,0.00,
7083,326,508,00,,00,4,0,0.00,
7084,327,409,00,,00,1,0,0.00,
7085,327,703,00,,00,1,0,0.00,
7086,327,1478,00,,00,2,0,0.00,
7087,327,1548,00,,00,2,0,0.00,
7088,328,126,00,,06,1,0,0.00,
7089,328,370,00,,06,1,0,0.00,
7090,328,85,00,,06,2,0,0.00,
7091,328,864,00,,06,2,0,0.00,
7092,328,590,00,,06,3,0,0.00,
7093,328,880,00,,06,3,0,0.00,
7094,328,60,00,,06,4,0,0.00,
7095,328,453,00,,06,4,0,0.00,
7096,328,667,00,,06,4,0,0.00,
7097,328,346,00,,06,5,0,0.00,
7098,328,788,00,,06,5,0,0.00,
7099,328,104,00,,06,6,0,0.00,
7100,328,781,00,,06,6,0,0.00,
7101,328,451,00,,06,7,0,0.00,
7102,328,837,00,,06,7,0,0.00,
7103,328,162,00,,06,8,0,0.00,
7104,328,773,00,,06,8,0,0.00,
7105,328,374,00,,06,9,0,0.00,
7106,328,798,00,,06,9,0,0.00,
7107,328,295,00,,06,10,0,0.00,
7108,328,296,00,,06,10,0,0.00,
7109,329,866,00,,00,1,0,0.00,
7110,329,97,00,,00,1,0,0.00,
7111,329,590,00,,00,2,0,0.00,
7112,329,217,00,,00,2,0,0.00,
7113,329,205,00,,00,3,0,0.00,
7114,329,500,00,,00,3,0,0.00,
7115,330,649,00,,00,1,0,0.00,
7116,330,864,00,,00,1,0,0.00,
7117,330,701,00,,00,2,0,0.00,
7118,330,28,00,,00,2,0,0.00,
7119,330,597,00,,00,3,0,0.00,
7120,330,244,00,,00,3,0,0.00,
7121,330,710,00,,00,4,0,0.00,
7122,330,675,00,,00,4,0,0.00,
7123,330,737,00,,00,5,0,0.00,
7124,330,739,00,,00,5,0,0.00,
7125,330,891,00,,00,6,0,0.00,
7126,330,210,00,,00,6,0,0.00,
7127,330,880,00,,00,7,0,0.00,
7128,330,370,00,,00,7,0,0.00,
7129,330,147,00,,00,8,0,0.00,
7130,330,103,00,,00,8,0,0.00,
7131,330,212,00,,00,9,9,0.00,
7132,330,545,00,,00,9,9,0.00,
7133,330,140,00,,00,10,9,0.00,
7134,330,473,00,,00,10,9,0.00,
7135,330,567,00,,00,11,11,0.00,
7136,330,780,00,,00,11,11,0.00,
7137,330,308,00,,00,12,11,0.00,
7138,330,887,00,,00,12,11,0.00,
7139,330,667,00,,00,13,13,0.00,
7140,330,505,00,,00,13,13,0.00,
7141,330,359,00,,00,14,13,0.00,
7142,330,486,00,,00,14,13,0.00,
7143,330,26,00,,00,15,15,0.00,
7144,330,812,00,,00,15,15,0.00,
7145,330,1540,00,,00,16,15,0.00,
7146,330,442,00,,00,16,15,0.00,
7147,330,810,00,,00,17,17,0.00,
7148,330,831,00,,00,17,17,0.00,
7149,330,577,00,,00,18,18,0.00,
7150,330,738,00,,00,18,18,0.00,
7151,330,775,00,,00,19,18,0.00,
7152,330,143,00,,00,19,18,0.00,
7153,330,210,00,,02,1,0,0.00,
7154,330,370,00,,02,1,0,0.00,
7155,330,597,00,,02,1,0,0.00,
7156,330,103,00,,02,2,0,0.00,
7157,330,147,00,,02,2,0,0.00,
7158,330,780,00,,02,2,0,0.00,
7159,330,567,00,,02,3,0,0.00,
7160,330,675,00,,02,3,0,0.00,
7161,330,710,00,,02,3,0,0.00,
7162,330,212,00,,02,4,0,0.00,
7163,330,359,00,,02,4,0,0.00,
7164,330,545,00,,02,4,0,0.00,
7165,330,701,00,,02,5,0,0.00,
7166,330,737,00,,02,5,0,0.00,
7167,330,739,00,,02,5,0,0.00,
7168,330,649,00,,02,6,0,0.00,
7169,330,864,00,,02,6,0,0.00,
7170,330,880,00,,02,6,0,0.00,
7171,330,473,00,,02,7,7,0.00,
7172,330,700,00,,02,7,7,0.00,
7173,330,891,00,,02,7,7,0.00,
7174,330,140,00,,02,8,7,0.00,
7175,330,163,00,,02,8,7,0.00,
7176,330,505,00,,02,8,7,0.00,
7177,330,442,00,,02,9,9,0.00,
7178,330,441,00,,02,9,9,0.00,
7179,330,367,00,,02,9,9,0.00,
7180,330,26,00,,02,10,9,0.00,
7181,330,810,00,,02,10,9,0.00,
7182,330,831,00,,02,10,9,0.00,
7183,330,775,00,,02,11,11,0.00,
7184,330,143,00,,02,11,11,0.00,
7185,330,577,00,,02,11,11,0.00,
7186,330,210,00,,03,1,0,0.00,
7187,330,700,00,,03,1,0,0.00,
7188,330,441,00,,03,2,0,0.00,
7189,330,442,00,,03,2,0,0.00,
7190,330,486,00,,03,3,0,0.00,
7191,330,737,00,,03,3,0,0.00,
7192,330,147,00,,03,4,0,0.00,
7193,330,667,00,,03,4,0,0.00,
7194,330,567,00,,03,5,0,0.00,
7195,330,706,00,,03,5,0,0.00,
7196,330,367,00,,03,6,0,0.00,
7197,330,739,00,,03,6,0,0.00,
7198,330,28,00,,03,7,7,0.00,
7199,330,163,00,,03,7,7,0.00,
7200,330,630,00,,03,8,7,0.00,
7201,330,701,00,,03,8,7,0.00,
7202,330,1294,00,,03,9,9,0.00,
7203,330,710,00,,03,9,9,0.00,
7204,330,110,00,,03,10,10,0.00,
7205,330,675,00,,03,10,10,0.00,
7206,330,129,00,,03,11,11,0.00,
7207,330,212,00,,03,11,11,0.00,
7208,330,677,00,,03,12,11,0.00,
7209,330,1540,00,,03,12,11,0.00,
7210,330,667,00,,01,1,0,0.00,
7211,330,700,00,,01,1,0,0.00,
7212,330,129,00,,01,2,0,0.00,
7213,330,486,00,,01,2,0,0.00,
7214,330,630,00,,01,3,0,0.00,
7215,330,677,00,,01,3,0,0.00,
7216,330,163,00,,01,4,0,0.00,
7217,330,706,00,,01,4,0,0.00,
7218,330,367,00,,01,5,0,0.00,
7219,330,441,00,,01,5,0,0.00,
7220,331,866,00,,00,1,0,0.00,
7221,331,85,00,,00,1,0,0.00,
7222,331,590,00,,00,2,0,0.00,
7223,331,217,00,,00,2,0,0.00,
7224,331,97,00,,00,3,0,0.00,
7225,331,724,00,,00,3,0,0.00,
7226,331,755,00,,00,4,0,0.00,
7227,331,133,00,,00,4,0,0.00,
7228,331,205,00,,00,5,5,0.00,
7229,331,493,00,,00,5,5,0.00,
7230,331,323,00,,00,6,5,0.00,
7231,331,391,00,,00,6,5,0.00,
7232,332,559,00,,19,1,0,0.00,
7233,332,574,00,,19,1,0,0.00,
7234,332,452,00,,19,1,0,0.00,
7235,332,844,00,,19,2,0,0.00,
7236,332,591,00,,19,2,0,0.00,
7237,332,39,00,,19,3,0,0.00,
7238,332,385,00,,19,3,0,0.00,
7239,332,522,00,,19,4,0,0.00,
7240,332,507,00,,19,4,0,0.00,
7241,332,808,00,,19,5,0,0.00,
7242,332,822,00,,19,5,0,0.00,
7243,333,48,00,,00,1,0,0.00,
7244,333,891,00,,00,1,0,0.00,
7245,333,280,00,,00,2,0,0.00,
7246,333,470,00,,00,2,0,0.00,
7247,333,701,00,,00,3,0,0.00,
7248,333,28,00,,00,3,0,0.00,
7249,333,864,00,,00,4,0,0.00,
7250,333,649,00,,00,4,0,0.00,
7251,333,675,00,,00,5,0,0.00,
7252,333,710,00,,00,5,0,0.00,
7253,333,370,00,,00,6,0,0.00,
7254,333,126,00,,00,6,0,0.00,
7255,333,695,00,,00,7,7,0.00,
7256,333,883,00,,00,7,7,0.00,
7257,333,140,00,,00,8,7,0.00,
7258,333,473,00,,00,8,7,0.00,
7259,333,112,00,,00,9,9,0.00,
7260,333,700,00,,00,9,9,0.00,
7261,333,328,00,,00,10,9,0.00,
7262,333,706,00,,00,10,9,0.00,
7263,333,700,00,,03,1,0,0.00,
7264,333,710,00,,03,1,0,0.00,
7265,333,47,00,,03,2,0,0.00,
7266,333,675,00,,03,2,0,0.00,
7267,333,630,00,,03,3,0,0.00,
7268,333,701,00,,03,3,0,0.00,
7269,333,126,00,,03,4,0,0.00,
7270,333,706,00,,03,4,0,0.00,
7271,333,140,00,,03,5,0,0.00,
7272,333,202,00,,03,5,0,0.00,
7273,334,48,00,,06,1,0,0.00,
7274,334,212,00,,06,1,0,0.00,
7275,334,545,00,,06,1,0,0.00,
7276,334,140,00,,06,2,0,0.00,
7277,334,473,00,,06,2,0,0.00,
7278,334,891,00,,06,2,0,0.00,
7279,334,308,00,,06,3,0,0.00,
7280,334,887,00,,06,3,0,0.00,
7281,334,262,00,,06,4,0,0.00,
7282,334,359,00,,06,4,0,0.00,
7283,334,660,00,,06,4,0,0.00,
7284,334,100,00,,06,5,0,0.00,
7285,334,293,00,,06,5,0,0.00,
7286,334,632,00,,06,6,0,0.00,
7287,334,731,00,,06,6,0,0.00,
7288,334,772,00,,06,6,0,0.00,
7289,334,114,00,,06,7,7,0.00,
7290,334,611,00,,06,7,7,0.00,
7291,334,162,00,,06,8,7,0.00,
7292,334,527,00,,06,8,7,0.00,
7293,335,140,00,,19,1,0,0.00,
7294,335,225,00,,19,1,0,0.00,
7295,335,162,00,,19,2,0,0.00,
7296,335,293,00,,19,2,0,0.00,
7297,335,670,00,,19,3,0,0.00,
7298,335,785,00,,19,3,0,0.00,
7299,335,816,00,,19,4,0,0.00,
7300,335,817,00,,19,4,0,0.00,
7301,335,819,00,,19,4,0,0.00,
7302,336,597,00,,19,1,0,0.00,
7303,336,204,00,,19,1,0,0.00,
7304,336,97,00,,19,2,0,0.00,
7305,336,724,00,,19,2,0,0.00,
7306,336,172,00,,19,2,0,0.00,
7307,336,866,00,,19,3,0,0.00,
7308,336,85,00,,19,3,0,0.00,
7309,336,590,00,,19,4,0,0.00,
7310,336,217,00,,19,4,0,0.00,
7311,336,63,00,,19,5,0,0.00,
7312,336,369,00,,19,5,0,0.00,
7313,336,104,00,,19,5,0,0.00,
7314,336,205,00,,19,6,0,0.00,
7315,336,493,00,,19,6,0,0.00,
7316,336,391,00,,19,7,0,0.00,
7317,336,479,00,,19,7,0,0.00,
7318,337,597,00,,00,1,0,0.00,
7319,337,244,00,,00,1,0,0.00,
7320,337,103,00,,00,2,0,0.00,
7321,337,780,00,,00,2,0,0.00,
7322,337,97,00,,00,3,0,0.00,
7323,337,590,00,,00,3,0,0.00,
7324,337,128,00,,00,4,0,0.00,
7325,337,85,00,,00,4,0,0.00,
7326,337,598,00,,00,5,0,0.00,
7327,337,767,00,,00,5,0,0.00,
7328,338,412,00,,00,1,0,0.00,
7329,338,410,00,,00,1,0,0.00,
7330,338,30,00,,00,2,0,0.00,
7331,338,411,00,,00,2,0,0.00,
7332,338,582,00,,00,3,0,0.00,
7333,338,15,00,,00,3,0,0.00,
7334,338,690,00,,00,4,0,0.00,
7335,338,233,00,,00,4,0,0.00,
7336,339,1540,00,,19,1,0,0.00,
7337,339,1550,00,,19,1,0,0.00,
7338,339,191,00,,19,2,0,0.00,
7339,339,207,00,,19,2,0,0.00,
7340,339,425,00,,19,3,0,0.00,
7341,339,424,00,,19,3,0,0.00,
7342,339,785,00,,19,4,0,0.00,
7343,339,611,00,,19,4,0,0.00,
7344,339,699,00,,19,4,0,0.00,
7345,339,261,00,,19,5,0,0.00,
7346,339,69,00,,19,5,0,0.00,
7347,339,132,00,,19,6,0,0.00,
7348,339,773,00,,19,6,0,0.00,
7349,340,773,00,,00,1,0,0.00,
7350,340,16,00,,00,1,0,0.00,
7351,340,69,00,,00,2,0,0.00,
7352,340,858,00,,00,2,0,0.00,
7353,340,261,00,,00,3,0,0.00,
7354,340,786,00,,00,3,0,0.00,
7355,341,1550,00,,02,1,0,0.00,
7356,341,773,00,,02,1,0,0.00,
7357,341,16,00,,02,1,0,0.00,
7358,341,191,00,,02,2,0,0.00,
7359,341,699,00,,02,2,0,0.00,
7360,341,57,00,,02,2,0,0.00,
7361,342,140,00,,00,1,0,0.00,
7362,342,473,00,,00,1,0,0.00,
7363,342,505,00,,00,2,0,0.00,
7364,342,667,00,,00,2,0,0.00,
7365,342,695,00,,00,3,0,0.00,
7366,342,883,00,,00,3,0,0.00,
7367,342,308,00,,00,4,0,0.00,
7368,342,887,00,,00,4,0,0.00,
7369,342,254,00,,00,5,0,0.00,
7370,342,805,00,,00,5,0,0.00,
7371,342,85,00,,00,6,0,0.00,
7372,342,660,00,,00,6,0,0.00,
7373,342,47,00,,00,7,0,0.00,
7374,342,677,00,,00,7,0,0.00,
7375,342,402,00,,00,8,0,0.00,
7376,342,365,00,,00,8,0,0.00,
7377,342,162,00,,00,9,0,0.00,
7378,342,670,00,,00,9,0,0.00,
7379,342,1551,00,,00,10,0,0.00,
7380,342,828,00,,00,10,0,0.00,
7381,343,193,00,,06,1,0,0.00,
7382,343,80,00,,06,1,0,0.00,
7383,343,838,00,,06,2,0,0.00,
7384,343,7,00,,06,2,0,0.00,
7385,343,721,00,,06,3,0,0.00,
7386,343,373,00,,06,3,0,0.00,
7387,343,541,00,,06,4,0,0.00,
7388,343,542,00,,06,4,0,0.00,
7389,343,42,00,,06,5,0,0.00,
7390,343,509,00,,06,5,0,0.00,
7391,343,783,00,,06,6,0,0.00,
7392,343,161,00,,06,6,0,0.00,
7393,343,273,00,,06,6,0,0.00,
7394,344,103,00,,06,1,0,0.00,
7395,344,147,00,,06,1,0,0.00,
7396,344,780,00,,06,1,0,0.00,
7397,344,140,00,,06,2,0,0.00,
7398,344,473,00,,06,2,0,0.00,
7399,344,667,00,,06,3,0,0.00,
7400,344,695,00,,06,3,0,0.00,
7401,344,675,00,,06,4,0,0.00,
7402,344,700,00,,06,4,0,0.00,
7403,344,660,00,,06,5,0,0.00,
7404,344,677,00,,06,5,0,0.00,
7405,344,47,00,,06,6,0,0.00,
7406,344,883,00,,06,6,0,0.00,
7407,344,162,02,,06,4,4,0.00,
7408,344,225,02,,06,4,4,0.00,
7409,344,847,02,,06,4,4,0.00,
7410,344,281,02,,06,5,4,0.00,
7411,344,841,02,,06,5,4,0.00,
7412,344,224,02,,06,6,6,0.00,
7413,344,1,02,,06,6,6,0.00,
7414,344,254,02,,06,7,6,0.00,
7415,344,337,02,,06,7,6,0.00,
7416,344,805,02,,06,7,6,0.00,
7417,344,557,02,,06,8,0,0.00,
7418,344,672,02,,06,8,0,0.00,
7419,344,247,02,,06,8,0,0.00,
7420,345,125,00,,00,1,0,0.00,
7421,345,473,00,,00,1,0,0.00,
7422,345,484,00,,00,2,0,0.00,
7423,345,700,00,,00,2,0,0.00,
7424,345,112,00,,00,3,0,0.00,
7425,345,543,00,,00,3,0,0.00,
7426,345,10,00,,00,4,0,0.00,
7427,345,113,00,,00,4,0,0.00,
7428,346,273,00,,19,1,1,0.00,
7429,346,160,00,,19,1,1,0.00,
7430,346,383,00,,19,2,1,0.00,
7431,346,382,00,,19,2,1,0.00,
7432,346,721,00,,19,3,0,0.00,
7433,346,193,00,,19,3,0,0.00,
7434,346,838,00,,19,4,0,0.00,
7435,346,596,00,,19,4,0,0.00,
7436,346,313,00,,19,5,0,0.00,
7437,346,161,00,,19,5,0,0.00,
7438,346,541,00,,19,6,0,0.00,
7439,346,888,00,,19,6,0,0.00,
7440,346,457,00,,19,6,0,0.00,
7441,346,7,00,,19,6,0,0.00,
7442,347,38,00,,02,1,0,0.00,
7443,347,567,00,,02,1,0,0.00,
7444,347,777,00,,02,1,0,0.00,
7445,347,140,00,,02,2,0,0.00,
7446,347,473,00,,02,2,0,0.00,
7447,347,891,00,,02,2,0,0.00,
7448,347,225,00,,02,3,0,0.00,
7449,347,617,00,,02,3,0,0.00,
7450,347,749,00,,02,3,0,0.00,
7451,347,224,00,,02,4,0,0.00,
7452,347,1,00,,02,4,0,0.00,
7453,347,894,00,,02,4,0,0.00,
7454,347,140,00,,00,1,0,0.00,
7455,347,473,00,,00,1,0,0.00,
7456,347,38,00,,00,2,0,0.00,
7457,347,567,00,,00,2,0,0.00,
7458,347,777,00,,00,3,0,0.00,
7459,347,891,00,,00,3,0,0.00,
7460,347,225,00,,00,4,0,0.00,
7461,347,750,00,,00,4,0,0.00,
7462,347,224,00,,00,5,0,0.00,
7463,347,894,00,,00,5,0,0.00,
7464,348,258,00,,19,1,0,0.00,
7465,348,597,00,,19,1,0,0.00,
7466,348,650,00,,19,1,0,0.00,
7467,348,375,00,,19,2,0,0.00,
7468,348,866,00,,19,2,0,0.00,
7469,348,85,00,,19,3,0,0.00,
7470,348,590,00,,19,3,0,0.00,
7471,348,97,00,,19,4,0,0.00,
7472,348,708,00,,19,4,0,0.00,
7473,348,104,00,,19,5,0,0.00,
7474,348,500,00,,19,5,0,0.00,
7475,348,63,00,,19,6,0,0.00,
7476,348,64,00,,19,6,0,0.00,
7477,348,391,00,,19,7,0,0.00,
7478,348,653,00,,19,7,0,0.00,
7479,349,384,00,,00,1,0,0.00,
7480,349,660,00,,00,1,0,0.00,
7481,349,228,00,,00,2,0,0.00,
7482,349,850,00,,00,2,0,0.00,
7483,349,471,00,,00,3,0,0.00,
7484,349,1540,00,,00,3,0,0.00,
7485,349,278,00,,00,4,0,0.00,
7486,349,366,00,,00,4,0,0.00,
7487,350,97,00,,19,1,0,0.00,
7488,350,724,00,,19,1,0,0.00,
7489,350,85,00,,19,2,0,0.00,
7490,350,590,00,,19,2,0,0.00,
7491,350,217,00,,19,3,0,0.00,
7492,350,755,00,,19,3,0,0.00,
7493,350,375,00,,19,4,0,0.00,
7494,350,866,00,,19,4,0,0.00,
7495,350,108,00,,19,5,0,0.00,
7496,350,481,00,,19,5,0,0.00,
7497,350,62,00,,19,6,0,0.00,
7498,350,63,00,,19,6,0,0.00,
7499,350,189,00,,19,6,0,0.00,
7500,351,597,00,,06,1,0,0.00,
7501,351,244,00,,06,1,0,0.00,
7502,351,667,00,,06,2,0,0.00,
7503,351,695,00,,06,2,0,0.00,
7504,351,119,00,,06,3,0,0.00,
7505,351,157,00,,06,3,0,0.00,
7506,351,97,00,,06,4,0,0.00,
7507,351,590,00,,06,4,0,0.00,
7508,351,85,00,,06,5,0,0.00,
7509,351,460,00,,06,5,0,0.00,
7510,351,346,00,,06,6,0,0.00,
7511,351,768,00,,06,6,0,0.00,
7512,351,788,00,,06,6,0,0.00,
7513,351,54,00,,06,7,0,0.00,
7514,351,144,00,,06,7,0,0.00,
7515,351,866,00,,06,8,0,0.00,
7516,351,177,00,,06,8,0,0.00,
7517,351,871,02,A,06,5,0,0.00,
7518,351,660,02,A,06,5,0,0.00,
7519,351,149,02,A,06,5,0,0.00,
7520,351,451,02,A,06,6,0,0.00,
7521,351,738,02,A,06,6,0,0.00,
7522,351,760,02,A,06,6,0,0.00,
7523,351,463,02,A,06,7,0,0.00,
7524,351,814,02,A,06,7,0,0.00,
7525,351,108,02,B,06,5,0,0.00,
7526,351,708,02,B,06,5,0,0.00,
7527,351,658,02,B,06,6,0,0.00,
7528,351,597,04,A,06,1,0,0.00,
7529,351,244,04,A,06,1,0,0.00,
7530,351,97,04,A,06,2,0,0.00,
7531,351,590,04,A,06,2,0,0.00,
7532,351,346,04,A,06,3,3,0.00,
7533,351,768,04,A,06,3,3,0.00,
7534,351,788,04,A,06,3,3,0.00,
7535,351,54,04,A,06,4,3,0.00,
7536,351,144,04,A,06,4,3,0.00,
7537,351,871,04,A,06,5,0,0.00,
7538,351,660,04,A,06,5,0,0.00,
7539,351,149,04,A,06,5,0,0.00,
7540,351,451,04,A,06,6,6,0.00,
7541,351,738,04,A,06,6,6,0.00,
7542,351,760,04,A,06,6,6,0.00,
7543,351,463,04,A,06,7,6,0.00,
7544,351,814,04,A,06,7,6,0.00,
7545,351,667,04,B,06,1,0,0.00,
7546,351,695,04,B,06,1,0,0.00,
7547,351,119,04,B,06,2,0,0.00,
7548,351,157,04,B,06,2,0,0.00,
7549,351,85,04,B,06,3,0,0.00,
7550,351,460,04,B,06,3,0,0.00,
7551,351,866,04,B,06,4,0,0.00,
7552,351,177,04,B,06,4,0,0.00,
7553,351,108,04,B,06,5,0,0.00,
7554,351,708,04,B,06,5,0,0.00,
7555,351,658,04,B,06,6,0,0.00,
7556,352,675,00,,00,1,1,0.00,
7557,352,700,00,,00,1,1,0.00,
7558,352,48,00,,00,2,1,0.00,
7559,352,212,00,,00,2,1,0.00,
7560,352,470,00,,00,3,3,0.00,
7561,352,701,00,,00,3,3,0.00,
7562,352,140,00,,00,4,3,0.00,
7563,352,473,00,,00,4,3,0.00,
7564,352,47,00,,00,5,5,0.00,
7565,352,521,00,,00,5,5,0.00,
7566,352,370,00,,00,6,5,0.00,
7567,352,891,00,,00,6,5,0.00,
7568,352,362,00,,00,7,7,0.00,
7569,352,848,00,,00,7,7,0.00,
7570,352,695,00,,00,8,7,0.00,
7571,352,883,00,,00,8,7,0.00,
7572,352,112,00,,00,9,9,0.00,
7573,352,163,00,,00,9,9,0.00,
7574,352,344,00,,00,10,9,0.00,
7575,352,761,00,,00,10,9,0.00,
7576,352,660,00,,00,11,11,0.00,
7577,352,667,00,,00,11,11,0.00,
7578,352,281,00,,00,12,11,0.00,
7579,352,841,00,,00,12,11,0.00,
7580,352,202,00,,00,13,0,0.00,
7581,352,225,00,,00,13,0,0.00,
7582,352,140,00,,02,1,1,0.00,
7583,352,473,00,,02,1,1,0.00,
7584,352,700,00,,02,1,1,0.00,
7585,352,281,00,,02,2,1,0.00,
7586,352,470,00,,02,2,1,0.00,
7587,352,841,00,,02,2,1,0.00,
7588,352,112,00,,02,3,3,0.00,
7589,352,834,00,,02,3,3,0.00,
7590,352,848,00,,02,3,3,0.00,
7591,352,660,00,,02,4,3,0.00,
7592,352,667,00,,02,4,3,0.00,
7593,352,695,00,,02,4,3,0.00,
7594,352,48,00,,02,5,5,0.00,
7595,352,212,00,,02,5,5,0.00,
7596,352,891,00,,02,5,5,0.00,
7597,352,362,00,,02,6,5,0.00,
7598,352,370,00,,02,6,5,0.00,
7599,352,675,00,,02,6,5,0.00,
7600,352,202,00,,02,7,0,0.00,
7601,352,225,00,,02,7,0,0.00,
7602,352,883,00,,02,7,0,0.00,
7603,354,112,00,,00,1,0,0.00,
7604,354,225,00,,00,1,0,0.00,
7605,354,367,00,,00,2,0,0.00,
7606,354,737,00,,00,2,0,0.00,
7607,354,630,00,,00,3,0,0.00,
7608,354,701,00,,00,3,0,0.00,
7609,354,140,00,,00,4,0,0.00,
7610,354,672,00,,00,4,0,0.00,
7611,354,117,00,,00,5,0,0.00,
7612,354,1,00,,00,5,0,0.00,
7613,354,162,00,,00,6,0,0.00,
7614,354,356,00,,00,6,0,0.00,
7615,354,354,00,,00,7,0,0.00,
7616,354,355,00,,00,7,0,0.00,
7617,355,597,00,,06,1,0,0.00,
7618,355,144,00,,06,1,0,0.00,
7619,355,157,00,,06,2,0,0.00,
7620,355,119,00,,06,2,0,0.00,
7621,355,346,00,,06,3,0,0.00,
7622,355,695,00,,06,3,0,0.00,
7623,355,85,00,,06,4,0,0.00,
7624,355,866,00,,06,4,0,0.00,
7625,355,375,00,,06,5,0,0.00,
7626,355,590,00,,06,5,0,0.00,
7627,355,495,00,,06,6,0,0.00,
7628,355,660,00,,06,6,0,0.00,
7629,355,451,00,,06,7,0,0.00,
7630,355,788,00,,06,7,0,0.00,
7631,355,109,00,,06,8,0,0.00,
7632,355,871,00,,06,8,0,0.00,
7633,355,104,02,A,06,4,0,0.00,
7634,355,658,02,A,06,4,0,0.00,
7635,355,120,02,A,06,5,0,0.00,
7636,355,169,02,A,06,5,0,0.00,
7637,355,108,02,A,06,6,0,0.00,
7638,355,192,02,A,06,6,0,0.00,
7639,355,448,02,A,06,7,0,0.00,
7640,355,584,02,A,06,7,0,0.00,
7641,355,585,02,A,06,7,0,0.00,
7642,355,177,02,B,06,4,0,0.00,
7643,355,760,02,B,06,4,0,0.00,
7644,355,535,02,B,06,5,0,0.00,
7645,355,758,02,B,06,5,0,0.00,
7646,355,637,02,B,06,6,0,0.00,
7647,355,684,02,B,06,6,0,0.00,
7648,356,48,00,,00,1,0,0.00,
7649,356,777,00,,00,1,0,0.00,
7650,356,140,00,,00,2,0,0.00,
7651,356,473,00,,00,2,0,0.00,
7652,356,112,00,,00,3,0,0.00,
7653,356,667,00,,00,3,0,0.00,
7654,356,660,00,,00,4,0,0.00,
7655,356,695,00,,00,4,0,0.00,
7656,356,128,00,,00,5,0,0.00,
7657,356,700,00,,00,5,0,0.00,
7658,356,37,00,,00,6,0,0.00,
7659,356,225,00,,00,6,0,0.00,
7660,356,48,00,,02,1,0,0.00,
7661,356,597,00,,02,1,0,0.00,
7662,356,777,00,,02,1,0,0.00,
7663,356,112,00,,02,2,0,0.00,
7664,356,140,00,,02,2,0,0.00,
7665,356,473,00,,02,2,0,0.00,
7666,356,9,00,,02,3,0,0.00,
7667,356,407,00,,02,3,0,0.00,
7668,356,855,00,,02,3,0,0.00,
7669,356,439,00,,02,4,0,0.00,
7670,356,667,00,,02,4,0,0.00,
7671,356,750,00,,02,4,0,0.00,
7672,356,225,00,,02,5,0,0.00,
7673,356,1,00,,02,5,0,0.00,
7674,356,672,00,,02,5,0,0.00,
7675,357,97,00,,00,1,0,0.00,
7676,357,708,00,,00,1,0,0.00,
7677,357,866,00,,00,2,0,0.00,
7678,357,590,00,,00,2,0,0.00,
7679,357,108,00,,00,3,0,0.00,
7680,357,217,00,,00,3,0,0.00,
7681,357,755,00,,00,4,0,0.00,
7682,357,369,00,,00,4,0,0.00,
7683,357,519,00,,00,5,0,0.00,
7684,357,807,00,,00,5,0,0.00,
7685,357,688,00,,00,6,0,0.00,
7686,357,270,00,,00,6,0,0.00,
7687,357,205,00,,00,7,0,0.00,
7688,357,493,00,,00,7,0,0.00,
7689,357,619,00,,00,8,8,0.00,
7690,357,593,00,,00,8,8,0.00,
7691,357,391,00,,00,9,8,0.00,
7692,357,323,00,,00,9,8,0.00,
7693,357,322,00,,00,10,0,0.00,
7694,357,767,00,,00,10,0,0.00,
7695,357,299,00,,00,11,0,0.00,
7696,357,237,00,,00,11,0,0.00,
7697,357,116,00,,00,12,0,0.00,
7698,357,12,00,,00,12,0,0.00,
7699,358,140,00,,00,1,0,0.00,
7700,358,473,00,,00,1,0,0.00,
7701,358,362,00,,00,2,0,0.00,
7702,358,884,00,,00,2,0,0.00,
7703,358,126,00,,00,3,0,0.00,
7704,358,675,00,,00,3,0,0.00,
7705,358,47,00,,00,4,0,0.00,
7706,358,710,00,,00,4,0,0.00,
7707,358,48,00,,00,5,0,0.00,
7708,358,470,00,,00,5,0,0.00,
7709,358,700,00,,00,6,0,0.00,
7710,358,701,00,,00,6,0,0.00,
7711,358,10,02,A,00,4,0,0.00,
7712,358,112,02,A,00,4,0,0.00,
7713,358,617,02,A,00,5,0,0.00,
7714,358,834,02,A,00,5,0,0.00,
7715,358,225,02,A,00,6,0,0.00,
7716,358,805,02,A,00,6,0,0.00,
7717,358,9,02,B,00,4,0,0.00,
7718,358,855,02,B,00,4,0,0.00,
7719,358,254,02,B,00,5,0,0.00,
7720,358,439,02,B,00,5,0,0.00,
7721,358,461,02,B,00,6,0,0.00,
7722,358,883,02,B,00,6,0,0.00,
7723,358,47,04,A,00,1,0,0.00,
7724,358,710,04,A,00,1,0,0.00,
7725,358,126,04,A,00,2,0,0.00,
7726,358,675,04,A,00,2,0,0.00,
7727,358,140,04,A,00,3,0,0.00,
7728,358,473,04,A,00,3,0,0.00,
7729,358,10,04,A,00,4,0,0.00,
7730,358,112,04,A,00,4,0,0.00,
7731,358,617,04,A,00,5,0,0.00,
7732,358,834,04,A,00,5,0,0.00,
7733,358,225,04,A,00,6,0,0.00,
7734,358,805,04,A,00,6,0,0.00,
7735,358,362,04,B,00,1,0,0.00,
7736,358,884,04,B,00,1,0,0.00,
7737,358,48,04,B,00,2,0,0.00,
7738,358,470,04,B,00,2,0,0.00,
7739,358,700,04,B,00,3,0,0.00,
7740,358,701,04,B,00,3,0,0.00,
7741,358,9,04,B,00,4,0,0.00,
7742,358,855,04,B,00,4,0,0.00,
7743,358,254,04,B,00,5,0,0.00,
7744,358,439,04,B,00,5,0,0.00,
7745,358,461,04,B,00,6,0,0.00,
7746,358,883,04,B,00,6,0,0.00,
7747,358,700,00,,01,1,0,0.00,
7748,358,884,00,,01,1,0,0.00,
7749,358,113,00,,01,2,0,0.00,
7750,358,1551,00,,01,3,0,0.00,
7751,358,828,00,,01,3,0,0.00,
7752,359,326,00,,00,1,0,0.00,
7753,359,438,00,,00,1,0,0.00,
7754,359,159,00,,00,2,0,0.00,
7755,359,158,00,,00,2,0,0.00,
7756,359,488,00,,00,3,0,0.00,
7757,359,372,00,,00,3,0,0.00,
7758,359,599,00,,00,4,0,0.00,
7759,359,659,00,,00,4,0,0.00,
7760,359,135,00,,00,5,0,0.00,
7761,359,636,00,,00,5,0,0.00,
7762,360,85,00,,00,1,0,0.00,
7763,360,695,00,,00,1,0,0.00,
7764,360,425,00,,00,2,0,0.00,
7765,360,867,00,,00,2,0,0.00,
7766,360,660,00,,00,3,0,0.00,
7767,360,717,00,,00,3,0,0.00,
7768,360,191,00,,00,4,0,0.00,
7769,360,207,00,,00,4,0,0.00,
7770,360,85,04,A,00,1,0,0.00,
7771,360,695,04,A,00,1,0,0.00,
7772,360,191,04,A,00,2,0,0.00,
7773,360,207,04,A,00,2,0,0.00,
7774,360,132,04,A,00,3,0,0.00,
7775,360,276,04,A,00,3,0,0.00,
7776,360,298,04,A,00,4,0,0.00,
7777,360,39,04,A,00,4,0,0.00,
7778,360,424,04,A,00,5,0,0.00,
7779,360,611,04,A,00,5,0,0.00,
7780,360,425,04,B,00,1,0,0.00,
7781,360,867,04,B,00,1,0,0.00,
7782,360,717,04,B,00,2,0,0.00,
7783,360,660,04,B,00,2,0,0.00,
7784,360,54,04,B,00,3,0,0.00,
7785,360,773,04,B,00,3,0,0.00,
7786,360,69,04,B,00,4,0,0.00,
7787,360,261,04,B,00,4,0,0.00,
7788,361,4,00,,00,1,0,0.00,
7789,361,482,00,,00,1,0,0.00,
7790,361,317,00,,00,2,0,0.00,
7791,361,137,00,,00,2,0,0.00,
7792,361,253,00,,00,3,0,0.00,
7793,361,252,00,,00,3,0,0.00,
7794,361,606,00,,00,4,0,0.00,speedflow
7795,362,244,00,,06,1,0,0.00,
7796,362,597,00,,06,1,0,0.00,
7797,362,590,00,,06,2,0,0.00,
7798,362,738,00,,06,2,0,0.00,
7799,362,128,00,,06,3,0,0.00,
7800,362,108,00,,06,3,0,0.00,
7801,362,342,00,,06,4,0,0.00,
7802,362,399,00,,06,4,0,0.00,
7803,362,190,00,,06,5,0,0.00,
7804,362,585,00,,06,5,0,0.00,
7805,362,598,00,,06,5,0,0.00,
7806,362,368,00,,06,6,0,0.00,
7807,362,519,00,,06,6,0,0.00,
7808,363,295,00,,00,1,0,0.00,
7809,363,346,00,,00,1,0,0.00,
7810,363,561,00,,00,2,0,0.00,
7811,363,768,00,,00,2,0,0.00,
7812,363,451,00,,00,3,0,0.00,
7813,363,673,00,,00,3,0,0.00,
7814,363,570,00,,00,4,0,0.00,
7815,363,626,00,,00,4,0,0.00,
7816,364,97,00,,00,1,0,0.00,
7817,364,204,00,,00,1,0,0.00,
7818,364,108,00,,00,2,0,0.00,
7819,364,708,00,,00,2,0,0.00,
7820,364,590,00,,00,3,0,0.00,
7821,364,866,00,,00,3,0,0.00,
7822,364,64,00,,00,4,0,0.00,
7823,364,198,00,,00,4,0,0.00,
7824,364,63,00,,00,5,0,0.00,
7825,364,217,00,,00,5,0,0.00,
7826,364,519,00,,00,6,0,0.00,
7827,364,807,00,,00,6,0,0.00,
7828,364,479,00,,00,7,0,0.00,
7829,364,856,00,,00,7,0,0.00,
7830,364,391,00,,00,8,0,0.00,
7831,364,767,00,,00,8,0,0.00,
7832,365,701,00,,06,1,0,0.00,
7833,365,884,00,,06,1,0,0.00,
7834,365,163,00,,06,2,0,0.00,
7835,365,280,00,,06,2,0,0.00,
7836,365,470,00,,06,2,0,0.00,
7837,365,221,00,,06,3,0,0.00,
7838,365,848,00,,06,3,0,0.00,
7839,365,85,00,,06,4,0,0.00,
7840,365,225,00,,06,4,0,0.00,
7841,365,577,00,,06,4,0,0.00,
7842,365,162,00,,06,5,0,0.00,
7843,365,564,00,,06,5,0,0.00,
7844,365,611,00,,06,6,0,0.00,
7845,365,667,00,,01,1,0,0.00,
7846,365,677,00,,01,1,0,0.00,
7847,365,163,00,,01,2,0,0.00,
7848,365,630,00,,01,2,0,0.00,
7849,365,884,00,,01,3,0,0.00,
7850,366,99,00,,06,1,0,0.00,
7851,366,55,00,,06,2,0,0.00,
7852,366,658,00,,06,2,0,0.00,
7853,367,262,00,,06,1,0,0.00,
7854,367,887,00,,06,1,0,0.00,
7855,367,308,00,,06,1,0,0.00,
7856,367,212,00,,06,2,0,0.00,
7857,367,359,00,,06,2,0,0.00,
7858,367,85,00,,06,3,0,0.00,
7859,367,129,00,,06,3,0,0.00,
7860,367,328,00,,06,3,0,0.00,
7861,367,611,00,,06,4,0,0.00,
7862,367,56,00,,06,4,0,0.00,
7863,367,114,00,,06,4,0,0.00,
7864,367,691,00,,06,5,0,0.00,
7865,367,304,00,,06,5,0,0.00,
7866,367,283,00,,06,6,0,0.00,
7867,367,539,00,,06,6,0,0.00,
7868,367,514,00,,06,7,0,0.00,
7869,367,869,00,,06,7,0,0.00,
7870,367,553,00,,06,8,0,0.00,
7871,367,121,00,,06,8,0,0.00,
7872,367,197,00,,07,1,0,0.00,
7873,367,388,00,,07,1,0,0.00,
7874,367,249,00,,07,2,2,0.00,
7875,367,418,00,,07,2,2,0.00,
7876,367,833,00,,07,3,2,0.00,
7877,367,420,00,,07,3,2,0.00,
7878,367,555,00,,07,4,0,0.00,
7879,367,813,00,,07,4,0,0.00,
7880,367,213,00,,07,5,0,0.00,
7881,367,552,00,,07,5,0,0.00,
7882,367,146,00,,07,6,0,0.00,
7883,367,61,00,,07,6,0,0.00,
7884,367,417,00,,07,7,0,0.00,
7885,367,318,00,,11,1,0,0.00,
7886,367,787,00,,11,2,0,0.00,
7887,368,140,00,,00,1,0,78.50,
7888,368,473,00,,00,1,0,78.50,
7889,368,328,00,,00,2,0,74.80,
7890,368,737,00,,00,2,0,74.80,
7891,368,505,00,,00,3,0,69.80,
7892,368,667,00,,00,3,0,69.80,
7893,368,660,00,,00,4,0,68.40,
7894,368,695,00,,00,4,0,68.40,
7895,368,864,00,,00,5,0,67.50,
7896,368,880,00,,00,5,0,67.50,
7897,368,262,00,,00,6,0,66.00,
7898,368,887,00,,00,6,0,66.00,
7899,368,675,00,,00,7,0,64.90,
7900,368,690,00,,00,7,0,64.90,
7901,368,281,00,,00,8,0,48.80,
7902,368,315,00,,00,8,0,48.80,
7903,368,590,00,,00,9,9,0.00,
7904,368,866,00,,00,9,9,0.00,
7905,368,85,00,,00,10,9,0.00,
7906,368,359,00,,00,10,9,0.00,
7907,368,162,00,,00,11,11,0.00,
7908,368,670,00,,00,11,11,0.00,
7909,368,225,00,,00,12,11,0.00,
7910,368,495,00,,00,12,11,0.00,
7911,368,140,04,A,00,1,0,79.80,
7912,368,473,04,A,00,1,0,79.80,
7913,368,328,04,A,00,2,0,69.20,
7914,368,737,04,A,00,2,0,69.20,
7915,368,505,04,A,00,3,0,68.90,
7916,368,667,04,A,00,3,0,68.90,
7917,368,660,04,A,00,4,0,63.20,
7918,368,695,04,A,00,4,0,63.20,
7919,368,85,04,A,00,5,0,62.40,
7920,368,359,04,A,00,5,0,62.40,
7921,368,162,04,A,00,6,0,43.60,
7922,368,670,04,A,00,6,0,43.60,
7923,368,262,04,B,00,1,0,71.50,
7924,368,887,04,B,00,1,0,71.50,
7925,368,675,04,B,00,2,0,68.60,
7926,368,690,04,B,00,2,0,68.60,
7927,368,864,04,B,00,3,0,65.50,
7928,368,880,04,B,00,3,0,65.50,
7929,368,281,04,B,00,4,0,64.90,
7930,368,315,04,B,00,4,0,64.90,
7931,368,590,04,B,00,5,0,59.80,
7932,368,866,04,B,00,5,0,59.80,
7933,368,225,04,B,00,6,0,51.70,
7934,368,495,04,B,00,6,0,51.70,
7935,107,461,00,,00,1,0,0.00,
7936,107,710,00,,00,1,0,0.00,
7937,107,667,00,,00,2,0,0.00,
7938,107,695,00,,00,2,0,0.00,
7939,107,47,00,,00,3,0,0.00,
7940,107,675,00,,00,3,0,0.00,
7941,107,281,00,,00,4,0,0.00,
7942,107,841,00,,00,4,0,0.00,
7943,107,112,00,,00,5,0,0.00,
7944,107,315,00,,00,5,0,0.00,
7945,107,467,00,,00,6,0,0.00,
7946,107,660,00,,00,6,0,0.00,
7947,107,387,00,,00,7,7,0.00,
7948,107,337,00,,00,7,7,0.00,
7949,107,17,00,,00,8,7,0.00,
7950,107,471,00,,00,8,7,0.00,
7951,107,225,00,,00,9,0,0.00,
7952,107,162,00,,00,9,0,0.00,
7953,108,797,00,,13,6,0,0.00,
7954,135,210,00,,00,1,0,0.00,
7955,135,412,00,,00,1,0,0.00,
7956,135,30,00,,00,2,0,0.00,
7957,135,411,00,,00,2,0,0.00,
7958,135,618,00,,00,3,0,0.00,
7959,135,734,00,,00,3,0,0.00,
7960,135,582,00,,00,4,0,0.00,
7961,135,15,00,,00,4,0,0.00,
7962,135,46,02,A,00,3,0,0.00,
7963,135,409,02,A,00,3,0,0.00,
7964,135,67,02,A,00,4,0,0.00,
7965,135,251,02,A,00,4,0,0.00,
7966,135,49,02,A,00,5,0,0.00,
7967,135,678,02,A,00,5,0,0.00,
7968,135,222,02,A,00,6,0,0.00,
7969,135,248,02,A,00,6,0,0.00,
7970,135,1268,02,A,00,7,0,0.00,
7971,135,302,02,A,00,7,0,0.00,
7972,135,389,02,B,00,3,0,0.00,
7973,135,778,02,B,00,3,0,0.00,
7974,135,609,02,B,00,4,0,0.00,
7975,135,53,02,B,00,5,0,0.00,
7976,135,408,02,B,00,5,0,0.00,
7977,135,336,02,B,00,6,0,0.00,
7978,135,404,02,B,00,6,0,0.00,
7979,135,478,00,,01,1,0,0.00,
7980,135,1298,00,,01,3,0,0.00,
7981,137,774,00,,06,1,0,0.00,
7982,137,839,00,,06,1,0,0.00,
7983,137,233,00,,06,2,0,0.00,
7984,137,90,00,,06,2,0,0.00,
7985,137,624,00,,06,3,0,0.00,
7986,137,845,00,,06,3,0,0.00,
7987,137,497,00,,06,3,0,0.00,
7988,137,716,00,,06,4,0,0.00,
7989,137,861,00,,06,4,0,0.00,
7990,137,715,00,,06,4,0,0.00,
7991,137,837,02,A,06,3,0,0.00,
7992,137,422,02,A,06,3,0,0.00,
7993,137,565,02,A,06,3,0,0.00,
7994,137,170,02,A,06,4,0,0.00,
7995,137,511,02,A,06,4,0,0.00,
7996,137,446,02,B,06,3,0,0.00,
7997,137,447,02,B,06,3,0,0.00,
7998,137,98,02,B,06,4,0,0.00,
7999,137,414,02,B,06,4,0,0.00,
8000,137,413,02,B,06,4,0,0.00,
8001,139,844,00,,06,1,0,0.00,
8002,139,591,00,,06,1,0,0.00,
8003,139,574,00,,06,2,0,0.00,
8004,139,559,00,,06,2,0,0.00,
8005,139,452,00,,06,2,0,0.00,
8006,139,39,00,,06,3,0,0.00,
8007,139,385,00,,06,3,0,0.00,
8008,140,1542,00,,01,5,0,0.00,
8009,140,144,00,,06,1,0,0.00,
8010,140,597,00,,06,1,0,0.00,
8011,140,823,00,,06,1,0,0.00,
8012,140,140,00,,06,2,0,0.00,
8013,140,473,00,,06,2,0,0.00,
8014,140,700,00,,06,2,0,0.00,
8015,140,701,00,,06,3,0,0.00,
8016,140,737,00,,06,3,0,0.00,
8017,140,739,00,,06,3,0,0.00,
8018,140,280,00,,06,4,0,0.00,
8019,140,370,00,,06,4,0,0.00,
8020,140,470,00,,06,4,0,0.00,
8021,140,225,00,,06,5,0,0.00,
8022,140,839,00,,06,5,0,0.00,
8023,140,852,00,,06,5,0,0.00,
8024,140,649,00,,06,6,0,0.00,
8025,140,864,00,,06,6,0,0.00,
8026,140,880,00,,06,6,0,0.00,
8027,140,262,02,A,06,4,0,0.00,
8028,140,308,02,A,06,4,0,0.00,
8029,140,887,02,A,06,4,0,0.00,
8030,140,186,02,A,06,5,0,0.00,
8031,140,429,02,A,06,5,0,0.00,
8032,140,508,02,A,06,5,0,0.00,
8033,140,660,02,A,06,6,0,0.00,
8034,140,695,02,A,06,6,0,0.00,
8035,140,717,02,A,06,6,0,0.00,
8036,140,425,02,A,06,7,0,0.00,
8037,140,467,02,A,06,7,0,0.00,
8038,140,489,02,A,06,7,0,0.00,
8039,140,254,02,A,06,8,0,0.00,
8040,140,805,02,A,06,8,0,0.00,
8041,140,866,02,A,06,8,0,0.00,
8042,140,103,02,B,06,4,0,0.00,
8043,140,147,02,B,06,4,0,0.00,
8044,140,780,02,B,06,4,0,0.00,
8045,140,85,02,B,06,5,0,0.00,
8046,140,375,02,B,06,5,0,0.00,
8047,140,460,02,B,06,5,0,0.00,
8048,140,26,02,B,06,6,0,0.00,
8049,140,97,02,B,06,6,0,0.00,
8050,140,590,02,B,06,6,0,0.00,
8051,140,66,02,B,06,7,0,0.00,
8052,140,242,02,B,06,7,0,0.00,
8053,140,664,02,B,06,7,0,0.00,
8054,140,346,02,B,06,8,0,0.00,
8055,140,471,02,B,06,8,0,0.00,
8056,140,788,02,B,06,8,0,0.00,
8057,369,370,00,,11,1,0,78.70,
8058,369,737,00,,11,1,0,78.70,
8059,369,880,00,,11,1,0,78.70,
8060,369,112,00,,11,2,0,67.20,
8061,369,695,00,,11,2,0,67.20,
8062,369,65,00,,11,3,0,64.40,
8063,369,662,00,,11,3,0,64.40,
8064,369,675,00,,11,4,0,54.10,
8065,369,841,00,,11,4,0,54.10,
8066,369,118,00,,11,5,0,49.30,
8067,369,866,00,,11,5,0,49.30,
8068,369,85,00,,11,6,0,48.40,
8069,369,93,00,,11,6,0,48.40,
8070,369,337,00,,11,7,7,46.70,
8071,369,614,00,,11,7,7,46.70,
8072,369,254,00,,11,8,7,42.39,
8073,369,293,00,,11,8,7,42.39,
8074,369,805,00,,11,8,7,42.39,
8075,369,138,00,,11,9,9,42.20,
8076,369,1205,00,,11,9,9,42.20,
8077,369,289,00,,11,10,9,41.60,
8078,369,1,00,,11,10,9,41.60,
8079,369,859,00,,11,10,9,41.60,
8080,369,1262,00,,11,11,11,40.45,
8081,369,553,00,,11,11,11,40.45,
8082,369,339,00,,11,12,11,39.40,
8083,369,467,00,,11,12,11,39.40,
8084,369,1475,00,,11,13,0,38.03,
8085,369,224,00,,13,1,0,0.00,
8086,369,328,00,,13,1,0,0.00,
8087,369,436,00,,13,2,0,0.00,
8088,369,538,00,,13,2,0,0.00,
8089,369,708,00,,13,2,0,0.00,
8090,369,622,00,,13,3,0,0.00,
8091,369,797,00,,13,3,0,0.00,
8092,369,667,00,,12,1,0,64.70,
8093,369,875,00,,12,2,0,49.70,
8094,369,828,00,,12,3,0,41.50,
8095,369,860,00,,12,4,0,37.20,
8096,369,656,00,,12,5,0,36.20,
8097,369,1552,00,,12,6,0,35.00,
8098,369,889,00,,12,7,0,34.00,
8099,369,356,00,,12,8,0,33.70,
8100,369,1006,00,,12,9,0,28.30,
8101,369,355,00,,13,3,0,0.00,
8102,370,567,00,,00,1,0,73.30,
8103,370,597,00,,00,1,0,73.30,
8104,370,710,00,,00,2,0,69.90,
8105,370,737,00,,00,2,0,69.90,
8106,370,140,00,,00,3,0,68.30,
8107,370,473,00,,00,3,0,68.30,
8108,370,370,00,,00,4,0,63.70,
8109,370,880,00,,00,4,0,63.70,
8110,370,308,00,,00,5,0,61.30,
8111,370,887,00,,00,5,0,61.30,
8112,370,65,00,,00,6,0,57.70,
8113,370,662,00,,00,6,0,57.70,
8114,370,258,00,,00,7,0,56.30,
8115,370,739,00,,00,7,0,56.30,
8116,370,774,00,,00,8,0,50.30,
8117,370,892,00,,00,8,0,50.30,
8118,370,140,02,A,00,1,0,73.50,
8119,370,473,02,A,00,1,0,73.50,
8120,370,567,02,A,00,2,0,72.50,
8121,370,597,02,A,00,2,0,72.50,
8122,370,65,02,A,00,3,0,57.30,
8123,370,662,02,A,00,3,0,57.30,
8124,370,258,02,A,00,4,0,55.80,
8125,370,739,02,A,00,4,0,55.80,
8126,370,112,02,A,00,5,0,54.60,
8127,370,675,02,A,00,5,0,54.60,
8128,370,649,02,A,00,6,0,54.00,
8129,370,864,02,A,00,6,0,54.00,
8130,370,482,02,A,00,7,0,52.90,
8131,370,328,02,A,00,7,0,52.90,
8132,370,363,02,A,00,8,0,46.70,
8133,370,470,02,A,00,8,0,46.70,
8134,370,710,02,B,00,1,0,68.30,
8135,370,737,02,B,00,1,0,68.30,
8136,370,370,02,B,00,2,0,66.40,
8137,370,880,02,B,00,2,0,66.40,
8138,370,308,02,B,00,3,0,62.30,
8139,370,887,02,B,00,3,0,62.30,
8140,370,774,02,B,00,4,0,60.80,
8141,370,892,02,B,00,4,0,60.80,
8142,370,30,02,B,00,5,0,55.90,
8143,370,411,02,B,00,5,0,55.90,
8144,370,375,02,B,00,6,0,54.90,
8145,370,508,02,B,00,6,0,54.90,
8146,370,47,02,B,00,7,0,53.30,
8147,370,421,02,B,00,7,0,53.30,
8148,370,442,02,B,00,8,0,0.00,
8149,370,780,02,B,00,8,0,0.00,
8150,370,140,04,A,00,1,0,71.50,
8151,370,473,04,A,00,1,0,71.50,
8152,370,308,04,A,00,2,0,65.70,
8153,370,887,04,A,00,2,0,65.70,
8154,370,442,04,A,00,3,0,58.10,
8155,370,780,04,A,00,3,0,58.10,
8156,370,328,04,A,00,4,0,57.60,
8157,370,482,04,A,00,4,0,57.60,
8158,370,97,04,A,00,5,0,54.60,
8159,370,590,04,A,00,5,0,54.60,
8160,370,710,04,B,00,1,0,68.40,
8161,370,737,04,B,00,1,0,68.40,
8162,370,30,04,B,00,2,0,63.80,
8163,370,411,04,B,00,2,0,63.80,
8164,370,649,04,B,00,3,0,59.60,
8165,370,864,04,B,00,3,0,59.60,
8166,370,774,04,B,00,4,0,58.00,
8167,370,892,04,B,00,4,0,58.00,
8168,370,594,04,B,00,5,0,50.80,
8169,370,645,04,B,00,5,0,50.80,
8170,370,128,04,B,00,6,0,48.70,
8171,370,359,04,B,00,6,0,48.70,
8172,370,370,04,C,00,1,0,60.90,
8173,370,880,04,C,00,1,0,60.90,
8174,370,112,04,C,00,2,0,60.70,
8175,370,675,04,C,00,2,0,60.70,
8176,370,47,04,C,00,3,0,58.60,
8177,370,421,04,C,00,3,0,58.60,
8178,370,375,04,C,00,4,0,57.50,
8179,370,508,04,C,00,4,0,57.50,
8180,370,268,04,C,00,5,0,44.70,
8181,370,832,04,C,00,5,0,44.70,
8182,370,181,04,C,00,6,0,43.80,
8183,370,810,04,C,00,6,0,43.80,
8184,370,567,04,D,00,1,0,71.50,
8185,370,597,04,D,00,1,0,71.50,
8186,370,258,04,D,00,2,0,68.30,
8187,370,739,04,D,00,2,0,68.30,
8188,370,65,04,D,00,3,0,63.20,
8189,370,662,04,D,00,3,0,63.20,
8190,370,363,04,D,00,4,0,62.50,
8191,370,470,04,D,00,4,0,62.50,
8192,370,708,04,D,00,5,0,59.40,
8193,370,866,04,D,00,5,0,59.40,
8194,370,309,04,D,00,6,0,32.40,
8195,370,801,04,D,00,6,0,32.40,
8196,370,140,00,,02,1,0,72.60,
8197,370,473,00,,02,1,0,72.60,
8198,370,567,00,,02,1,0,72.60,
8199,370,370,00,,02,2,0,71.50,
8200,370,737,00,,02,2,0,71.50,
8201,370,880,00,,02,2,0,71.50,
8202,370,112,00,,02,3,0,65.60,
8203,370,675,00,,02,3,0,65.60,
8204,370,710,00,,02,3,0,65.60,
8205,370,97,00,,02,4,0,60.90,
8206,370,421,00,,02,4,0,60.90,
8207,370,482,00,,02,4,0,60.90,
8208,370,363,00,,02,5,0,60.70,
8209,370,470,00,,02,5,0,60.70,
8210,370,597,00,,02,5,0,60.70,
8211,370,128,00,,02,6,0,59.50,
8212,370,308,00,,02,6,0,59.50,
8213,370,887,00,,02,6,0,59.50,
8214,370,30,00,,02,7,0,57.90,
8215,370,359,00,,02,7,0,57.90,
8216,370,411,00,,02,7,0,57.90,
8217,370,648,00,,02,8,0,52.40,
8218,370,739,00,,02,8,0,52.40,
8219,370,864,00,,02,8,0,52.40,
8220,370,441,00,,02,9,0,0.00,
8221,370,442,00,,02,9,0,0.00,
8222,370,780,00,,02,9,0,0.00,
8223,370,140,02,A,02,1,0,65.20,
8224,370,473,02,A,02,1,0,65.20,
8225,370,567,02,A,02,1,0,65.20,
8226,370,97,02,A,02,2,0,54.60,
8227,370,421,02,A,02,2,0,54.60,
8228,370,482,02,A,02,2,0,54.60,
8229,370,30,02,A,02,3,0,54.30,
8230,370,359,02,A,02,3,0,54.30,
8231,370,411,02,A,02,3,0,54.30,
8232,370,363,02,A,02,4,0,46.80,
8233,370,470,02,A,02,4,0,46.80,
8234,370,597,02,A,02,4,0,46.80,
8235,370,375,02,A,02,5,0,46.60,
8236,370,508,02,A,02,5,0,46.60,
8237,370,892,02,A,02,5,0,46.60,
8238,370,181,02,A,02,6,0,39.10,
8239,370,810,02,A,02,6,0,39.10,
8240,370,866,02,A,02,6,0,39.10,
8241,370,980,02,A,02,7,0,34.90,
8242,370,680,02,A,02,7,0,34.90,
8243,370,681,02,A,02,7,0,34.90,
8244,370,370,02,B,02,1,0,67.30,
8245,370,737,02,B,02,1,0,67.30,
8246,370,880,02,B,02,1,0,67.30,
8247,370,128,02,B,02,2,0,62.10,
8248,370,308,02,B,02,2,0,62.10,
8249,370,887,02,B,02,2,0,62.10,
8250,370,112,02,B,02,3,0,57.90,
8251,370,675,02,B,02,3,0,57.90,
8252,370,710,02,B,02,3,0,57.90,
8253,370,441,02,B,02,4,0,56.00,
8254,370,442,02,B,02,4,0,56.00,
8255,370,780,02,B,02,4,0,56.00,
8256,370,649,02,B,02,5,0,54.60,
8257,370,739,02,B,02,5,0,54.60,
8258,370,864,02,B,02,5,0,54.60,
8259,370,258,02,B,02,6,0,45.40,
8260,370,594,02,B,02,6,0,45.40,
8261,370,645,02,B,02,6,0,45.40,
8262,370,309,02,B,02,7,0,29.30,
8263,370,801,02,B,02,7,0,29.30,
8264,370,832,02,B,02,7,0,29.30,
8265,370,47,00,,03,1,0,62.20,
8266,370,710,00,,03,1,0,62.20,
8267,370,367,00,,03,2,0,60.10,
8268,370,737,00,,03,2,0,60.10,
8269,370,308,00,,03,3,0,58.80,
8270,370,667,00,,03,3,0,58.80,
8271,370,441,00,,03,4,0,54.40,
8272,370,442,00,,03,4,0,54.40,
8273,370,508,00,,03,5,0,52.00,
8274,370,706,00,,03,5,0,52.00,
8275,370,486,00,,03,6,0,47.10,
8276,370,675,00,,03,6,0,47.10,
8277,370,102,00,,03,7,0,0.00,
8278,370,880,00,,03,7,0,0.00,
8279,370,680,00,,03,8,0,0.00,
8280,370,681,00,,03,8,0,0.00,
8281,370,268,00,,03,9,0,0.00,
8282,370,875,00,,03,9,0,0.00,
8283,370,948,00,,03,10,0,0.00,
8284,370,892,00,,03,10,0,0.00,
8285,370,441,00,,01,1,0,61.80,
8286,370,706,00,,01,1,0,61.80,
8287,370,47,00,,01,2,0,61.60,
8288,370,667,00,,01,2,0,61.60,
8289,370,367,00,,01,3,0,55.90,
8290,370,486,00,,01,3,0,55.90,
8291,370,980,00,,01,4,0,34.30,
8292,370,680,00,,01,4,0,34.30,
8293,370,102,00,,01,5,0,0.00,
8294,370,1553,00,,01,5,0,0.00,
8295,370,948,00,,01,6,0,0.00,
8296,370,875,00,,01,6,0,0.00,
8297,371,210,00,,00,1,0,0.00,
8298,371,412,00,,00,1,0,0.00,
8299,371,582,00,,00,2,0,0.00,
8300,371,15,00,,00,2,0,0.00,
8301,371,389,00,,00,3,0,0.00,
8302,371,361,00,,00,3,0,0.00,
8303,371,410,00,,00,4,0,0.00,
8304,371,401,00,,00,4,0,0.00,
8305,371,333,00,,00,5,0,0.00,
8306,371,678,00,,00,5,0,0.00,
8307,371,105,00,,00,6,0,0.00,
8308,371,408,00,,00,6,0,0.00,
8309,371,302,00,,00,7,0,0.00,
8310,371,46,00,,00,7,0,0.00,
8311,371,409,00,,00,8,0,0.00,
8312,371,703,00,,00,8,0,0.00,
8313,371,210,00,,00,1,0,0.00,
8314,371,412,00,,00,1,0,0.00,
8315,371,582,00,,00,2,0,0.00,
8316,371,15,00,,00,2,0,0.00,
8317,371,1336,00,,00,3,0,0.00,
8318,371,361,00,,00,3,0,0.00,
8319,371,410,00,,00,4,0,0.00,
8320,371,401,00,,00,4,0,0.00,
8321,371,333,00,,00,5,0,0.00,
8322,371,678,00,,00,5,0,0.00,
8323,371,105,00,,00,6,0,0.00,
8324,371,408,00,,00,6,0,0.00,
8325,371,302,00,,00,7,0,0.00,
8326,371,46,00,,00,7,0,0.00,
8327,371,409,00,,00,8,0,0.00,
8328,371,703,00,,00,8,0,0.00,
8329,371,1294,00,,01,1,0,0.00,
8330,371,478,00,,01,1,0,0.00,
8331,371,1295,00,,01,2,0,0.00,
8332,371,1296,00,,01,2,0,0.00,
8333,372,140,00,,06,1,0,75.60,
8334,372,473,00,,06,1,0,75.60,
8335,372,567,00,,06,1,0,75.60,
8336,372,358,00,,06,2,0,57.80,
8337,372,359,00,,06,2,0,57.80,
8338,372,421,00,,06,2,0,57.80,
8339,372,85,00,,06,3,0,55.30,
8340,372,97,00,,06,3,0,55.30,
8341,372,859,00,,06,3,0,55.30,
8342,372,308,00,,06,4,0,53.80,
8343,372,832,00,,06,4,0,53.80,
8344,372,887,00,,06,4,0,53.80,
8345,372,140,04,A,06,1,0,46.80,
8346,372,473,04,A,06,1,0,46.80,
8347,372,567,04,A,06,1,0,46.80,
8348,372,85,04,A,06,2,0,33.30,
8349,372,97,04,A,06,2,0,33.30,
8350,372,859,04,A,06,2,0,33.30,
8351,372,207,04,A,06,3,0,25.70,
8352,372,424,04,A,06,3,0,25.70,
8353,372,467,04,A,06,3,0,25.70,
8354,372,240,04,A,06,4,0,17.00,
8355,372,601,04,A,06,4,0,17.00,
8356,372,611,04,A,06,4,0,17.00,
8357,372,308,04,B,06,1,0,37.50,
8358,372,832,04,B,06,1,0,37.50,
8359,372,887,04,B,06,1,0,37.50,
8360,372,358,04,B,06,2,0,37.00,
8361,372,359,04,B,06,2,0,37.00,
8362,372,421,04,B,06,2,0,37.00,
8363,372,181,04,B,06,3,0,32.10,
8364,372,269,04,B,06,3,0,32.10,
8365,372,773,04,B,06,3,0,32.10,
8366,372,162,04,B,06,4,0,24.90,
8367,372,342,04,B,06,4,0,24.90,
8368,372,711,04,B,06,4,0,24.90,
8369,372,667,00,,05,1,0,0.00,
8370,372,129,00,,05,2,0,0.00,
8371,372,406,00,,05,3,0,0.00,
8372,372,815,00,,05,4,0,0.00,
8373,372,828,00,,05,5,0,0.00,
8374,373,97,00,,00,1,0,0.00,
8375,373,698,00,,00,1,0,0.00,
8376,373,708,00,,00,2,0,0.00,
8377,373,866,00,,00,2,0,0.00,
8378,373,399,00,,00,3,0,0.00,
8379,373,755,00,,00,3,0,0.00,
8380,373,142,00,,00,4,0,0.00,
8381,373,172,00,,00,4,0,0.00,
8382,373,369,00,,00,5,0,0.00,
8383,373,540,00,,00,5,0,0.00,
8384,373,580,00,,00,6,0,0.00,
8385,373,581,00,,00,6,0,0.00,
8386,373,8,00,,00,7,0,0.00,
8387,373,323,00,,00,7,0,0.00,
8388,373,391,00,,00,8,0,0.00,
8389,373,493,00,,00,8,0,0.00,
8390,373,141,00,,00,9,0,0.00,Speedflow
8391,373,324,00,,00,9,0,0.00,
8392,373,184,00,,00,10,0,0.00,Speedflow
8393,373,185,00,,00,10,0,0.00,
8394,373,167,00,,00,11,0,0.00,Speedflow
8395,373,203,00,,00,11,0,0.00,
8396,373,322,00,,00,12,0,0.00,Speedflow
8397,373,400,00,,00,12,0,0.00,
8398,374,668,00,,02,1,0,0.00,"Random Co-op"
8399,374,777,00,,02,1,0,0.00,
8400,374,470,00,,02,1,0,0.00,
8401,374,224,00,,02,2,0,0.00,
8402,374,269,00,,02,2,0,0.00,
8403,374,645,00,,02,2,0,0.00,
8404,374,875,00,,02,3,0,0.00,
8405,374,225,00,,02,3,0,0.00,
8406,374,430,00,,02,3,0,0.00,
8407,374,470,00,,00,1,0,0.00,
8408,374,645,00,,00,1,0,0.00,
8409,374,662,00,,00,2,0,0.00,
8410,374,430,00,,00,2,0,0.00,
8411,374,281,00,,00,3,0,0.00,
8412,374,436,00,,00,3,0,0.00,
8413,374,875,00,,00,4,0,0.00,
8414,374,224,00,,00,4,0,0.00,
8415,374,677,00,,00,5,0,0.00,
8416,374,225,00,,00,5,0,0.00,
8417,375,268,00,,06,1,0,0.00,
8418,375,269,00,,06,1,0,0.00,
8419,375,470,00,,06,2,0,0.00,
8420,375,645,00,,06,2,0,0.00,
8421,375,848,00,,06,3,0,0.00,
8422,375,859,00,,06,3,0,0.00,
8423,375,65,00,,06,4,0,0.00,
8424,375,662,00,,06,4,0,0.00,
8425,375,1,00,,06,4,0,0.00,
8426,375,224,00,,06,5,0,0.00,
8427,375,875,00,,06,5,0,0.00,
8428,375,281,00,,06,6,0,0.00,
8429,375,436,00,,06,6,0,0.00,
8430,376,421,00,,00,1,0,0.00,
8431,376,482,00,,00,1,0,0.00,
8432,376,128,00,,00,2,0,0.00,
8433,376,887,00,,00,2,0,0.00,
8434,376,36,00,,00,3,0,0.00,
8435,376,698,00,,00,3,0,0.00,
8436,376,358,00,,00,4,0,0.00,
8437,376,567,00,,00,4,0,0.00,
8438,376,217,00,,00,5,0,0.00,
8439,376,590,00,,00,5,0,0.00,
8440,376,178,00,,00,6,0,0.00,
8441,376,181,00,,00,6,0,0.00,
8442,376,252,00,,00,7,0,0.00,
8443,376,608,00,,00,7,0,0.00,
8444,377,112,00,,06,1,0,0.00,
8445,377,695,00,,06,1,0,0.00,
8446,377,140,00,,06,2,0,0.00,
8447,377,225,00,,06,2,0,0.00,
8448,377,254,00,,06,3,0,0.00,
8449,377,1,00,,06,3,0,0.00,
8450,377,805,00,,06,3,0,0.00,
8451,377,656,00,,06,4,0,0.00,
8452,377,828,00,,06,4,0,0.00,
8453,377,846,00,,06,4,0,0.00,
8454,378,473,00,,00,1,0,68.50,
8455,378,887,00,,00,1,0,68.50,
8456,378,567,00,,00,2,0,68.10,
8457,378,710,00,,00,2,0,68.10,
8458,378,675,00,,00,3,0,65.60,
8459,378,737,00,,00,3,0,65.60,
8460,378,112,00,,00,4,0,61.60,
8461,378,695,00,,00,4,0,61.60,
8462,378,308,00,,00,5,0,61.40,
8463,378,667,00,,00,5,0,61.40,
8464,378,370,00,,00,6,0,59.40,
8465,378,852,00,,00,6,0,59.40,
8466,378,47,00,,00,7,0,57.70,
8467,378,461,00,,00,7,0,57.70,
8468,378,128,00,,00,8,0,50.40,
8469,378,421,00,,00,8,0,50.40,
8470,378,645,00,,00,9,9,0.00,
8471,378,883,00,,00,9,9,0.00,
8472,378,460,00,,00,10,9,0.00,
8473,378,547,00,,00,10,9,0.00,
8474,378,181,00,,00,11,9,0.00,
8475,378,698,00,,00,11,9,0.00,
8476,378,441,00,,00,12,9,0.00,
8477,378,442,00,,00,12,9,0.00,
8478,378,486,00,,00,13,13,0.00,
8479,378,328,00,,00,13,13,0.00,
8480,378,451,00,,00,14,13,0.00,
8481,378,17,00,,00,14,13,0.00,
8482,378,309,00,,00,15,13,0.00,
8483,378,240,00,,00,15,13,0.00,
8484,378,355,00,,00,16,13,0.00,
8485,378,354,00,,00,16,13,0.00,
8486,378,773,00,,00,17,17,0.00,
8487,378,1,00,,00,17,17,0.00,
8488,378,622,00,,00,18,17,0.00,
8489,378,162,00,,00,18,17,0.00,
8490,378,296,00,,00,19,17,0.00,
8491,378,611,00,,00,19,17,0.00,
8492,378,108,00,,00,20,20,0.00,
8493,378,477,00,,00,20,20,0.00,
8494,378,828,00,,00,21,20,0.00,
8495,378,356,00,,00,21,20,0.00,
8496,288,471,00,,06,7,0,0.00,
8497,389,370,00,,02,1,0,0.00,
8498,389,280,00,,02,1,0,0.00,
8499,389,508,00,,02,1,0,0.00,
8500,389,204,00,,02,2,0,0.00,
8501,389,597,00,,02,2,0,0.00,
8502,389,693,00,,02,2,0,0.00,
8503,389,103,00,,02,3,0,0.00,
8504,389,147,00,,02,3,0,0.00,
8505,389,567,00,,02,3,0,0.00,
8506,389,648,00,,02,4,0,0.00,
8507,389,880,00,,02,4,0,0.00,
8508,389,864,00,,02,4,0,0.00,
8509,389,48,00,,02,5,0,0.00,
8510,389,212,00,,02,5,0,0.00,
8511,389,675,00,,02,5,0,0.00,
8512,389,80,00,,02,6,0,0.00,
8513,389,112,00,,02,6,0,0.00,
8514,389,855,00,,02,6,0,0.00,
8515,389,126,02,A,02,4,0,0.00,
8516,389,362,02,A,02,4,0,0.00,
8517,389,777,02,A,02,4,0,0.00,
8518,389,26,02,A,02,5,0,0.00,
8519,389,97,02,A,02,5,0,0.00,
8520,389,866,02,A,02,5,0,0.00,
8521,389,85,02,A,02,6,0,0.00,
8522,389,442,02,A,02,6,0,0.00,
8523,389,460,02,A,02,6,0,0.00,
8524,389,128,02,A,02,7,0,0.00,
8525,389,470,02,A,02,7,0,0.00,
8526,389,848,02,A,02,7,0,0.00,
8527,389,54,02,A,02,8,0,0.00,
8528,389,99,02,A,02,8,0,0.00,
8529,389,239,02,A,02,8,0,0.00,
8530,389,839,02,B,02,4,0,0.00,
8531,389,841,02,B,02,4,0,0.00,
8532,389,892,02,B,02,4,0,0.00,
8533,389,144,02,B,02,5,0,0.00,
8534,389,359,02,B,02,5,0,0.00,
8535,389,710,02,B,02,5,0,0.00,
8536,389,186,02,B,02,6,0,0.00,
8537,389,384,02,B,02,6,0,0.00,
8538,389,429,02,B,02,6,0,0.00,
8539,389,281,02,B,02,7,0,0.00,
8540,389,337,02,B,02,7,0,0.00,
8541,389,614,02,B,02,7,0,0.00,
8542,389,467,02,B,02,8,0,0.00,
8543,389,489,02,B,02,8,0,0.00,
8544,389,883,02,B,02,8,0,0.00,
8545,390,675,00,,00,1,0,0.00,
8546,390,710,00,,00,1,0,0.00,
8547,390,521,00,,00,2,0,0.00,
8548,390,126,00,,00,2,0,0.00,
8549,390,28,00,,00,3,0,0.00,
8550,390,701,00,,00,3,0,0.00,
8551,390,103,00,,00,4,0,0.00,
8552,390,147,00,,00,4,0,0.00,
8553,390,470,00,,00,5,0,0.00,
8554,390,280,00,,00,5,0,0.00,
8555,390,597,00,,00,6,0,0.00,
8556,390,567,00,,00,6,0,0.00,
8557,390,737,00,,00,7,0,0.00,
8558,390,739,00,,00,7,0,0.00,
8559,390,38,00,,00,8,0,0.00,
8560,390,777,00,,00,8,0,0.00,
8561,390,370,02,A,00,5,0,0.00,
8562,390,362,02,A,00,5,0,0.00,
8563,390,649,02,A,00,6,0,0.00,
8564,390,864,02,A,00,6,0,0.00,
8565,390,328,02,A,00,7,0,0.00,
8566,390,442,02,A,00,7,0,0.00,
8567,390,48,02,A,00,8,0,0.00,
8568,390,212,02,A,00,8,0,0.00,
8569,390,841,02,A,00,9,0,0.00,
8570,390,549,02,A,00,9,0,0.00,
8571,390,441,02,A,00,10,0,0.00,
8572,390,163,02,A,00,10,0,0.00,
8573,390,677,02,A,00,11,0,0.00,
8574,390,706,02,A,00,11,0,0.00,
8575,390,308,02,B,00,5,0,0.00,
8576,390,887,02,B,00,5,0,0.00,
8577,390,855,02,B,02,6,0,0.00,
8578,390,473,02,B,00,6,0,0.00,
8579,390,696,02,B,00,7,0,0.00,
8580,390,697,02,B,00,7,0,0.00,
8581,390,891,02,B,00,8,0,0.00,
8582,390,747,02,B,00,8,0,0.00,
8583,390,882,02,B,00,9,0,0.00,
8584,390,885,02,B,00,9,0,0.00,
8585,390,505,02,B,00,10,0,0.00,
8586,390,738,02,B,00,10,0,0.00,
8587,390,362,00,,03,1,0,0.00,
8588,390,884,00,,03,1,0,0.00,
8589,390,700,00,,03,2,0,0.00,
8590,390,47,00,,03,2,0,0.00,
8591,390,521,00,,03,3,0,0.00,
8592,390,567,00,,03,3,0,0.00,
8593,390,667,00,,03,4,0,0.00,
8594,390,147,00,,03,4,0,0.00,
8595,391,363,00,,02,1,0,0.00,
8596,391,891,00,,02,1,0,0.00,
8597,391,473,00,,02,1,0,0.00,
8598,391,737,00,,02,2,0,0.00,
8599,391,103,00,,02,2,0,0.00,
8600,391,470,00,,02,2,0,0.00,
8601,391,280,00,,02,3,0,0.00,
8602,391,28,00,,02,3,0,0.00,
8603,391,701,00,,02,3,0,0.00,
8604,391,567,00,,02,4,0,0.00,
8605,391,126,00,,02,4,0,0.00,
8606,391,880,00,,02,4,0,0.00,
8607,391,761,00,,02,5,0,0.00,
8608,391,351,00,,02,5,0,0.00,
8609,391,344,00,,02,5,0,0.00,
8610,391,884,00,,02,6,0,0.00,
8611,391,521,00,,02,6,0,0.00,
8612,391,362,00,,02,6,0,0.00,
8613,391,675,00,,02,7,7,0.00,
8614,391,710,00,,02,7,7,0.00,
8615,391,700,00,,02,7,7,0.00,
8616,391,777,00,,02,8,7,0.00,
8617,391,38,00,,02,8,7,0.00,
8618,391,48,00,,02,8,7,0.00,
8619,391,677,00,,02,9,0,0.00,
8620,391,706,00,,02,9,0,0.00,
8621,391,328,00,,02,9,0,0.00,
8622,391,48,00,,00,1,0,0.00,
8623,391,567,00,,00,1,0,0.00,
8624,391,126,00,,00,2,0,0.00,
8625,391,521,00,,00,2,0,0.00,
8626,391,675,00,,00,3,0,0.00,
8627,391,710,00,,00,3,0,0.00,
8628,391,280,00,,00,4,0,0.00,
8629,391,630,00,,00,4,0,0.00,
8630,391,777,00,,00,5,0,0.00,
8631,391,38,00,,00,5,0,0.00,
8632,391,891,00,,00,6,0,0.00,
8633,391,363,00,,00,6,0,0.00,
8634,391,103,00,,00,7,0,0.00,
8635,391,737,00,,00,7,0,0.00,
8636,391,351,00,,00,8,0,0.00,
8637,391,344,00,,00,8,0,0.00,
8638,391,880,02,A,00,5,0,0.00,
8639,391,362,02,A,00,5,0,0.00,
8640,391,706,02,A,00,6,0,0.00,
8641,391,290,02,A,00,6,0,0.00,
8642,391,473,02,A,00,7,0,0.00,
8643,391,140,02,A,00,7,0,0.00,
8644,391,461,02,A,00,8,0,0.00,
8645,391,225,02,A,00,8,0,0.00,
8657,391,470,02,B,00,7,0,0.00,
8656,391,28,02,B,00,7,0,0.00,
8655,391,328,02,B,00,6,0,0.00,
8654,391,667,02,B,00,6,0,0.00,
8653,391,700,02,B,00,5,0,0.00,
8652,391,47,02,B,00,5,0,0.00,
8658,391,710,00,,03,1,0,0.00,
8659,391,700,00,,03,1,0,0.00,
8660,391,362,00,,03,2,0,0.00,
8661,391,884,00,,03,2,0,0.00,
8662,391,567,00,,03,3,0,0.00,
8663,391,521,00,,03,3,0,0.00,
8664,391,103,00,,03,4,0,0.00,
8665,391,1543,00,,03,4,0,0.00,
8666,391,880,00,,03,5,0,0.00,
8667,391,667,00,,03,5,0,0.00,
8668,391,675,00,,03,6,0,0.00,
8669,391,47,00,,03,6,0,0.00,
8670,391,48,00,,03,7,0,0.00,
8671,391,289,00,,03,7,0,0.00,
8672,391,280,00,,03,8,0,0.00,
8673,391,677,00,,03,8,0,0.00,
8674,391,737,00,,03,9,0,0.00,
8675,391,290,00,,03,9,0,0.00,
8676,391,470,00,,03,10,0,0.00,
8677,391,706,00,,03,10,0,0.00,
8678,392,126,00,,06,1,0,0.00,
8679,392,675,00,,06,1,0,0.00,
8680,392,47,00,,06,1,0,0.00,
8681,392,103,00,,06,2,0,0.00,
8682,392,147,00,,06,2,0,0.00,
8683,392,567,00,,06,2,0,0.00,
8684,392,461,00,,06,3,0,0.00,
8685,392,777,00,,06,3,0,0.00,
8686,392,470,00,,06,4,0,0.00,
8687,392,280,00,,06,4,0,0.00,
8688,393,126,00,,06,1,0,0.00,
8689,393,147,00,,06,1,0,0.00,
8690,393,567,00,,06,1,0,0.00,
8691,393,280,00,,06,2,0,0.00,
8692,393,470,00,,06,2,0,0.00,
8693,393,675,00,,06,3,0,0.00,
8694,393,710,00,,06,3,0,0.00,
8695,393,521,00,,03,1,0,0.00,
8696,393,126,00,,03,1,0,0.00,
8697,393,667,00,,03,2,0,0.00,
8698,393,147,00,,03,2,0,0.00,
8699,393,700,00,,03,3,0,0.00,
8700,393,710,00,,03,3,0,0.00,
8701,394,103,00,,00,1,0,0.00,
8702,394,147,00,,00,1,0,0.00,
8703,394,737,00,,00,2,0,0.00,
8704,394,739,00,,00,2,0,0.00,
8705,394,328,00,,00,3,0,0.00,
8706,394,442,00,,00,3,0,0.00,
8707,394,148,00,,00,4,0,0.00,
8708,394,648,00,,00,4,0,0.00,
8709,394,163,00,,00,5,0,0.00,
8710,394,441,00,,00,5,0,0.00,
8711,394,677,00,,00,6,0,0.00,
8712,394,706,00,,00,6,0,0.00,
8713,394,28,00,,02,1,0,0.00,
8714,394,737,00,,02,1,0,0.00,
8715,394,739,00,,02,1,0,0.00,
8716,394,103,00,,02,2,0,0.00,
8717,394,328,00,,02,2,0,0.00,
8718,394,442,00,,02,2,0,0.00,
8719,394,163,00,,02,3,0,0.00,
8720,394,441,00,,02,3,0,0.00,
8721,394,677,00,,02,3,0,0.00,
8722,394,148,00,,02,4,0,0.00,
8723,394,267,00,,02,4,0,0.00,
8724,394,648,00,,02,4,0,0.00,
8725,394,163,00,,03,1,0,0.00,
8726,394,28,00,,03,1,0,0.00,
8727,394,677,00,,03,2,0,0.00,
8728,394,737,00,,03,2,0,0.00,
8729,394,441,00,,03,3,0,0.00,
8730,394,442,00,,03,3,0,0.00,
8731,394,486,00,,03,4,0,0.00,
8732,394,328,00,,03,4,0,0.00,
8733,395,597,00,,06,1,0,0.00,
8734,395,1536,00,,06,1,0,0.00,
8735,395,85,00,,06,2,0,0.00,
8736,395,695,00,,06,2,0,0.00,
8737,395,97,00,,06,3,0,0.00,
8738,395,866,00,,06,3,0,0.00,
8739,395,375,00,,06,3,0,0.00,
8740,395,119,00,,06,4,0,0.00,
8741,395,157,00,,06,4,0,0.00,
8742,395,346,00,,06,5,0,0.00,
8743,395,876,00,,06,5,0,0.00,
8744,395,788,00,,06,5,0,0.00,
8745,395,768,00,,06,6,0,0.00,
8746,395,561,00,,06,6,0,0.00,
8747,395,471,02,,06,4,4,0.00,
8748,395,941,02,,06,4,4,0.00,
8749,395,150,02,,06,5,4,0.00,
8750,395,149,02,,06,5,4,0.00,
8751,395,104,02,,06,6,0,0.00,
8752,395,758,02,,06,7,0,0.00,
8753,396,597,00,,02,1,0,0.00,
8754,396,650,00,,02,1,0,0.00,
8755,396,399,00,,02,1,0,0.00,
8756,396,97,00,,02,2,0,0.00,
8757,396,590,00,,02,2,0,0.00,
8758,396,217,00,,02,2,0,0.00,
8759,396,391,00,,02,3,0,0.00,
8760,396,104,00,,02,3,0,0.00,
8761,396,658,00,,02,3,0,0.00,
8762,396,866,00,,02,4,0,0.00,
8763,396,63,00,,02,4,0,0.00,
8764,396,64,00,,02,4,0,0.00,
8765,396,481,00,,02,5,0,0.00,
8766,396,108,00,,02,5,0,0.00,
8767,396,331,00,,02,5,0,0.00,
8768,396,323,00,,02,6,0,0.00,
8769,396,369,00,,02,6,0,0.00,
8770,396,171,00,,02,6,0,0.00,
8771,396,205,00,,02,7,0,0.00,
8772,396,35,00,,02,7,0,0.00,
8773,396,434,00,,02,7,0,0.00,
8774,397,866,00,,00,1,0,0.00,
8775,397,669,00,,00,1,0,0.00,
8776,397,217,00,,00,2,0,0.00,
8777,397,755,00,,00,2,0,0.00,
8778,397,97,00,,00,3,0,0.00,
8779,397,172,00,,00,3,0,0.00,
8780,397,63,00,,00,4,4,0.00,
8781,397,500,00,,00,4,4,0.00,
8782,397,108,00,,00,5,4,0.00,
8783,397,481,00,,00,5,4,0.00,
8784,398,97,00,,00,1,0,0.00,
8785,398,755,00,,00,1,0,0.00,
8786,398,217,00,,00,2,0,0.00,
8787,398,755,00,,00,2,0,0.00,
8788,398,866,00,,00,3,0,0.00,
8789,398,669,00,,00,3,0,0.00,
8790,398,63,00,,00,4,0,0.00,
8791,398,64,00,,00,4,0,0.00,
8792,398,481,00,,00,5,0,0.00,
8793,398,331,00,,00,5,0,0.00,
8794,398,205,00,,00,6,0,0.00,
8795,398,12,00,,00,6,0,0.00,
8796,399,866,00,,06,1,0,0.00,
8797,399,337,00,,06,1,0,0.00,
8798,399,97,00,,06,2,0,0.00,
8799,399,708,00,,06,2,0,0.00,
8800,399,217,00,,06,3,0,0.00,
8801,399,590,00,,06,3,0,0.00,
8802,399,64,00,,06,4,0,0.00,
8803,399,63,00,,06,4,0,0.00,
8804,399,108,00,,06,5,0,0.00,
8805,399,331,00,,06,5,0,0.00,
8806,399,481,00,,06,5,0,0.00,
8807,399,104,00,,06,6,0,0.00,
8808,399,35,00,,06,6,0,0.00,
8809,400,97,00,,06,1,0,0.00,
8810,400,866,00,,06,1,0,0.00,
8811,400,399,00,,06,2,0,0.00,
8812,400,584,00,,06,2,0,0.00,
8813,400,603,00,,06,3,0,0.00,
8814,400,173,00,,06,3,0,0.00,
8815,400,548,00,,06,4,0,0.00,
8816,400,448,00,,06,4,0,0.00,
8817,400,211,00,,06,5,0,0.00,
8818,400,770,00,,06,5,0,0.00,
8819,400,192,00,,06,5,0,0.00,
8820,400,585,00,,06,6,6,0.00,
8821,400,602,00,,06,6,6,0.00,
8822,400,205,00,,06,7,6,0.00,
8823,400,12,00,,06,7,6,0.00,
8824,401,597,00,,06,1,0,0.00,
8825,401,204,00,,06,1,0,0.00,
8826,401,693,00,,06,1,0,0.00,
8827,401,97,00,,06,2,0,0.00,
8828,401,866,00,,06,2,0,0.00,
8829,401,755,00,,06,3,0,0.00,
8830,401,217,00,,06,3,0,0.00,
8831,402,144,00,,06,1,0,0.00,
8832,402,212,00,,06,1,0,0.00,
8833,402,545,00,,06,1,0,0.00,
8834,402,359,00,,06,2,0,0.00,
8835,402,262,00,,06,2,0,0.00,
8836,402,308,00,,06,3,0,0.00,
8837,402,887,00,,06,3,0,0.00,
8838,402,667,00,,06,4,0,0.00,
8839,402,85,00,,06,4,0,0.00,
8840,402,772,00,,06,5,0,0.00,
8841,402,731,00,,06,5,0,0.00,
8842,402,321,00,,06,6,0,0.00,
8843,402,114,00,,06,6,0,0.00,
8844,402,632,00,,06,6,0,0.00,
8845,403,411,00,,00,1,0,0.00,
8846,403,30,00,,00,1,0,0.00,
8847,403,210,00,,00,2,0,0.00,
8848,403,410,00,,00,2,0,0.00,
8849,403,834,00,,00,3,0,0.00,
8850,403,412,00,,00,3,0,0.00,
8851,403,582,00,,00,4,0,0.00,
8852,403,15,00,,00,4,0,0.00,
8853,404,384,00,,00,1,0,0.00,
8854,404,228,00,,00,1,0,0.00,
8855,404,495,00,,00,2,0,0.00,
8856,404,220,00,,00,2,0,0.00,
8857,404,1540,00,,00,3,0,0.00,
8858,404,471,00,,00,3,0,0.00,
8859,404,347,00,,00,4,0,0.00,
8860,404,850,00,,00,4,0,0.00,
8861,404,941,00,,00,5,0,0.00,
8862,404,70,00,,00,5,0,0.00,
8863,404,366,00,,00,6,0,0.00,
8864,404,278,00,,00,6,0,0.00,
8865,404,24,00,,00,7,0,0.00,
8866,404,857,00,,00,7,0,0.00,
8867,404,589,00,,00,8,0,0.00,
8868,404,728,00,,00,8,0,0.00,
8869,404,139,00,,00,9,0,0.00,
8870,404,350,00,,00,9,0,0.00,
8871,405,597,00,,06,1,0,0.00,
8872,405,163,00,,06,1,0,0.00,
8873,405,595,00,,06,2,0,0.00,
8874,405,128,00,,06,2,0,0.00,
8875,405,196,00,,06,2,0,0.00,
8876,405,97,00,,06,3,0,0.00,
8877,405,590,00,,06,3,0,0.00,
8878,405,456,00,,06,4,0,0.00,
8879,405,399,00,,06,4,0,0.00,
8880,405,190,00,,06,5,0,0.00,
8881,405,97,06,,06,1,1,0.00,"Random Teams Division"
8882,405,196,06,,06,1,1,0.00,
8883,405,399,06,,06,2,1,0.00,
8884,405,597,06,,06,2,1,0.00,
8885,405,590,06,,06,2,1,0.00,
8886,405,128,06,,06,3,0,0.00,
8887,405,163,06,,06,3,0,0.00,
8888,405,595,06,,06,4,0,0.00,
8889,405,190,06,,06,4,0,0.00,
8890,405,456,06,,06,5,0,0.00,
8891,406,597,00,,00,1,0,0.00,
8892,406,128,00,,00,1,0,0.00,
8893,406,157,00,,00,2,0,0.00,
8894,406,119,00,,00,2,0,0.00,
8895,406,346,00,,00,3,0,0.00,
8896,406,485,00,,00,3,0,0.00,
8897,406,871,00,,00,4,0,0.00,
8898,406,177,00,,00,4,0,0.00,
8899,406,695,00,,00,5,0,0.00,
8900,406,757,00,,00,5,0,0.00,
8901,406,658,00,,00,6,0,0.00,
8902,406,104,00,,00,6,0,0.00,
8903,406,535,00,,00,7,0,0.00,
8904,406,758,00,,00,7,0,0.00,
8905,406,681,00,,00,8,0,0.00,
8906,406,679,00,,00,8,0,0.00,
8907,407,383,00,,06,1,0,0.00,
8908,407,382,00,,06,1,0,0.00,
8909,407,193,00,,06,2,0,0.00,
8910,407,838,00,,06,2,0,0.00,
8911,407,273,00,,06,3,0,0.00,
8912,407,160,00,,06,3,0,0.00,
8913,407,42,00,,06,4,0,0.00,
8918,409,140,00,,04,1,0,0.00,
8919,409,473,00,,04,2,0,0.00,
8920,409,186,00,,04,3,0,0.00,
8921,409,254,00,,04,4,0,0.00,
8922,409,9,00,,04,5,0,0.00,
8923,409,723,00,,04,6,0,0.00,
8924,409,855,00,,04,7,0,0.00,
8925,409,112,00,,04,8,0,0.00,
8926,409,543,00,,04,9,0,0.00,
8927,409,805,00,,04,10,0,0.00,
8928,409,225,00,,04,11,0,0.00,
8929,409,113,00,,04,12,0,0.00,
8930,409,656,00,,04,13,0,0.00,
8931,409,112,00,,19,1,0,0.00,
8932,409,473,00,,19,1,0,0.00,
8933,409,543,00,,19,1,0,0.00,
8934,409,140,00,,19,2,0,0.00,
8935,409,186,00,,19,2,0,0.00,
8936,409,254,00,,19,2,0,0.00,
8937,409,9,00,,19,3,0,0.00,
8938,409,225,00,,19,3,0,0.00,
8939,409,805,00,,19,3,0,0.00,
8940,409,656,00,,19,4,0,0.00,
8941,409,723,00,,19,4,0,0.00,
8942,409,855,00,,19,4,0,0.00,
8943,410,370,00,,06,1,0,84.90,
8944,410,470,00,,06,1,0,84.90,
8945,410,737,00,,06,1,0,84.90,
8946,410,140,00,,06,2,0,80.60,
8947,410,473,00,,06,2,0,80.60,
8948,410,567,00,,06,2,0,80.60,
8949,410,675,00,,06,3,0,77.00,
8950,410,701,00,,06,3,0,77.00,
8951,410,710,00,,06,3,0,77.00,
8952,410,363,00,,06,4,0,74.30,
8953,410,747,00,,06,4,0,74.30,
8954,410,461,00,,06,5,0,69.40,
8955,410,695,00,,06,5,0,69.40,
8956,410,65,00,,06,6,0,62.00,
8957,410,662,00,,06,6,0,62.00,
8958,410,47,00,,06,7,7,0.00,"Semis only"
8959,410,883,00,,06,7,7,0.00,
8960,410,328,00,,06,8,7,0.00,"Semis only"
8961,410,859,00,,06,8,7,0.00,
8962,410,254,00,,06,9,0,0.00,"Semis only"
8963,410,527,00,,06,9,0,0.00,
8964,410,805,00,,06,9,0,0.00,
8965,411,723,00,,02,1,0,0.00,Random
8966,411,473,00,,02,1,0,0.00,Random
8967,411,855,00,,02,1,0,0.00,Random
8968,411,140,00,,02,2,0,0.00,Random
8969,411,225,00,,02,2,0,0.00,Random
8970,411,543,00,,02,2,0,0.00,Random
8971,411,9,00,,02,3,0,0.00,Random
8972,411,112,00,,02,3,0,0.00,Random
8973,411,254,00,,02,3,0,0.00,Random
8974,411,225,00,,19,1,0,0.00,Random
8975,411,473,00,,19,1,0,0.00,Random
8976,411,112,00,,19,2,0,0.00,Random
8977,411,543,00,,19,2,0,0.00,Random
8978,411,140,00,,19,3,0,0.00,Random
8979,411,254,00,,19,3,0,0.00,Random
8980,411,723,00,,19,4,0,0.00,Random
8981,411,855,00,,19,4,0,0.00,Random
8982,411,9,00,,19,5,0,0.00,Random
8983,411,1560,00,,19,5,0,0.00,
8984,412,526,00,,06,1,0,0.00,
8985,412,597,00,,06,1,0,0.00,
8986,412,823,00,,06,1,0,0.00,
8987,412,370,00,,06,2,0,0.00,
8988,412,880,00,,06,2,0,0.00,
8989,412,85,00,,06,3,0,0.00,
8990,412,460,00,,06,3,0,0.00,
8991,412,547,00,,06,3,0,0.00,
8992,412,1550,00,,06,4,0,0.00,
8993,412,695,00,,06,4,0,0.00,
8994,412,157,00,,06,5,0,0.00,
8995,412,119,00,,06,5,0,0.00,
8996,412,97,00,,06,6,0,0.00,
8997,412,667,00,,06,6,0,0.00,
8998,412,346,00,,06,7,0,0.00,
8999,412,590,00,,06,7,0,0.00,
9000,412,482,00,,06,8,0,0.00,
9001,412,111,00,,06,8,0,0.00,
9002,413,370,00,,11,1,0,81.60,"5 minutes, 1 drop."
9003,413,675,00,,11,1,0,81.60,
9004,413,638,00,,11,2,0,78.80,
9005,413,821,00,,11,2,0,78.80,
9006,413,258,00,,11,3,0,78.50,
9007,413,533,00,,11,3,0,78.50,
9008,413,823,00,,11,4,0,76.00,
9009,413,824,00,,11,4,0,76.00,
9010,413,118,00,,11,5,0,61.90,
9011,413,866,00,,11,5,0,61.90,
9012,413,54,00,,11,6,0,54.10,
9013,413,421,00,,11,6,0,54.10,
9014,413,436,00,,13,1,0,71.30,
9015,413,708,00,,13,1,0,71.30,
9016,413,224,00,,13,2,0,70.20,
9017,413,1060,00,,13,2,0,70.20,
9018,413,646,00,,13,2,0,70.20,
9019,413,63,00,,13,3,0,55.00,
9020,413,108,00,,13,3,0,55.00,
9021,413,1,00,,13,3,0,55.00,
9022,413,875,00,,12,1,0,53.00,
9023,413,92,00,,12,2,0,49.60,
9024,413,860,00,,12,3,0,45.00,
9025,413,322,00,,12,4,0,39.00,
9026,413,499,00,,12,5,0,32.50,
9027,414,97,00,,00,1,0,0.00,
9028,414,708,00,,00,1,0,0.00,
9029,414,866,00,,00,2,0,0.00,
9030,414,118,00,,00,2,0,0.00,
9031,414,755,00,,00,3,0,0.00,
9032,414,343,00,,00,3,0,0.00,
9033,414,856,00,,00,4,0,0.00,
9034,414,767,00,,00,4,0,0.00,
9035,414,205,00,,00,5,0,0.00,
9036,414,807,00,,00,5,0,0.00,
9037,415,119,00,,06,1,0,0.00,
9038,415,157,00,,06,1,0,0.00,
9039,415,597,00,,06,1,0,0.00,
9040,415,495,00,,06,2,0,0.00,
9041,415,1550,00,,06,2,0,0.00,
9042,415,866,00,,06,3,0,0.00,
9043,415,118,00,,06,3,0,0.00,
9044,415,448,00,,06,4,0,0.00,
9045,415,874,00,,06,4,0,0.00,
9046,415,535,00,,06,5,5,0.00,"Semis only"
9047,415,637,00,,06,5,5,0.00,"Semis only"
9048,415,169,00,,06,6,5,0.00,"Semis only"
9049,415,168,00,,06,6,5,0.00,"Semis only"
9050,415,676,00,,06,7,7,0.00,"Semis only"
9051,415,13,00,,06,7,7,0.00,"Semis only"
9052,415,510,00,,06,8,7,0.00,"Semis only"
9053,415,631,00,,06,8,7,0.00,"Semis only"
9054,416,210,00,,00,1,0,0.00,
9055,416,834,00,,00,1,0,0.00,
9056,416,409,00,,00,2,0,0.00,
9057,416,412,00,,00,2,0,0.00,
9058,416,53,00,,00,3,0,0.00,
9059,416,105,00,,00,3,0,0.00,
9060,416,251,00,,00,4,0,0.00,
9061,416,703,00,,00,4,0,0.00,
9062,417,112,00,,06,1,0,0.00,
9063,417,695,00,,06,1,0,0.00,
9064,417,47,00,,06,2,0,0.00,
9065,417,140,00,,06,2,0,0.00,
9066,417,186,00,,06,2,0,0.00,
9067,417,254,00,,06,3,0,0.00,
9068,417,622,00,,06,3,0,0.00,
9069,417,805,00,,06,3,0,0.00,
9070,417,1,00,,06,4,0,0.00,
9071,417,672,00,,06,4,0,0.00,
9072,417,815,00,,06,5,0,0.00,
9073,417,828,00,,06,5,0,0.00,
9074,417,785,00,,06,6,0,0.00,
9075,417,829,00,,06,6,0,0.00,
9076,418,473,00,,00,1,0,55.30,
9077,418,700,00,,00,1,0,55.30,
9078,418,112,00,,00,2,0,51.60,
9079,418,695,00,,00,2,0,51.60,
9080,418,370,00,,00,3,0,50.20,
9081,418,521,00,,00,3,0,50.20,
9082,418,47,00,,00,4,0,49.80,
9083,418,710,00,,00,4,0,49.80,
9084,418,126,00,,00,5,0,44.70,
9085,418,777,00,,00,5,0,44.70,
9086,418,675,00,,00,6,0,40.70,
9087,418,841,00,,00,6,0,40.70,
9088,418,262,00,,00,7,7,0.00,"Semis only"
9089,418,1550,00,,00,7,7,0.00,"Semis only"
9090,418,461,00,,00,8,7,0.00,"Semis only"
9091,418,667,00,,00,8,7,0.00,"Semis only"
9092,418,65,00,,00,9,9,0.00,"Semis only"
9093,418,662,00,,00,9,9,0.00,"Semis only"
9094,418,467,00,,00,10,9,0.00,"Semis only"
9095,418,883,00,,00,10,9,0.00,"Semis only"
9096,418,337,00,,00,11,0,0.00,"Semis only"
9097,418,73,00,,00,11,0,0.00,"Semis only"
9098,419,495,00,,06,1,0,0.00,
9099,419,1550,00,,06,1,0,0.00,
9100,419,489,00,,06,2,0,0.00,
9101,419,508,00,,06,2,0,0.00,
9102,419,71,00,,06,3,0,0.00,
9103,419,712,00,,06,3,0,0.00,
9104,419,24,00,,06,4,0,0.00,
9105,419,195,00,,06,4,0,0.00,
9106,419,707,00,,06,5,0,0.00,
9107,419,862,00,,06,5,0,0.00,
9108,419,232,00,,06,6,0,0.00,
9109,419,326,00,,06,6,0,0.00,
9110,419,733,00,,06,6,0,0.00,
9111,419,689,00,,06,7,0,0.00,
9112,419,849,00,,06,7,0,0.00,
9113,419,530,00,,06,8,0,0.00,
9114,419,531,00,,06,8,0,0.00,
9115,419,651,00,,06,9,0,0.00,
9116,419,652,00,,06,9,0,0.00,
9117,420,140,00,,00,1,0,55.30,
9118,420,473,00,,00,1,0,55.30,
9119,420,470,00,,00,2,0,52.40,
9120,420,737,00,,00,2,0,52.40,
9121,420,103,00,,00,3,0,50.40,
9122,420,780,00,,00,3,0,50.40,
9123,420,79,00,,00,4,0,46.50,
9124,420,442,00,,00,4,0,46.50,
9125,420,486,00,,00,5,0,41.50,
9126,420,706,00,,00,5,0,41.50,
9127,420,268,00,,00,6,6,36.10,
9135,420,436,00,,00,7,6,36.10,
9129,420,367,00,,01,1,0,43.50,
9130,420,486,00,,01,1,0,43.50,
9131,420,290,00,,01,2,0,41.50,
9132,420,706,00,,01,2,0,41.50,
9133,420,163,00,,01,3,0,35.00,
9134,420,441,00,,01,3,0,35.00,
9136,420,708,00,,00,7,6,36.10,
9137,420,441,00,,03,1,0,52.90,
9138,420,442,00,,03,1,0,52.90,
9139,420,737,00,,03,2,0,51.60,
9140,420,367,00,,03,2,0,51.60,
9141,420,473,00,,03,3,0,49.60,
9142,420,706,00,,03,3,0,49.60,
9143,420,328,00,,03,4,0,41.50,
9144,420,486,00,,03,4,0,41.50,
9145,420,140,00,,03,5,0,40.80,
9146,420,163,00,,03,5,0,40.80,
9147,421,4,00,,02,1,0,0.00,
9148,421,317,00,,02,1,0,0.00,
9149,421,421,00,,02,1,0,0.00,
9150,421,178,00,,02,2,0,0.00,
9151,421,252,00,,02,2,0,0.00,
9152,421,604,00,,02,2,0,0.00,
9153,422,411,00,,00,1,0,0.00,
9154,422,30,00,,00,1,0,0.00,
9155,422,210,00,,00,2,0,0.00,
9156,422,412,00,,00,2,0,0.00,
9157,422,348,00,,00,3,0,0.00,
9158,422,410,00,,00,3,0,0.00,
9159,422,53,00,,00,4,0,0.00,
9160,422,389,00,,00,4,0,0.00,
9161,422,15,00,,00,5,0,0.00,
9162,422,582,00,,00,5,0,0.00,
9163,422,398,00,,00,6,0,0.00,
9164,422,690,00,,00,6,0,0.00,
9165,422,333,00,,00,7,0,0.00,
9166,422,678,00,,00,7,0,0.00,
9167,422,105,00,,00,8,0,0.00,
9168,422,349,00,,00,8,0,0.00,
9169,422,401,00,,00,9,9,0.00,"Semis only"
9170,422,419,00,,00,9,9,0.00,"Semis only"
9171,422,409,00,,00,10,9,0.00,"Semis only"
9172,422,751,00,,00,10,9,0.00,"Semis only"
9173,422,302,00,,00,11,9,0.00,"Semis only"
9174,422,251,00,,00,11,9,0.00,"Semis only"
9175,422,49,00,,00,12,9,0.00,"Semis only"
9176,422,408,00,,00,12,9,0.00,"Semis only"
9177,422,1268,00,,00,13,13,0.00,"Semis only"
9178,422,428,00,,00,13,13,0.00,"Semis only"
9179,422,381,00,,00,14,13,0.00,"Semis only"
9180,422,789,00,,00,14,13,0.00,"Semis only"
9181,422,336,00,,00,15,13,0.00,"Semis only"
9182,422,404,00,,00,15,13,0.00,"Semis only"
9183,422,1294,00,,01,1,0,0.00,
9184,422,478,00,,01,1,0,0.00,
9185,422,1296,00,,01,2,0,0.00,
9186,422,1295,00,,01,2,0,0.00,
9187,422,1298,00,,01,3,0,0.00,
9188,422,1297,00,,01,3,0,0.00,
9189,423,204,00,,04,1,0,0.00,
9190,423,866,00,,04,2,0,0.00,
9191,423,526,00,,04,3,0,0.00,
9192,423,708,00,,04,4,0,0.00,
9193,423,375,00,,04,5,0,0.00,
9194,423,216,00,,04,6,0,0.00,
9195,423,234,00,,04,7,0,0.00,
9196,423,399,00,,04,8,0,0.00,
9197,423,204,00,,00,1,0,0.00,
9198,423,693,00,,00,1,0,0.00,
9199,423,36,00,,00,2,0,0.00,
9200,423,526,00,,00,2,0,0.00,
9201,423,217,00,,00,3,0,0.00,
9202,423,375,00,,00,3,0,0.00,
9203,423,708,00,,00,4,0,0.00,
9204,423,866,00,,00,4,0,0.00,
9205,423,234,00,,00,5,0,0.00,
9206,423,399,00,,00,5,0,0.00,
9207,423,807,00,,00,6,0,0.00,
9208,423,856,00,,00,6,0,0.00,
9209,423,992,00,,00,7,0,0.00,
9210,423,767,00,,00,7,0,0.00,
9211,424,521,00,,01,1,0,0.00,
9212,424,884,00,,01,1,0,0.00,
9213,424,367,00,,01,2,0,0.00,
9214,424,486,00,,01,2,0,0.00,
9215,424,406,00,,01,3,0,0.00,
9216,424,667,00,,01,3,0,0.00,
9217,424,163,00,,01,4,0,0.00,
9218,424,630,00,,01,4,0,0.00,
9219,424,889,00,,01,5,0,0.00,"semi finals only"
9220,424,828,00,,01,6,0,0.00,"semi finals only"
9221,424,882,00,,01,6,0,0.00,"semi finals only"
9222,424,1561,00,,01,5,0,0.00,
9223,424,370,00,,02,1,0,0.00,
9224,424,737,00,,02,1,0,0.00,
9225,424,880,00,,02,1,0,0.00,
9226,424,140,00,,02,2,0,0.00,
9227,424,473,00,,02,2,0,0.00,
9228,424,567,00,,02,2,0,0.00,
9229,424,362,00,,02,3,0,0.00,
9230,424,280,00,,02,3,0,0.00,
9231,424,470,00,,02,3,0,0.00,
9232,424,112,00,,02,4,0,0.00,
9233,424,1550,00,,02,4,0,0.00,
9234,424,695,00,,02,4,0,0.00,
9235,424,97,00,,02,5,0,0.00,
9236,424,852,00,,02,5,0,0.00,
9237,424,892,00,,02,5,0,0.00,
9238,424,126,00,,02,6,0,0.00,
9239,424,508,00,,02,6,0,0.00,
9240,424,675,00,,02,6,0,0.00,
9241,424,370,02,A,02,1,0,0.00,
9242,424,880,02,A,02,1,0,0.00,
9243,424,737,02,A,02,1,0,0.00,
9244,424,112,02,A,02,2,0,0.00,
9245,424,1550,02,A,02,2,0,0.00,
9246,424,695,02,A,02,2,0,0.00,
9247,424,126,02,A,02,3,0,0.00,
9248,424,508,02,A,02,3,0,0.00,
9249,424,675,02,A,02,3,0,0.00,
9250,424,104,02,A,02,4,0,0.00,
9251,424,346,02,A,02,4,0,0.00,
9252,424,788,02,A,02,4,0,0.00,
9253,424,26,02,A,02,5,0,0.00,
9254,424,85,02,A,02,5,0,0.00,
9255,424,590,02,A,02,5,0,0.00,
9256,424,534,02,A,02,6,0,0.00,
9257,424,622,02,A,02,6,0,0.00,
9258,424,649,02,A,02,6,0,0.00,
9259,424,594,02,A,02,7,0,0.00,
9260,424,1,02,A,02,7,0,0.00,
9261,424,672,02,A,02,7,0,0.00,
9262,424,98,02,A,02,8,0,0.00,
9263,424,162,02,A,02,8,0,0.00,
9264,424,837,02,A,02,8,0,0.00,
9265,424,76,02,A,02,9,0,0.00,
9266,424,188,02,A,02,9,0,0.00,
9267,424,607,02,A,02,9,0,0.00,
9268,424,140,02,B,02,1,0,0.00,
9269,424,473,02,B,02,1,0,0.00,
9270,424,567,02,B,02,1,0,0.00,
9271,424,362,02,B,02,2,0,0.00,
9272,424,470,02,B,02,2,0,0.00,
9273,424,280,02,B,02,2,0,0.00,
9274,424,97,02,B,02,3,0,0.00,
9275,424,852,02,B,02,3,0,0.00,
9276,424,892,02,B,02,3,0,0.00,
9277,424,4,02,B,02,4,0,0.00,
9278,424,421,02,B,02,4,0,0.00,
9279,424,774,02,B,02,4,0,0.00,
9280,424,467,02,B,02,5,0,0.00,
9281,424,489,02,B,02,5,0,0.00,
9282,424,883,02,B,02,5,0,0.00,
9283,424,254,02,B,02,6,0,0.00,
9284,424,471,02,B,02,6,0,0.00,
9285,424,805,02,B,02,6,0,0.00,
9286,424,53,02,B,02,7,0,0.00,
9287,424,105,02,B,02,7,0,0.00,
9288,424,881,02,B,02,7,0,0.00,
9289,424,327,02,B,02,8,0,0.00,
9290,424,773,02,B,02,8,0,0.00,
9291,424,810,02,B,02,8,0,0.00,
9292,424,354,02,B,02,9,0,0.00,
9293,424,355,02,B,02,9,0,0.00,
9294,424,425,02,B,02,9,0,0.00,
9295,424,17,02,B,02,10,0,0.00,
9296,424,195,02,B,02,10,0,0.00,
9297,424,295,02,B,02,10,0,0.00,
9298,425,438,00,,00,1,0,0.00,
9299,425,326,00,,00,1,0,0.00,
9300,425,159,00,,00,2,0,0.00,
9301,425,314,00,,00,2,0,0.00,
9302,425,372,00,,00,3,0,0.00,
9303,425,659,00,,00,3,0,0.00,
9304,425,599,00,,00,4,0,0.00,
9305,425,741,00,,00,4,0,0.00,
9306,425,573,00,,00,5,0,0.00,
9307,425,766,00,,00,5,0,0.00,
9308,425,127,00,,00,6,0,0.00,
9309,425,575,00,,00,6,0,0.00,
9310,425,235,00,,00,7,0,0.00,
9311,425,522,00,,00,7,0,0.00,
9312,425,259,00,,00,8,0,0.00,
9313,425,729,00,,00,8,0,0.00,
9314,426,97,00,,06,1,0,0.00,
9315,426,204,00,,06,1,0,0.00,
9316,426,693,00,,06,1,0,0.00,
9317,426,118,00,,06,2,0,0.00,
9318,426,866,00,,06,2,0,0.00,
9319,426,807,00,,06,3,0,0.00,
9320,426,755,00,,06,3,0,0.00,
9321,426,108,00,,06,4,0,0.00,
9322,426,345,00,,06,4,0,0.00,
9323,426,856,00,,06,4,0,0.00,
9324,426,175,00,,06,5,0,0.00,
9325,426,600,00,,06,5,0,0.00,
9326,426,205,00,,06,6,0,0.00,
9327,426,206,00,,06,6,0,0.00,
9328,426,174,00,,06,7,0,0.00,
9329,426,176,00,,06,7,0,0.00,
9330,426,77,00,,06,8,0,0.00,
9331,426,106,00,,06,8,0,0.00,
9332,427,112,00,,06,1,0,0.00,
9333,427,140,00,,06,1,0,0.00,
9334,427,567,00,,06,1,0,0.00,
9335,427,461,00,,06,2,0,0.00,
9336,427,777,00,,06,2,0,0.00,
9337,427,454,00,,06,3,0,0.00,
9338,427,254,00,,06,3,0,0.00,
9339,427,805,00,,06,3,0,0.00,
9340,427,186,00,,06,4,0,0.00,
9341,427,225,00,,06,4,0,0.00,
9342,427,1,00,,06,4,0,0.00,
9343,427,749,00,,06,5,0,0.00,
9344,427,750,00,,06,5,0,0.00,
9345,428,844,00,,06,1,0,0.00,
9346,428,591,00,,06,1,0,0.00,
9347,428,574,00,,06,2,0,0.00,
9348,428,559,00,,06,2,0,0.00,
9349,428,452,00,,06,2,0,0.00,
9350,428,201,00,,06,3,0,0.00,
9351,428,886,00,,06,3,0,0.00,
9352,428,11,00,,06,4,0,0.00,
9353,428,352,00,,06,4,0,0.00,
9354,429,308,00,,00,1,0,0.00,
9355,429,887,00,,00,1,0,0.00,
9356,429,16,00,,00,2,0,0.00,
9357,429,425,00,,00,2,0,0.00,
9358,429,298,00,,00,3,0,0.00,
9359,429,730,00,,00,3,0,0.00,
9360,429,306,00,,00,4,0,0.00,
9361,429,890,00,,00,4,0,0.00,
9362,429,69,00,,11,1,0,0.00,
9363,429,261,00,,11,1,0,0.00,
9364,429,472,00,,11,2,0,0.00,
9365,429,657,00,,11,2,0,0.00,
9366,429,335,00,,11,3,0,0.00,
9367,429,644,00,,11,3,0,0.00,
9368,430,140,00,,00,1,0,77.80,
9369,430,473,00,,00,1,0,77.80,
9370,430,204,00,,00,2,0,70.30,
9371,430,597,00,,00,2,0,70.30,
9372,430,675,00,,00,3,0,69.10,
9373,430,710,00,,00,3,0,69.10,
9374,430,823,00,,00,4,0,68.60,
9375,430,824,00,,00,4,0,68.60,
9376,430,370,00,,00,5,0,67.50,
9377,430,880,00,,00,5,0,67.50,
9378,430,638,00,,00,6,0,66.90,
9379,430,821,00,,00,6,0,66.90,
9380,430,47,00,,00,7,0,55.30,
9381,430,567,00,,00,7,0,55.30,
9382,430,126,00,,00,8,0,54.10,
9383,430,649,00,,00,8,0,54.10,
9384,430,204,02,A,00,1,0,77.10,
9385,430,597,02,A,00,1,0,77.10,
9386,430,638,02,A,00,2,0,75.60,
9387,430,821,02,A,00,2,0,75.60,
9388,430,370,02,A,00,3,0,73.90,
9389,430,880,02,A,00,3,0,73.90,
9390,430,47,02,A,00,4,0,70.60,
9391,430,567,02,A,00,4,0,70.60,
9392,430,470,02,A,00,5,0,69.30,
9393,430,508,02,A,00,5,0,69.30,
9394,430,737,02,A,00,6,0,68.00,
9395,430,739,02,A,00,6,0,68.00,
9396,430,375,02,A,00,7,0,64.60,
9397,430,690,02,A,00,7,0,64.60,
9398,430,533,02,A,00,8,0,63.80,
9399,430,258,02,A,00,8,0,63.80,
9400,430,675,02,B,00,1,0,86.50,
9401,430,710,02,B,00,1,0,86.50,
9402,430,823,02,B,00,2,0,76.90,
9403,430,824,02,B,00,2,0,76.90,
9404,430,140,02,B,00,3,0,75.40,
9405,430,473,02,B,00,3,0,75.40,
9406,430,126,02,B,00,4,0,62.70,
9407,430,649,02,B,00,4,0,62.70,
9408,430,212,02,B,00,5,0,61.70,
9409,430,359,02,B,00,5,0,61.70,
9410,430,97,02,B,00,6,0,60.00,
9411,430,708,02,B,00,6,0,60.00,
9412,430,48,02,B,00,7,0,56.30,
9413,430,363,02,B,00,7,0,56.30,
9414,430,36,02,B,00,8,0,44.50,
9415,430,442,02,B,00,8,0,44.50,
9416,430,126,04,A,00,1,0,69.90,
9417,430,649,04,A,00,1,0,69.90,
9418,430,370,04,A,00,2,0,67.40,
9419,430,880,04,A,00,2,0,67.40,
9420,430,97,04,A,00,3,0,61.60,
9421,430,708,04,A,00,3,0,61.60,
9422,430,258,04,A,00,4,0,59.00,
9423,430,533,04,A,00,4,0,59.00,
9424,430,412,04,A,00,5,0,53.30,
9425,430,700,04,A,00,5,0,53.30,
9426,430,328,04,A,00,6,0,48.40,
9427,430,403,04,A,00,6,0,48.40,
9428,430,823,04,B,00,1,0,70.20,
9429,430,824,04,B,00,1,0,70.20,
9430,430,140,04,B,00,2,0,67.50,
9431,430,473,04,B,00,2,0,67.50,
9432,430,375,04,B,00,3,0,64.90,
9433,430,690,04,B,00,3,0,64.90,
9434,430,212,04,B,00,4,0,63.20,
9435,430,359,04,B,00,4,0,63.20,
9436,430,196,04,B,00,5,0,52.80,
9437,430,738,04,B,00,5,0,52.80,
9438,430,1550,04,B,00,6,0,52.30,
9439,430,695,04,B,00,6,0,52.30,
9440,430,737,04,C,00,1,0,64.00,
9441,430,739,04,C,00,1,0,64.00,
9442,430,675,04,C,00,2,0,63.20,
9443,430,710,04,C,00,2,0,63.20,
9444,430,47,04,C,00,3,0,59.30,
9445,430,567,04,C,00,3,0,59.30,
9446,430,36,04,C,00,4,0,58.20,
9447,430,442,04,C,00,4,0,58.20,
9448,430,461,04,C,00,5,0,58.10,
9449,430,841,04,C,00,5,0,58.10,
9450,430,118,04,C,00,6,0,46.10,
9451,430,866,04,C,00,6,0,46.10,
9452,430,638,04,D,00,1,0,76.50,
9453,430,821,04,D,00,1,0,76.50,
9454,430,204,04,D,00,2,0,74.70,
9455,430,597,04,D,00,2,0,74.70,
9456,430,48,04,D,00,3,0,73.00,
9457,430,363,04,D,00,3,0,73.00,
9458,430,470,04,D,00,4,0,72.40,
9459,430,508,04,D,00,4,0,72.40,
9460,430,112,04,D,00,5,0,63.00,
9461,430,421,04,D,00,5,0,63.00,
9462,430,370,00,,02,1,0,76.70,
9463,430,880,00,,02,1,0,76.70,
9464,430,737,00,,02,1,0,76.70,
9465,430,140,00,,02,2,0,71.90,
9466,430,473,00,,02,2,0,71.90,
9467,430,567,00,,02,2,0,71.90,
9468,430,126,00,,02,3,0,69.10,
9469,430,675,00,,02,3,0,69.10,
9470,430,710,00,,02,3,0,69.10,
9471,430,112,00,,02,4,0,68.80,
9472,430,1550,00,,02,4,0,68.80,
9473,430,695,00,,02,4,0,68.80,
9474,430,328,00,,02,5,0,61.10,
9475,430,649,00,,02,5,0,61.10,
9476,430,739,00,,02,5,0,61.10,
9477,430,212,00,,02,6,0,60.80,
9478,430,359,00,,02,6,0,60.80,
9479,430,700,00,,02,6,0,60.80,
9480,430,370,02,A,02,1,0,75.30,
9481,430,880,02,A,02,1,0,75.30,
9482,430,737,02,A,02,1,0,75.30,
9483,430,112,02,A,02,2,0,62.10,
9484,430,1550,02,A,02,2,0,62.10,
9485,430,695,02,A,02,2,0,62.10,
9486,430,328,02,A,02,3,0,61.80,
9487,430,648,02,A,02,3,0,61.80,
9488,430,738,02,A,02,3,0,61.80,
9489,430,48,02,A,02,4,4,61.30,
9490,430,363,02,A,02,4,4,61.30,
9491,430,470,02,A,02,4,4,61.30,
9492,430,258,02,A,02,5,4,61.30,
9493,430,461,02,A,02,5,4,61.30,
9494,430,533,02,A,02,5,4,61.30,
9495,430,375,02,A,02,6,0,60.50,
9496,430,508,02,A,02,6,0,60.50,
9497,430,690,02,A,02,6,0,60.50,
9498,430,412,02,A,02,7,0,50.40,
9499,430,442,02,A,02,7,0,50.40,
9500,430,841,02,A,02,7,0,50.40,
9501,430,140,02,B,02,1,0,78.00,
9502,430,473,02,B,02,1,0,78.00,
9503,430,567,02,B,02,1,0,78.00,
9504,430,212,02,B,02,2,0,72.90,
9505,430,700,02,B,02,2,0,72.90,
9506,430,359,02,B,02,2,0,72.90,
9507,430,126,02,B,02,3,0,66.60,
9508,430,675,02,B,02,3,0,66.60,
9509,430,47,02,B,02,3,0,66.60,
9510,430,36,02,B,02,4,0,65.70,
9511,430,638,02,B,02,4,0,65.70,
9512,430,821,02,B,02,4,0,65.70,
9513,430,597,02,B,02,5,0,59.60,
9514,430,823,02,B,02,5,0,59.60,
9515,430,824,02,B,02,5,0,59.60,
9516,430,163,02,B,02,6,0,48.50,
9517,430,441,02,B,02,6,0,48.50,
9518,430,677,02,B,02,6,0,48.50,
9519,430,97,02,B,02,7,0,45.90,
9520,430,486,02,B,02,7,0,45.90,
9521,430,421,02,B,02,7,0,45.90,
9522,430,118,02,B,02,8,0,42.70,
9523,430,196,02,B,02,8,0,42.70,
9524,430,866,02,B,02,8,0,42.70,
9525,430,47,00,,03,1,0,69.10,
9526,430,710,00,,03,1,0,69.10,
9527,430,473,00,,03,2,0,66.50,
9528,430,700,00,,03,2,0,66.50,
9529,430,367,00,,03,3,0,62.60,
9530,430,737,00,,03,3,0,62.60,
9531,430,163,00,,03,4,0,58.20,
9532,430,597,00,,03,4,0,58.20,
9533,430,470,00,,03,5,0,56.60,
9534,430,677,00,,03,5,0,56.60,
9535,430,667,00,,03,6,0,53.80,
9536,430,695,00,,03,6,0,53.80,
9537,430,473,02,A,03,1,0,75.80,
9538,430,700,02,A,03,1,0,75.80,
9539,430,470,02,A,03,2,0,69.50,
9540,430,677,02,A,03,2,0,69.50,
9541,430,667,02,A,03,3,0,66.30,
9542,430,695,02,A,03,3,0,66.30,
9543,430,486,02,A,03,4,0,53.70,
9544,430,739,02,A,03,4,0,53.70,
9545,430,196,02,A,03,5,0,35.70,
9546,430,1563,02,A,03,5,0,35.70,
9547,430,47,02,B,03,1,0,77.10,
9548,430,710,02,B,03,1,0,77.10,
9549,430,367,02,B,03,2,0,65.70,
9550,430,737,02,B,03,2,0,65.70,
9551,430,163,02,B,03,3,0,65.50,
9552,430,597,02,B,03,3,0,65.50,
9553,430,441,02,B,03,4,0,59.50,
9554,430,442,02,B,03,4,0,59.50,
9555,430,47,00,,01,1,0,72.20,
9556,430,667,00,,01,1,0,72.20,
9557,430,367,00,,01,2,0,68.90,
9558,430,485,00,,01,2,0,68.90,
9559,430,163,00,,01,3,0,66.10,
9560,430,677,00,,01,3,0,66.10,
9561,430,1563,00,,01,4,0,58.30,
9562,430,441,00,,01,4,0,58.30,
9563,431,228,00,,00,1,0,0.00,
9564,431,384,00,,00,1,0,0.00,
9565,431,489,00,,00,2,0,0.00,
9566,431,717,00,,00,2,0,0.00,
9567,431,71,00,,00,3,0,0.00,
9568,431,712,00,,00,3,0,0.00,
9569,431,271,00,,00,4,0,0.00,
9570,431,862,00,,00,4,0,0.00,
9571,431,24,00,,00,5,0,0.00,
9572,431,195,00,,00,5,0,0.00,
9573,431,32,00,,11,1,0,0.00,
9574,431,366,00,,11,1,0,0.00,
9575,431,70,00,,11,2,0,0.00,
9576,431,75,00,,11,2,0,0.00,
9577,431,94,00,,9,1,0,0.00,
9578,431,610,00,,9,1,0,0.00,
9579,431,272,00,,9,2,0,0.00,
9580,431,792,00,,9,2,0,0.00,
9581,432,887,00,,06,1,0,0.00,
9582,432,425,00,,06,1,0,0.00,
9583,432,424,00,,06,1,0,0.00,
9584,432,72,00,,06,2,0,0.00,
9585,432,191,00,,06,2,0,0.00,
9586,432,699,00,,06,2,0,0.00,
9587,432,182,00,,06,3,0,0.00,
9588,432,611,00,,06,3,0,0.00,
9589,432,755,00,,06,3,0,0.00,
9590,432,132,00,,06,4,0,0.00,
9591,432,276,00,,06,4,0,0.00,
9592,432,16,00,,06,5,0,0.00,
9593,432,81,00,,06,5,0,0.00,
9594,432,764,00,,06,5,0,0.00,
9595,432,306,00,,06,6,0,0.00,
9596,432,335,00,,06,6,0,0.00,
9597,432,316,00,,07,1,0,0.00,
9598,432,512,00,,07,1,0,0.00,
9599,432,156,00,,07,2,0,0.00,
9600,432,153,00,,07,2,0,0.00,
9601,432,632,00,,07,3,0,0.00,
9602,432,795,00,,07,3,0,0.00,
9603,432,29,00,,07,4,0,0.00,
9604,432,842,00,,07,4,0,0.00,
9605,432,310,00,,07,5,0,0.00,
9606,432,776,00,,07,5,0,0.00,
9607,432,208,00,,07,6,0,0.00,
9608,432,209,00,,07,6,0,0.00,
9609,432,455,00,,07,6,0,0.00,
9610,433,370,00,,06,1,0,0.00,
9611,433,470,00,,06,1,0,0.00,
9612,433,363,00,,06,1,0,0.00,
9613,433,884,00,,06,2,0,0.00,
9614,433,280,00,,06,2,0,0.00,
9615,433,221,00,,06,3,0,0.00,
9616,433,86,00,,06,3,0,0.00,
9617,433,847,00,,06,3,0,0.00,
9618,433,859,00,,06,4,0,0.00,
9619,433,753,00,,06,4,0,0.00,
9620,433,663,00,,06,4,0,0.00,
9621,433,645,00,,06,5,0,0.00,
9622,433,328,00,,06,5,0,0.00,
9623,433,594,00,,06,5,0,0.00,
9624,433,427,00,,06,6,0,0.00,
9625,433,65,00,,06,6,0,0.00,
9626,433,662,00,,06,6,0,0.00,
9627,433,436,00,,06,7,7,0.00,"Semi-finals only"
9628,433,708,00,,06,7,7,0.00,"Semi-finals only"
9629,433,281,00,,06,8,7,0.00,"Semi-finals only"
9630,433,754,00,,06,8,7,0.00,"Semi-finals only"
9631,433,268,00,,06,9,9,0.00,"Semi-finals only"
9632,433,269,00,,06,9,9,0.00,
9633,433,832,00,,06,9,9,0.00,
9634,433,224,00,,06,10,9,0.00,"Semi-finals only"
9635,433,875,00,,06,10,9,0.00,
9636,433,628,00,,06,11,11,0.00,"Semi-finals only"
9637,433,802,00,,06,11,11,0.00,"Semi-finals only"
9638,433,229,00,,06,12,11,0.00,"Semi-finals only"
9639,433,247,00,,06,12,11,0.00,"Semi-finals only"
9640,433,471,00,,06,12,11,0.00,
9641,433,162,00,,06,13,13,0.00,"Semi-finals only"
9642,433,564,00,,06,13,13,0.00,"Semi-finals only"
9643,433,872,00,,06,14,13,0.00,"Semi-finals only"
9644,433,182,00,,06,15,0,0.00,"Semi-finals only"
9645,433,474,00,,06,15,0,0.00,"Semi-finals only"
9646,434,97,00,,00,1,0,0.00,
9647,434,883,00,,00,1,0,0.00,
9648,434,866,00,,00,2,0,0.00,
9649,434,118,00,,00,2,0,0.00,
9650,434,172,00,,00,3,0,0.00,
9651,434,755,00,,00,3,0,0.00,
9652,434,344,00,,00,4,0,0.00,
9653,434,856,00,,00,4,0,0.00,
9654,434,493,00,,00,5,0,0.00,
9655,434,391,00,,00,5,0,0.00,
9656,434,866,00,,04,1,0,0.00,
9657,434,172,00,,04,2,0,0.00,
9658,435,244,00,,06,1,0,0.00,
9659,435,597,00,,06,1,0,0.00,
9660,435,119,00,,06,2,0,0.00,
9661,435,157,00,,06,2,0,0.00,
9662,435,638,00,,06,3,0,0.00,
9663,435,739,00,,06,3,0,0.00,
9664,435,590,00,,06,4,0,0.00,
9665,435,866,00,,06,4,0,0.00,
9666,435,416,00,,06,5,0,0.00,
9667,435,533,00,,06,5,0,0.00,
9668,435,196,00,,06,6,0,0.00,
9669,435,650,00,,06,6,0,0.00,
9670,435,883,00,,06,6,0,0.00,
9671,435,698,00,,06,7,0,0.00,
9672,435,807,00,,06,7,0,0.00,
9673,435,877,00,,06,8,0,0.00,
9674,435,878,00,,06,8,0,0.00,
9675,435,876,00,,06,8,0,0.00,
9676,435,190,00,,06,9,0,0.00,
9677,435,598,00,,06,9,0,0.00,
9678,436,421,00,,00,1,0,0.00,
9679,436,4,00,,00,1,0,0.00,
9680,436,216,00,,00,2,0,0.00,
9681,436,358,00,,00,2,0,0.00,
9682,436,76,00,,00,3,0,0.00,
9683,436,607,00,,00,3,0,0.00,
9684,436,472,00,,00,4,0,0.00,
9685,436,317,00,,00,4,0,0.00,
9686,436,865,00,,00,5,0,0.00,
9687,436,137,00,,00,5,0,0.00,
9688,436,713,00,,00,6,0,0.00,
9689,436,101,00,,00,6,0,0.00,
9690,437,590,00,,06,1,0,0.00,
9691,437,788,00,,06,1,0,0.00,
9692,437,295,00,,06,2,0,0.00,
9693,437,534,00,,06,2,0,0.00,
9694,437,758,00,,06,2,0,0.00,
9695,438,112,00,,06,1,0,0.00,
9696,438,140,00,,06,1,0,0.00,
9697,438,427,00,,06,1,0,0.00,
9698,438,281,00,,06,2,0,0.00,
9699,438,805,00,,06,2,0,0.00,
9700,438,354,00,,06,3,0,0.00,
9701,438,355,00,,06,3,0,0.00,
9702,438,622,00,,06,3,0,0.00,
9703,438,19,00,,06,4,0,0.00,
9704,438,264,00,,06,4,0,0.00,
9705,438,1,00,,06,4,0,0.00,
9706,438,829,00,,06,5,0,0.00,
9707,438,828,00,,06,5,0,0.00,
9708,438,449,00,,06,6,0,0.00,
9709,438,502,00,,06,6,0,0.00,
9710,438,621,00,,06,7,0,0.00,
9711,439,216,00,,00,1,0,0.00,
9712,439,358,00,,00,1,0,0.00,
9713,439,421,00,,00,2,0,0.00,
9714,439,4,00,,00,2,0,0.00,
9715,439,317,00,,00,3,0,0.00,
9716,439,482,00,,00,3,0,0.00,
9717,439,54,00,,00,4,0,0.00,
9718,439,218,00,,00,4,0,0.00,
9719,439,550,00,,00,5,0,0.00,
9720,439,784,00,,00,5,0,0.00,
9721,439,252,00,,00,6,0,0.00,
9722,439,472,00,,00,6,0,0.00,
9723,439,332,00,,00,7,0,0.00,
9724,439,607,00,,00,7,0,0.00,
9725,439,137,00,,00,8,0,0.00,
9726,439,865,00,,00,8,0,0.00,
9727,440,212,00,,06,1,0,0.00,
9728,440,308,00,,06,1,0,0.00,
9729,440,887,00,,06,1,0,0.00,
9730,440,144,00,,06,2,0,0.00,
9731,440,359,00,,06,2,0,0.00,
9732,440,56,00,,06,3,3,0.00,
9733,440,114,00,,06,3,3,0.00,
9734,440,863,00,,06,3,3,0.00,
9735,440,611,00,,06,4,3,0.00,
9736,440,785,00,,06,4,3,0.00,
9737,440,458,00,,11,1,0,0.00,
9738,440,731,00,,11,1,0,0.00,
9739,441,280,00,,06,1,0,0.00,
9740,441,470,00,,06,1,0,0.00,
9741,441,473,00,,06,1,0,0.00,
9742,441,710,00,,06,1,0,0.00,Substitute
9743,441,710,00,,06,2,0,0.00,
9744,441,47,00,,06,2,0,0.00,
9745,441,268,00,,06,2,0,0.00,Substitute
9746,441,268,00,,06,3,0,0.00,
9747,441,138,00,,06,3,0,0.00,
9748,441,280,00,,06,3,0,0.00,sub
9749,441,645,00,,06,4,0,0.00,
9750,441,86,00,,06,4,0,0.00,
9751,441,430,00,,06,4,0,0.00,
9752,441,280,00,,19,1,0,0.00,
9753,441,470,00,,19,1,0,0.00,
9754,441,710,00,,19,1,0,0.00,
9755,441,473,00,,19,2,0,0.00,
9756,441,47,00,,19,2,0,0.00,
9757,441,65,00,,19,2,0,0.00,
9758,441,268,00,,19,3,0,0.00,
9759,441,538,00,,19,3,0,0.00,
9760,441,138,00,,19,3,0,0.00,
9761,441,436,00,,19,4,0,0.00,
9762,441,645,00,,19,4,0,0.00,
9763,441,430,00,,19,4,0,0.00,
9764,442,370,00,,00,1,0,52.10,
9765,442,880,00,,00,1,0,52.10,
9766,442,473,00,,00,2,0,51.60,
9767,442,140,00,,00,2,0,51.60,
9768,442,328,00,,00,3,0,46.90,
9769,442,737,00,,00,3,0,46.90,
9770,442,495,00,,00,4,0,44.20,
9771,442,1550,00,,00,4,0,44.20,
9772,442,667,00,,00,5,0,42.60,
9773,442,887,00,,00,5,0,42.60,
9774,442,281,00,,00,6,0,40.30,
9775,442,505,00,,00,6,0,40.30,
9776,442,461,00,,00,7,7,0.00,"Semi-finals only"
9777,442,695,00,,00,7,7,0.00,
9778,442,425,00,,00,8,7,0.00,
9779,442,883,00,,00,8,7,0.00,
9780,442,611,00,,00,9,9,0.00,
9781,442,670,00,,00,9,9,0.00,
9782,442,451,00,,00,10,9,0.00,
9783,442,711,00,,00,10,9,0.00,
9784,442,296,00,,00,11,11,0.00,
9785,442,882,00,,00,11,11,0.00,
9786,442,162,00,,00,12,11,0.00,
9787,442,564,00,,00,12,11,0.00,
9788,443,367,00,,03,1,0,0.00,Random
9789,443,737,00,,03,1,0,0.00,Random
9790,443,328,00,,03,2,0,0.00,Random
9791,443,706,00,,03,2,0,0.00,Random
9792,443,79,00,,03,3,0,0.00,Random
9793,443,486,00,,03,3,0,0.00,Random
9794,443,79,00,,02,1,0,0.00,"4 minute random"
9795,443,706,00,,02,1,0,0.00,"4 minute random"
9796,443,737,00,,02,1,0,0.00,"4 minute random"
9797,443,328,00,,02,2,0,0.00,"4 minute random"
9798,443,367,00,,02,2,0,0.00,"4 minute random"
9799,443,486,00,,02,2,0,0.00,"4 minute random"
9800,443,79,00,,00,1,0,0.00,
9801,443,328,00,,00,1,0,0.00,
9802,443,485,00,,00,2,0,0.00,
9803,443,737,00,,00,2,0,0.00,
9804,443,367,00,,00,3,0,0.00,
9805,443,706,00,,00,3,0,0.00,
9806,444,482,00,,00,1,0,0.00,
9807,444,268,00,,00,1,0,0.00,
9808,444,97,00,,00,2,0,0.00,
9809,444,375,00,,00,2,0,0.00,
9810,444,866,00,,00,3,0,0.00,
9811,444,708,00,,00,3,0,0.00,
9812,444,369,00,,00,4,0,0.00,
9813,444,93,00,,00,4,0,0.00,
9814,444,948,00,,00,5,5,0.00,
9815,444,946,00,,00,5,5,0.00,
9816,444,92,00,,00,6,5,0.00,
9817,444,97,00,,04,1,0,0.00,
9818,444,482,00,,04,2,0,0.00,
9819,444,708,00,,04,3,0,0.00,
9820,444,369,00,,04,4,0,0.00,
9821,444,946,00,,04,5,0,0.00,
9822,444,93,00,,04,6,0,0.00,
9823,444,268,00,,02,1,0,0.00,Random
9824,444,866,00,,02,1,0,0.00,Random
9825,444,93,00,,02,1,0,0.00,Random
9826,444,375,00,,02,2,0,0.00,Random
9827,444,708,00,,02,2,0,0.00,Random
9828,444,369,00,,02,2,0,0.00,Random
9829,444,482,00,,02,3,0,0.00,Random
9830,444,946,00,,02,3,0,0.00,Random
9831,444,1564,00,,00,6,5,0.00,
9832,444,1564,00,,02,3,0,0.00,Random
9833,444,268,00,,03,1,0,0.00,
9834,444,948,00,,03,1,0,0.00,
9835,444,92,00,,03,2,0,0.00,
9836,444,93,00,,03,2,0,0.00,
9837,444,97,00,,03,3,0,0.00,
9838,444,1471,00,,03,3,0,0.00,
9839,445,473,00,,00,1,0,0.00,
9840,445,567,00,,00,1,0,0.00,
9841,445,128,00,,00,2,0,0.00,
9842,445,695,00,,00,2,0,0.00,
9843,445,1,00,,00,3,0,0.00,
9844,445,436,00,,00,3,0,0.00,
9845,446,140,00,,00,1,0,0.00,
9846,446,567,00,,00,1,0,0.00,
9847,446,470,00,,00,2,0,0.00,
9848,446,221,00,,00,2,0,0.00,
9849,446,848,00,,00,3,0,0.00,
9850,446,994,00,,00,3,0,0.00,
9851,446,28,00,,00,4,4,0.00,
9852,446,697,00,,00,4,4,0.00,
9853,446,645,00,,00,5,4,0.00,
9854,446,594,00,,00,5,4,0.00,
9855,446,971,00,,00,6,0,0.00,
9856,446,138,00,,00,6,0,0.00,
9857,446,875,00,,00,7,0,0.00,
9858,446,436,00,,00,7,0,0.00,
9859,446,140,00,,02,1,0,0.00,Random
9860,446,567,00,,02,1,0,0.00,Random
9861,446,470,00,,02,1,0,0.00,Random
9862,446,221,00,,02,2,0,0.00,Random
9863,446,971,00,,02,2,0,0.00,Random
9864,446,224,00,,02,2,0,0.00,Random
9865,446,848,00,,02,3,0,0.00,Random
9866,446,645,00,,02,3,0,0.00,Random
9867,446,28,00,,02,3,0,0.00,Random
9868,446,697,00,,02,4,0,0.00,Random
9869,446,138,00,,02,4,0,0.00,Random
9870,446,994,00,,02,4,0,0.00,Random
9871,446,594,00,,02,5,0,0.00,Random
9872,446,875,00,,02,5,0,0.00,Random
9873,446,436,00,,02,5,0,0.00,Random
9874,447,908,00,,06,1,0,0.00,
9875,447,913,00,,06,1,0,0.00,
9876,447,145,00,,06,1,0,0.00,
9877,447,912,00,,06,2,0,0.00,
9878,447,915,00,,06,2,0,0.00,
9879,447,917,00,,06,3,0,0.00,
9880,447,910,00,,06,3,0,0.00,
9881,447,919,00,,06,4,0,0.00,
9882,447,922,00,,06,6,0,0.00,
9883,447,1565,00,,06,4,0,0.00,
9884,447,1566,00,,06,5,0,0.00,
9885,447,1567,00,,06,5,0,0.00,
9886,447,1568,00,,06,6,0,0.00,
9887,448,887,00,,06,1,0,0.00,
9888,448,942,00,,06,1,0,0.00,
9889,448,308,00,,06,1,0,0.00,
9890,448,482,00,,06,2,0,0.00,
9891,448,508,00,,06,2,0,0.00,
9892,448,470,00,,06,2,0,0.00,
9893,448,421,00,,06,3,0,0.00,
9894,448,892,00,,06,3,0,0.00,
9895,448,145,00,,06,4,0,0.00,
9896,448,913,00,,06,4,0,0.00,
9897,448,908,00,,06,4,0,0.00,
9898,448,801,00,,06,5,0,0.00,"Advanced to the Semi from B pool - Semis only"
9899,448,947,00,,06,5,0,0.00,"Advanced to the Semi from B pool - Semis only"
9900,448,289,00,,06,6,0,0.00,"Semis only"
9901,448,36,00,,06,6,0,0.00,"Semis only"
9902,448,919,00,,06,7,0,0.00,"Advanced to the Semi from B pool - Semis only"
9903,448,44,00,,06,7,0,0.00,"Advanced to the Semi from B pool - Semis only"
9904,448,504,00,,06,7,0,0.00,"Advanced to the Semi from B pool - Semis only"
9905,448,915,00,,06,8,0,0.00,"Semis only"
9906,448,912,00,,06,8,0,0.00,"Semis only"
9907,448,910,00,,06,9,0,0.00,"Semis only"
9908,448,917,00,,06,9,0,0.00,"Semis only"
9909,448,950,00,,06,10,0,0.00,"Semis only"
9910,448,946,00,,06,10,0,0.00,"Semis only"
9911,448,949,00,,06,10,0,0.00,"Semis only"
9912,448,1102,00,,06,11,0,0.00,"Semis only"
9913,448,1191,00,,06,11,0,0.00,"Semis only"
9914,449,597,00,,06,1,0,0.00,
9915,449,545,00,,06,1,0,0.00,
9916,449,567,00,,06,1,0,0.00,
9917,449,258,00,,06,2,0,0.00,
9918,449,363,00,,06,2,0,0.00,
9919,449,739,00,,06,2,0,0.00,
9920,449,119,00,,06,3,0,0.00,
9921,449,157,00,,06,3,0,0.00,
9922,449,97,00,,06,4,0,0.00,
9923,449,701,00,,06,4,0,0.00,
9924,449,85,00,,06,5,0,0.00,
9925,449,460,00,,06,5,0,0.00,
9926,449,1098,00,,06,6,0,0.00,
9927,449,765,00,,06,6,0,0.00,
9928,449,814,00,,06,6,0,0.00,
9929,450,850,00,,00,1,0,0.00,
9930,450,365,00,,00,1,0,0.00,
9931,450,489,00,,00,2,0,0.00,
9932,450,995,00,,00,2,0,0.00,
9933,450,712,00,,00,3,0,0.00,
9934,450,195,00,,00,3,0,0.00,
9935,450,733,00,,00,4,0,0.00,
9936,450,271,00,,00,4,0,0.00,
9937,450,961,00,,00,5,0,0.00,
9938,450,1569,00,,00,5,0,0.00,
9939,451,280,00,,00,1,0,0.00,
9940,451,545,00,,00,1,0,0.00,
9941,451,128,00,,00,2,0,0.00,
9942,451,268,00,,00,2,0,0.00,
9943,451,470,00,,00,3,0,0.00,
9944,451,508,00,,00,3,0,0.00,
9945,451,289,00,,00,4,0,0.00,
9946,451,430,00,,00,4,0,0.00,
9947,451,971,00,,00,5,0,0.00,
9948,451,875,00,,00,5,0,0.00,
9949,451,280,00,,02,1,0,0.00,
9950,451,470,00,,02,1,0,0.00,
9951,451,545,00,,02,1,0,0.00,
9952,451,112,00,,02,2,0,0.00,
9953,451,128,00,,02,2,0,0.00,
9954,451,430,00,,02,2,0,0.00,
9955,451,268,00,,02,3,0,0.00,
9956,451,473,00,,02,3,0,0.00,
9957,451,508,00,,02,3,0,0.00,
9958,451,224,00,,02,4,0,0.00,
9959,451,594,00,,02,4,0,0.00,
9960,451,875,00,,02,4,0,0.00,
9961,451,138,00,,02,5,0,0.00,
9962,451,994,00,,02,5,0,0.00,
9963,451,289,00,,02,5,0,0.00,
9964,451,971,00,,02,5,0,0.00,
9965,451,289,00,,03,1,0,0.00,
9966,451,280,00,,03,1,0,0.00,
9967,451,470,00,,03,2,0,0.00,
9968,451,971,00,,03,2,0,0.00,
9969,451,112,00,,03,3,0,0.00,
9970,451,113,00,,03,3,0,0.00,
9971,451,268,00,,03,4,0,0.00,
9972,451,875,00,,03,4,0,0.00,
9973,452,140,00,,00,1,0,0.00,
9974,452,473,00,,00,1,0,0.00,
9975,452,470,00,,00,2,0,0.00,
9976,452,508,00,,00,2,0,0.00,
9977,452,421,00,,00,3,3,0.00,
9978,452,441,00,,00,3,3,0.00,
9979,452,597,00,,00,4,3,0.00,
9980,452,823,00,,00,4,3,0.00,
9981,452,486,00,,00,5,5,0.00,
9982,452,367,00,,00,5,5,0.00,
9983,452,701,00,,00,6,5,0.00,
9984,452,737,00,,00,6,5,0.00,
9985,452,442,00,,00,7,5,0.00,
9986,452,482,00,,00,7,5,0.00,
9987,452,97,00,,00,8,5,0.00,
9988,452,712,00,,00,8,5,0.00,
9989,452,128,00,,00,9,9,0.00,
9990,452,268,00,,00,9,9,0.00,
9991,452,995,00,,00,10,9,0.00,
9992,452,489,00,,00,10,9,0.00,
9993,452,365,00,,00,11,9,0.00,
9994,452,850,00,,00,11,9,0.00,
9995,452,118,00,,00,12,9,0.00,
9996,452,708,00,,00,12,9,0.00,
9997,452,289,00,,00,13,0,0.00,Scratch
9998,452,384,00,,00,13,0,0.00,Scratch
9999,452,441,00,,03,1,0,0.00,
10000,452,421,00,,03,1,0,0.00,
10001,452,367,00,,03,2,0,0.00,
10002,452,823,00,,03,2,0,0.00,
10003,452,1009,00,,03,3,3,0.00,
10004,452,508,00,,03,3,3,0.00,
10005,452,486,00,,03,4,3,0.00,
10006,452,442,00,,03,4,3,0.00,
10007,452,289,00,,03,5,0,0.00,
10008,452,482,00,,03,5,0,0.00,
10009,453,370,00,,06,1,0,0.00,
10010,453,339,00,,06,1,0,0.00,
10011,453,880,00,,06,2,0,0.00,
10012,453,85,00,,06,2,0,0.00,
10013,453,451,00,,06,3,0,0.00,
10014,453,711,00,,06,3,0,0.00,
10015,453,188,00,,06,4,0,0.00,
10016,453,1570,00,,06,4,0,0.00,
10017,453,945,00,,06,5,0,0.00,"Larry Imperiale throwing"
10018,453,643,00,,06,6,0,0.00,
10019,453,1571,00,,06,6,0,0.00,
10020,453,1572,00,,06,7,0,0.00,
10021,453,1573,00,,06,7,0,0.00,
10022,454,1578,00,,06,1,0,0.00,
10023,454,44,00,,06,1,0,0.00,
10024,454,910,00,,06,2,0,0.00,
10025,454,950,00,,06,2,0,0.00,
10026,454,145,00,,06,3,3,0.00,
10027,454,1431,00,,06,3,3,0.00,
10028,454,1576,00,,06,4,3,0.00,
10029,454,801,00,,06,4,3,0.00,
10030,454,919,00,,06,5,5,0.00,
10031,454,948,00,,06,5,5,0.00,
10032,454,1081,00,,06,6,5,0.00,
10033,454,949,00,,06,6,5,0.00,
10034,454,504,00,,06,7,7,0.00,
10035,454,1575,00,,06,7,7,0.00,
10036,454,1574,00,,06,8,7,0.00,
10037,454,946,00,,06,8,7,0.00,
10038,454,1567,00,,06,9,7,0.00,
10039,454,1415,00,,06,9,7,0.00,
10040,455,370,00,,06,1,0,66.03,test
10041,455,421,00,,06,1,0,66.03,test
10042,455,675,00,,06,1,0,66.03,test
10043,455,128,00,,06,2,0,62.61,
10044,455,308,00,,06,2,0,62.61,
10045,455,97,00,,06,3,0,54.89,
10046,455,118,00,,06,3,0,54.89,
10047,455,708,00,,06,4,0,52.13,
10048,455,866,00,,06,4,0,52.13,
10049,455,667,00,,06,5,0,51.56,
10050,455,630,00,,06,5,0,51.56,
10051,455,85,00,,06,6,0,47.39,
10052,455,489,00,,06,6,0,47.39,
10053,455,365,00,,06,7,0,47.06,
10054,455,850,00,,06,7,0,47.06,
10055,455,289,00,,06,8,0,42.78,
10056,455,1,00,,06,8,0,42.78,
10057,455,370,02,A,06,1,0,66.80,
10058,455,421,02,A,06,1,0,66.80,
10059,455,675,02,A,06,1,0,66.80,
10060,455,667,02,A,06,2,0,54.60,
10061,455,630,02,A,06,2,0,54.60,
10062,455,142,02,A,06,3,0,52.70,
10063,455,701,02,A,06,3,0,52.70,
10064,455,1211,02,A,06,4,0,29.60,
10065,455,611,02,A,06,4,0,29.60,
10066,455,493,02,A,06,5,0,25.80,
10067,455,767,02,A,06,5,0,25.80,
10068,455,97,02,B,06,1,0,51.34,
10069,455,118,02,B,06,1,0,51.34,
10070,455,85,02,B,06,2,0,49.50,
10071,455,489,02,B,06,2,0,49.50,
10072,455,281,02,B,06,3,0,43.90,
10073,455,436,02,B,06,3,0,43.90,
10074,455,815,02,B,06,4,0,38.20,
10075,455,828,02,B,06,4,0,38.20,
10076,455,63,02,B,06,5,0,29.60,
10077,455,797,02,B,06,5,0,29.60,
10078,455,128,02,C,06,1,0,50.70,
10079,455,308,02,C,06,1,0,50.70,
10080,455,289,02,C,06,2,0,49.50,
10081,455,1,02,C,06,2,0,49.50,
10082,455,70,02,C,06,3,0,49.30,
10083,455,946,02,C,06,3,0,49.30,
10084,455,75,02,C,06,4,0,42.60,
10085,455,471,02,C,06,4,0,42.60,
10086,455,322,02,C,06,5,0,26.60,
10087,455,356,02,C,06,5,0,26.60,
10088,455,365,02,D,06,1,0,50.70,
10089,455,850,02,D,06,1,0,50.70,
10090,455,708,02,D,06,2,0,49.50,
10091,455,866,02,D,06,2,0,49.50,
10092,455,339,02,D,06,3,0,49.30,
10093,455,355,02,D,06,3,0,49.30,
10094,455,124,02,D,06,4,0,49.20,
10095,455,163,02,D,06,4,0,49.20,
10096,455,1212,02,D,06,5,0,26.60,
10097,455,391,02,D,06,5,0,26.60,
10098,455,667,00,,01,1,0,0.00,
10099,455,630,00,,01,1,0,0.00,
10100,455,124,00,,01,2,0,0.00,
10101,455,163,00,,01,2,0,0.00,
10102,455,815,00,,01,3,0,0.00,
10103,455,828,00,,01,3,0,0.00,
10104,455,322,00,,01,4,0,0.00,
10105,455,356,00,,01,4,0,0.00,
10106,455,141,00,,09,1,0,0.00,
10107,455,961,00,,09,2,0,0.00,
10108,455,324,00,,09,3,0,0.00,
10109,456,210,00,,00,1,0,0.00,
10110,456,410,00,,00,1,0,0.00,
10111,456,411,00,,00,2,0,0.00,
10112,456,30,00,,00,2,0,0.00,
10113,456,937,00,,01,1,0,0.00,
10114,456,938,00,,01,1,0,0.00,
10115,456,1194,00,,01,2,0,0.00,
10116,456,1300,00,,01,2,0,0.00,
10117,457,489,00,,06,1,0,0.00,
10118,457,508,00,,06,1,0,0.00,
10119,457,712,00,,06,1,0,0.00,
10120,457,365,00,,06,2,0,0.00,
10121,457,850,00,,06,2,0,0.00,
10122,457,271,00,,06,3,0,0.00,
10123,457,1343,00,,06,3,0,0.00,
10124,457,75,00,,11,1,0,0.00,
10125,457,701,00,,11,1,0,0.00,
10126,457,347,00,,11,2,0,0.00,
10127,457,366,00,,11,2,0,0.00,
10128,457,797,00,,11,3,0,0.00,
10129,457,961,00,,07,1,0,0.00,
10130,457,953,00,,19,1,0,0.00,Juniors
10131,457,1580,00,,19,2,0,0.00,Juniors
10132,457,956,00,,19,2,0,0.00,Juniors
10133,457,1581,00,,19,2,0,0.00,Juniors
10134,457,630,00,,01,1,0,0.00,
10135,457,1344,00,,01,2,0,0.00,
10136,458,436,00,,02,1,0,0.00,
10137,458,645,00,,02,1,0,0.00,
10138,458,470,00,,02,1,0,0.00,
10139,458,594,00,,02,2,0,0.00,
10140,458,971,00,,02,2,0,0.00,
10141,458,884,00,,02,2,0,0.00,
10142,458,994,00,,02,3,0,0.00,
10143,458,224,00,,02,3,0,0.00,
10144,458,1583,00,,02,3,0,0.00,
10145,458,140,00,,02,4,0,0.00,
10146,458,875,00,,02,4,0,0.00,
10147,458,138,00,,02,4,0,0.00,
10148,458,362,00,,02,4,0,0.00,
10149,458,1582,00,,02,2,0,0.00,
10150,459,630,00,,06,1,0,0.00,
10151,459,701,00,,06,1,0,0.00,
10152,459,489,00,,06,2,0,0.00,
10153,459,75,00,,06,2,0,0.00,
10154,459,215,00,,06,2,0,0.00,
10155,459,438,00,,06,3,0,0.00,
10156,459,326,00,,06,3,0,0.00,
10157,459,127,00,,06,4,0,0.00,
10158,459,766,00,,06,4,0,0.00,
10159,460,140,00,,00,1,0,0.00,
10160,460,473,00,,00,1,0,0.00,
10161,460,470,00,,00,2,0,0.00,
10162,460,567,00,,00,2,0,0.00,
10163,460,268,00,,00,3,0,0.00,
10164,460,269,00,,00,3,0,0.00,
10165,460,441,00,,00,4,0,0.00,
10166,460,367,00,,00,4,0,0.00,
10167,460,442,00,,00,5,0,0.00,
10168,460,780,00,,00,5,0,0.00,
10169,460,370,00,,00,6,0,0.00,
10170,460,662,00,,00,6,0,0.00,
10171,460,140,02,A,00,1,0,0.00,
10172,460,473,02,A,00,1,0,0.00,
10173,460,367,02,A,00,2,0,0.00,
10174,460,441,02,A,00,2,0,0.00,
10175,460,370,02,A,00,3,0,0.00,
10176,460,662,02,A,00,3,0,0.00,
10177,460,79,02,A,00,4,0,0.00,
10178,460,737,02,A,00,4,0,0.00,
10179,460,994,02,A,00,5,0,0.00,
10180,460,645,02,A,00,5,0,0.00,
10181,460,470,02,B,00,1,0,0.00,
10182,460,567,02,B,00,1,0,0.00,
10183,460,268,02,B,00,2,0,0.00,
10184,460,269,02,B,00,2,0,0.00,
10185,460,442,02,B,00,3,0,0.00,
10186,460,780,02,B,00,3,0,0.00,
10187,460,128,02,B,00,4,0,0.00,
10188,460,262,02,B,00,4,0,0.00,
10189,460,289,02,B,00,5,0,0.00,
10190,460,884,02,B,00,5,0,0.00,
10191,460,367,00,,03,1,0,0.00,
10192,460,140,00,,03,1,0,0.00,
10193,460,289,00,,03,2,0,0.00,
10194,460,473,00,,03,2,0,0.00,
10195,460,441,00,,03,3,0,0.00,
10196,460,442,00,,03,3,0,0.00,
10197,460,884,00,,03,4,0,0.00,
10198,460,362,00,,03,4,0,0.00,
10199,460,875,00,,03,5,0,0.00,
10200,460,268,00,,03,5,0,0.00,
10201,460,971,00,,03,6,0,0.00,
10202,460,470,00,,03,6,0,0.00,
10203,461,545,00,,00,1,0,0.00,
10204,461,567,00,,00,1,0,0.00,
10205,461,370,00,,00,2,0,0.00,
10206,461,675,00,,00,2,0,0.00,
10207,461,887,00,,00,3,0,0.00,
10208,461,421,00,,00,3,0,0.00,
10209,461,708,00,,00,4,0,0.00,
10210,461,25,00,,00,4,0,0.00,
10211,461,887,02,A,00,1,0,0.00,
10212,461,421,02,A,00,1,0,0.00,
10213,461,708,02,A,00,2,0,0.00,"These guys played awesome for the major seed bust!"
10214,461,25,02,A,00,2,0,0.00,
10215,461,97,02,A,00,3,0,0.00,
10216,461,482,02,A,00,3,0,0.00,
10217,461,944,02,A,00,4,0,0.00,
10218,461,289,02,A,00,4,0,0.00,
10219,461,545,02,B,00,1,0,0.00,
10220,461,567,02,B,00,1,0,0.00,
10221,461,370,02,B,00,2,0,0.00,
10222,461,675,02,B,00,2,0,0.00,
10223,461,36,02,B,00,3,0,0.00,
10224,461,698,02,B,00,3,0,0.00,
10225,461,217,02,B,00,4,0,0.00,
10226,461,738,02,B,00,4,0,0.00,
10227,461,289,00,,03,1,0,0.00,
10228,461,482,00,,03,1,0,0.00,
10229,461,967,00,,03,2,0,0.00,
10230,461,421,00,,03,2,0,0.00,
10231,461,944,00,,03,3,0,0.00,
10232,461,217,00,,03,3,0,0.00,
10233,462,138,00,,02,1,0,0.00,
10234,462,875,00,,02,1,0,0.00,
10235,462,470,00,,02,1,0,0.00,
10236,462,430,00,,02,2,0,0.00,
10237,462,971,00,,02,2,0,0.00,
10238,462,280,00,,02,2,0,0.00,
10239,462,645,00,,02,3,0,0.00,
10240,462,224,00,,02,3,0,0.00,
10241,462,436,00,,02,3,0,0.00,
10242,463,597,00,,06,1,0,0.00,
10243,463,698,00,,06,1,0,0.00,
10244,463,363,00,,06,2,0,0.00,
10245,463,739,00,,06,2,0,0.00,
10246,463,258,00,,06,2,0,0.00,
10247,463,693,00,,06,3,0,0.00,
10248,463,638,00,,06,3,0,0.00,
10249,463,823,00,,06,4,0,0.00,
10250,463,36,00,,06,4,0,0.00,
10251,463,92,00,,06,5,0,0.00,
10252,463,93,00,,06,5,0,0.00,
10253,463,196,00,,06,6,0,0.00,
10254,463,646,00,,06,6,0,0.00,
10255,463,416,00,,06,7,0,0.00,
10256,463,357,00,,06,7,0,0.00,
10257,464,473,00,,02,1,0,0.00,
10258,464,567,00,,02,1,0,0.00,
10259,464,710,00,,02,1,0,0.00,
10260,464,370,00,,02,2,0,0.00,
10261,464,470,00,,02,2,0,0.00,
10262,464,48,00,,02,2,0,0.00,
10263,464,675,00,,02,3,0,0.00,
10264,464,128,00,,02,3,0,0.00,
10265,464,112,00,,02,3,0,0.00,
10266,464,461,00,,02,4,0,0.00,
10267,464,315,00,,02,4,0,0.00,
10268,464,777,00,,02,4,0,0.00,
10269,464,473,00,,00,1,0,0.00,
10270,464,567,00,,00,1,0,0.00,
10271,464,470,00,,00,2,2,0.00,
10272,464,710,00,,00,2,2,0.00,
10273,464,48,00,,00,3,2,0.00,
10274,464,777,00,,00,3,2,0.00,
10275,464,461,00,,00,4,0,0.00,
10276,464,314,00,,00,4,0,0.00,
10277,464,370,00,,00,5,0,0.00,
10278,464,675,00,,00,5,0,0.00,
10279,464,128,00,,00,6,0,0.00,
10280,464,112,00,,00,6,0,0.00,
10281,464,289,00,,00,7,0,0.00,
10282,464,118,00,,00,7,0,0.00,
10283,464,749,00,,00,8,0,0.00,
10284,464,1239,00,,00,8,0,0.00,
10285,465,994,00,,04,1,0,0.00,
10286,465,140,00,,04,2,0,0.00,
10287,465,662,00,,04,3,0,0.00,
10288,465,645,00,,04,4,0,0.00,
10289,465,65,00,,04,5,0,0.00,
10290,465,436,00,,04,6,0,0.00,
10291,465,224,00,,04,7,0,0.00,
10292,465,875,00,,04,8,0,0.00,
10293,465,1490,00,,04,9,0,0.00,
10294,466,461,00,,06,1,0,0.00,
10295,466,567,00,,06,1,0,0.00,
10296,466,967,00,,06,2,0,0.00,
10297,466,441,00,,06,2,0,0.00,
10298,466,470,00,,06,3,0,0.00,
10299,466,594,00,,06,3,0,0.00,
10300,466,737,00,,06,3,0,0.00,
10301,466,675,00,,06,4,0,0.00,
10302,466,710,00,,06,4,0,0.00,
10303,466,128,00,,06,5,0,0.00,
10304,466,308,00,,06,5,0,0.00,
10305,466,118,00,,06,6,0,0.00,
10306,466,667,00,,06,6,0,0.00,
10307,466,328,00,,06,7,0,0.00,
10308,466,486,00,,06,7,0,0.00,
10309,466,367,00,,06,7,0,0.00,
10310,466,281,00,,06,8,0,0.00,
10311,466,289,00,,06,8,0,0.00,
10312,466,470,02,A,06,1,0,0.00,
10313,466,594,02,A,06,1,0,0.00,
10314,466,737,02,A,06,1,0,0.00,
10315,466,675,02,A,06,2,0,0.00,
10316,466,710,02,A,06,2,0,0.00,
10317,466,328,02,A,06,3,0,0.00,
10318,466,367,02,A,06,3,0,0.00,
10319,466,486,02,A,06,3,0,0.00,
10320,466,118,02,A,06,4,0,0.00,
10321,466,667,02,A,06,4,0,0.00,
10322,466,558,02,A,06,5,0,0.00,
10323,466,738,02,A,06,5,0,0.00,
10324,466,1281,02,A,06,6,0,0.00,
10325,466,1282,02,A,06,6,0,0.00,
10326,466,85,02,A,06,7,0,0.00,
10327,466,162,02,A,06,7,0,0.00,
10328,466,630,02,A,06,8,0,0.00,
10329,466,163,02,A,06,8,0,0.00,
10330,466,946,02,A,06,8,0,0.00,
10331,466,354,02,A,06,9,0,0.00,
10332,466,355,02,A,06,9,0,0.00,
10333,466,611,02,A,06,10,0,0.00,
10334,466,767,02,A,06,10,0,0.00,
10335,466,461,02,B,06,1,0,0.00,
10336,466,567,02,B,06,1,0,0.00,
10337,466,421,02,B,06,2,0,0.00,
10338,466,441,02,B,06,2,0,0.00,
10339,466,128,02,B,06,3,0,0.00,
10340,466,308,02,B,06,3,0,0.00,
10341,466,281,02,B,06,4,0,0.00,
10342,466,289,02,B,06,4,0,0.00,
10343,466,339,02,B,06,5,0,0.00,
10344,466,939,02,B,06,5,0,0.00,
10345,466,495,02,B,06,6,0,0.00,
10346,466,1550,02,B,06,6,0,0.00,
10347,466,711,02,B,06,7,0,0.00,
10348,466,880,02,B,06,7,0,0.00,
10349,466,1211,02,B,06,8,0,0.00,
10350,466,142,02,B,06,8,0,0.00,
10351,466,733,02,B,06,9,0,0.00,
10352,466,946,02,B,06,9,0,0.00,
10353,466,141,02,B,06,10,0,0.00,
10354,466,1585,02,B,06,10,0,0.00,
10355,466,1586,02,B,06,5,0,0.00,
10356,467,128,00,,04,1,0,0.00,
10357,467,315,00,,04,2,0,0.00,
10358,467,281,00,,04,3,0,0.00,
10359,467,675,00,,04,4,0,0.00,
10360,467,289,00,,04,5,0,0.00,
10361,467,1200,00,,04,6,0,0.00,
10362,468,191,00,,02,1,0,0.00,
10363,468,699,00,,02,1,0,0.00,
10364,468,132,00,,02,1,0,0.00,
10365,468,1587,00,,02,2,0,0.00,
10366,468,1588,00,,02,2,0,0.00,
10367,468,1238,00,,02,3,0,0.00,
10368,468,1589,00,,02,3,0,0.00,
10369,239,921,00,,00,1,0,30.20,
10370,239,1421,00,,00,1,0,30.20,
10371,239,470,00,,00,2,0,29.60,
10372,239,1610,00,,00,2,0,29.60,
10373,239,908,00,,00,3,0,29.40,
10374,239,1590,00,,00,3,0,29.40,
10375,239,912,00,,00,4,0,29.30,
10376,239,930,00,,00,5,0,27.80,
10377,239,928,00,,00,5,0,27.80,
10378,239,913,00,,00,6,0,27.40,
10379,239,1418,00,,00,6,0,27.40,
10380,239,911,00,,00,7,0,0.00,"Semi-finals only"
10381,239,1422,00,,00,7,0,0.00,"Semi-finals only"
10382,239,934,00,,00,8,0,0.00,"Semi-finals only"
10383,239,1423,00,,00,8,0,0.00,"Semi-finals only"
10384,239,927,00,,00,9,0,0.00,"Semi-finals only"
10385,239,1591,00,,00,4,0,29.30,
10386,239,1592,00,,00,9,0,0.00,"Semi-finals only"
10387,239,1593,00,,00,10,0,0.00,"Semi-finals only"
10388,239,936,00,,00,10,0,0.00,"Semi-finals only"
10389,211,145,00,,04,1,0,0.00,
10390,211,923,00,,04,2,0,0.00,
10391,211,908,00,,04,3,0,0.00,
10392,211,930,00,,04,4,0,0.00,
10393,211,934,00,,04,5,0,0.00,
10394,211,909,00,,04,6,0,0.00,
10395,211,912,00,,04,7,0,0.00,
10396,211,1214,00,,04,8,0,0.00,
10397,211,927,00,,04,9,0,0.00,
10398,211,918,00,,04,10,0,0.00,
10399,211,913,00,,04,11,11,0.00,
10400,211,1081,00,,04,12,11,0.00,
10401,211,921,00,,04,13,11,0.00,
10402,211,1425,00,,04,14,11,0.00,
10403,211,1312,00,,04,15,0,0.00,
10404,211,933,00,,04,16,16,0.00,
10405,211,936,00,,04,17,16,0.00,
10406,211,1593,00,,04,18,0,0.00,
10407,211,1255,00,,04,20,0,0.00,
10408,211,1590,00,,04,21,0,0.00,
10409,211,1313,00,,04,22,0,0.00,
10410,211,1430,00,,04,26,0,0.00,
10411,211,928,00,,04,28,0,0.00,
10412,211,1594,00,,04,19,0,0.00,
10413,211,1595,00,,04,23,0,0.00,
10414,211,1596,00,,04,24,0,0.00,
10415,211,1597,00,,04,25,0,0.00,
10416,211,1598,00,,04,27,0,0.00,
10417,211,921,00,,00,1,0,0.00,
10418,211,912,00,,00,1,0,0.00,
10419,211,1430,00,,00,2,0,0.00,
10420,211,923,00,,00,2,0,0.00,
10421,211,927,00,,00,3,0,0.00,
10422,211,909,00,,00,3,0,0.00,
10423,211,930,00,,00,4,0,0.00,
10424,211,934,00,,00,4,0,0.00,
10425,211,908,00,,00,5,0,0.00,
10426,211,913,00,,00,5,0,0.00,
10427,211,1593,00,,00,6,0,0.00,
10428,211,1255,00,,00,6,0,0.00,
10429,211,918,00,,00,7,0,0.00,
10430,211,1081,00,,00,7,0,0.00,
10431,211,1214,00,,00,8,0,0.00,
10432,211,1425,00,,00,8,0,0.00,
10433,211,933,00,,00,9,0,0.00,
10434,211,1312,00,,00,9,0,0.00,
10435,211,1313,00,,00,10,0,0.00,
10436,211,1597,00,,00,10,0,0.00,
10437,211,1590,00,,00,11,0,0.00,
10438,211,1430,00,,00,11,0,0.00,
10439,211,936,00,,00,12,0,0.00,
10440,211,928,00,,00,12,0,0.00,
10441,211,1598,00,,00,13,0,0.00,
10442,211,1599,00,,00,13,0,0.00,
10443,212,923,00,,00,1,0,49.00,
10444,212,145,00,,00,1,0,49.00,
10445,212,470,00,,00,2,0,47.10,
10446,212,909,00,,00,2,0,47.10,
10447,212,908,00,,00,3,0,46.20,
10448,212,913,00,,00,3,0,46.20,
10449,212,934,00,,00,4,0,41.00,
10450,212,930,00,,00,4,0,41.00,
10451,212,1408,00,,00,5,0,36.10,
10452,212,1409,00,,00,5,0,36.10,
10453,212,1412,00,,00,6,0,32.90,
10454,212,1413,00,,00,6,0,32.90,
10455,212,1430,02,A,00,1,0,63.70,
10456,212,923,02,A,00,1,0,63.70,
10457,212,913,02,A,00,2,0,55.70,
10458,212,908,02,A,00,2,0,55.70,
10459,212,1408,02,A,00,3,0,46.10,
10460,212,1409,02,A,00,3,0,46.10,
10461,212,1255,02,A,00,4,0,38.70,
10462,212,1425,02,A,00,4,0,38.70,
10463,212,909,02,B,00,1,0,61.50,
10464,212,470,02,B,00,1,0,61.50,
10465,212,930,02,B,00,2,0,54.90,
10466,212,934,02,B,00,2,0,54.90,
10467,212,1412,02,B,00,3,0,50.20,
10468,212,1413,02,B,00,3,0,50.20,
10469,212,1253,02,B,00,4,0,49.70,
10470,212,1256,02,B,00,4,0,49.70,
10471,212,927,02,B,00,5,0,45.90,
10472,212,1068,02,B,00,5,0,45.90,
10473,213,1459,00,2,00,7,0,44.43,
10474,213,1603,00,2,00,7,0,44.43,
10475,213,1251,00,2,00,8,0,39.74,
10476,213,1245,00,2,00,8,0,39.74,
10477,213,1406,00,2,00,9,0,31.72,
10478,213,1461,00,2,00,9,0,31.72,
10479,213,1456,00,2,00,10,0,30.64,
10480,213,1438,00,2,00,10,0,30.64,
10481,213,1458,00,2,00,11,0,30.01,
10482,213,1247,00,2,00,11,0,30.01,
10483,213,1250,00,2,00,12,0,19.62,
10484,213,1602,00,2,00,12,0,19.62,
10485,156,384,00,,00,1,0,0.00,
10486,156,508,00,,00,1,0,0.00,
10487,156,75,00,,00,2,0,0.00,
10488,156,701,00,,00,2,0,0.00,
10489,156,630,00,,00,3,0,0.00,
10490,156,712,00,,00,3,0,0.00,
10491,156,365,00,,00,4,0,0.00,
10492,156,850,00,,00,4,0,0.00,
10493,156,215,00,,00,5,0,0.00,
10494,156,471,00,,00,5,0,0.00,
10495,156,347,00,,00,6,0,0.00,
10496,156,366,00,,00,6,0,0.00,
10497,156,733,00,,00,7,0,0.00,
10498,156,1604,00,,00,7,0,0.00,
10499,156,630,00,,01,1,0,0.00,
10500,156,857,00,,01,2,0,0.00,
10501,156,1344,00,,01,3,0,0.00,
10502,156,956,00,,09,1,0,0.00,
10503,194,411,00,,00,1,0,0.00,
10504,194,30,00,,00,1,0,0.00,
10505,194,1193,00,,00,2,0,0.00,
10506,194,105,00,,00,2,0,0.00,
10507,194,389,00,,00,3,0,0.00,
10508,194,53,00,,00,3,0,0.00,
10509,194,703,00,,00,4,0,0.00,
10510,194,410,00,,00,4,0,0.00,
10511,194,49,00,,00,5,0,0.00,
10512,194,1198,00,,00,5,0,0.00,
10513,204,1081,00,,00,1,0,23.20,
10514,204,1214,00,,00,1,0,23.20,
10515,204,923,00,,00,2,0,22.50,
10516,204,1425,00,,00,2,0,22.50,
10517,204,145,00,,00,3,0,20.10,
10518,204,1424,00,,00,4,0,20.00,
10519,204,911,00,,00,4,0,20.00,
10520,204,1605,00,,00,3,0,20.10,
10521,204,911,00,,02,1,0,15.80,
10522,204,1417,00,,02,1,0,15.80,
10523,204,1605,00,,02,1,0,15.80,
10524,204,1214,00,,02,2,0,14.90,
10525,204,1410,00,,02,2,0,14.90,
10526,204,145,00,,02,3,0,14.90,
10527,204,1411,00,,02,3,0,14.90,
10528,204,1433,00,,02,3,0,14.90,
10529,204,1424,00,,02,4,0,14.30,
10530,204,1425,00,,02,4,0,14.30,
10531,204,1606,00,,02,2,0,14.90,
10532,204,1607,00,,02,4,0,14.30,
10533,204,1081,02,A,00,1,0,21.20,
10534,204,1214,02,A,00,1,0,21.20,
10535,204,145,02,A,00,2,0,19.40,
10536,204,1605,02,A,00,2,0,19.40,
10537,204,1261,02,A,00,3,0,13.30,
10538,204,1417,02,A,00,3,0,13.30,
10539,204,1411,02,A,00,4,0,13.10,
10540,204,1410,02,A,00,4,0,13.10,
10541,204,923,02,B,00,1,0,22.50,
10542,204,1425,02,B,00,1,0,22.50,
10543,204,1424,02,B,00,2,0,22.10,
10544,204,911,02,B,00,2,0,22.10,
10545,204,1409,02,B,00,3,0,19.70,
10546,204,1408,02,B,00,3,0,19.70,
10547,204,1253,02,B,00,4,0,17.50,
10548,204,1256,02,B,00,4,0,17.50,
10549,204,1429,02,B,00,5,0,17.40,
10550,204,1428,02,B,00,5,0,17.40,
10551,204,1081,04,A,00,1,0,23.30,
10552,204,1214,04,A,00,1,0,23.30,
10553,204,1424,04,A,00,2,0,18.80,
10554,204,911,04,A,00,2,0,18.80,
10555,204,1411,04,A,00,3,0,16.00,
10556,204,1410,04,A,00,3,0,16.00,
10557,204,1429,04,A,00,4,0,14.30,
10558,204,1428,04,A,00,4,0,14.30,
10559,204,1606,04,A,00,5,0,12.40,
10560,204,1414,04,A,00,5,0,12.40,
10561,204,1433,04,A,00,6,0,11.30,
10562,204,1608,04,A,00,6,0,11.30,
10563,204,145,04,B,00,1,1,22.90,
10564,204,1605,04,B,00,1,1,22.90,
10565,204,923,04,B,00,2,1,22.90,
10566,204,1425,04,B,00,2,1,22.90,
10567,204,1409,04,B,00,3,0,19.70,
10568,204,1408,04,B,00,3,0,19.70,
10569,204,1261,04,B,00,4,4,18.90,
10570,204,1417,04,B,00,4,4,18.90,
10571,204,1253,04,B,00,5,4,18.90,
10572,204,923,04,B,00,5,4,18.90,
10573,204,1420,04,B,00,6,0,18.30,
10574,204,1427,04,B,00,6,0,18.30,
10575,204,1115,04,B,00,7,0,17.30,
10576,204,1607,04,B,00,7,0,17.30,
10577,204,1425,02,A,02,1,0,17.20,
10578,204,1424,02,A,02,1,0,17.20,
10579,204,1607,02,A,02,1,0,17.20,
10580,204,1214,02,A,02,2,0,16.60,
10581,204,1410,02,A,02,2,0,16.60,
10582,204,1606,02,A,02,2,0,16.60,
10583,204,1427,02,A,02,3,0,15.40,
10584,204,1253,02,A,02,3,0,15.40,
10585,204,1256,02,A,02,3,0,15.40,
10586,204,1409,02,A,02,4,0,12.90,
10587,204,1261,02,A,02,4,0,12.90,
10588,204,1414,02,A,02,4,0,12.90,
10589,204,911,02,B,02,1,0,16.30,
10590,204,1417,02,B,02,1,0,16.30,
10591,204,1605,02,B,02,1,0,16.30,
10592,204,145,02,B,02,2,0,15.30,
10593,204,1411,02,B,02,2,0,15.30,
10594,204,1433,02,B,02,2,0,15.30,
10595,204,923,02,B,02,3,0,14.20,
10596,204,1608,02,B,02,3,0,14.20,
10597,204,1081,02,B,02,4,0,14.00,
10598,204,1420,02,B,02,4,0,14.00,
10599,204,1115,02,B,02,4,0,14.00,
10600,204,1609,02,B,02,3,0,14.20,
10601,207,923,00,,00,1,0,64.90,
10602,207,1077,00,,00,1,0,64.90,
10603,207,411,00,,00,2,0,63.20,
10604,207,30,00,,00,2,0,63.20,
10605,207,1076,00,,00,3,3,62.80,
10606,207,1244,00,,00,3,3,62.80,
10607,207,908,00,,00,4,3,62.80,
10608,207,410,00,,00,4,3,62.80,
10609,207,914,00,,00,5,0,56.60,
10610,207,1081,00,,00,5,0,56.60,
10611,207,1424,00,,00,6,0,46.60,
10612,207,1425,00,,00,6,0,46.60,
10613,207,1230,00,,00,7,0,46.30,
10614,207,1401,00,,00,7,0,46.30,
10615,207,145,00,,00,8,0,46.20,
10616,207,1431,00,,00,8,0,46.20,
10617,207,908,00,,02,1,0,56.20,
10618,207,1076,00,,02,1,0,56.20,
10619,207,410,00,,02,1,0,56.20,
10620,207,923,00,,02,2,0,55.80,
10621,207,145,00,,02,2,0,55.80,
10622,207,1245,00,,02,2,0,55.80,
10623,207,411,00,,02,3,0,55.10,
10624,207,30,00,,02,3,0,55.10,
10625,207,1193,00,,02,3,0,55.10,
10626,207,918,00,,02,4,0,54.70,
10627,207,914,00,,02,4,0,54.70,
10628,207,1081,00,,02,4,0,54.70,
10629,207,1240,00,,02,5,0,46.80,
10630,207,1241,00,,02,5,0,46.80,
10631,207,1244,00,,02,5,0,46.80,
10632,207,1224,00,,02,6,0,44.80,
10633,207,1225,00,,02,6,0,44.80,
10634,207,1229,00,,02,7,0,42.30,
10635,207,1228,00,,02,7,0,42.30,
10636,207,1557,00,,02,7,0,42.30,
10637,207,1611,00,,02,6,0,44.80,
10638,207,411,02,A,02,1,0,0.00,
10639,207,30,02,A,02,1,0,0.00,
10640,207,1193,02,A,02,1,0,0.00,
10641,207,908,02,A,02,2,0,0.00,
10642,207,1479,02,A,02,2,0,0.00,
10643,207,1076,02,A,02,2,0,0.00,
10644,207,1224,02,A,02,3,3,0.00,
10645,207,1611,02,A,02,3,3,0.00,
10646,207,1225,02,A,02,3,3,0.00,
10647,207,1228,02,A,02,4,3,0.00,
10648,207,1229,02,A,02,4,3,0.00,
10649,207,1557,02,A,02,4,3,0.00,
10650,207,1216,02,A,02,5,0,0.00,
10651,207,1215,02,A,02,5,0,0.00,
10652,207,1217,02,A,02,5,0,0.00,
10653,207,923,02,B,02,1,0,0.00,
10654,207,145,02,B,02,1,0,0.00,
10655,207,1245,02,B,02,1,0,0.00,
10656,207,918,02,B,02,2,0,0.00,
10657,207,914,02,B,02,2,0,0.00,
10658,207,1081,02,B,02,2,0,0.00,
10659,207,1240,02,B,02,3,0,0.00,
10660,207,1241,02,B,02,3,0,0.00,
10661,207,1244,02,B,02,3,0,0.00,
10662,207,934,02,B,02,4,0,0.00,
10663,207,1593,02,B,02,4,0,0.00,
10664,207,1077,02,B,02,4,0,0.00,
10665,207,1230,02,B,02,5,0,0.00,
10666,207,1401,02,B,02,5,0,0.00,
10667,207,1554,02,B,02,5,0,0.00,
10668,207,1067,02,B,02,6,0,0.00,
10669,207,1280,02,B,02,6,0,0.00,
10670,207,1243,02,B,02,6,0,0.00,
10671,207,908,02,A,00,1,0,0.00,
10672,207,410,02,A,00,1,0,0.00,
10673,207,411,02,A,00,2,0,0.00,
10674,207,30,02,A,00,2,0,0.00,
10675,207,1253,02,A,00,3,0,0.00,
10676,207,1077,02,A,00,3,0,0.00,
10677,207,1230,02,A,00,4,0,0.00,
10678,207,1401,02,A,00,4,0,0.00,
10679,207,1228,02,A,00,5,0,0.00,
10680,207,1229,02,A,00,5,0,0.00,
10681,207,1220,02,A,00,6,0,0.00,
10682,207,1115,02,A,00,6,0,0.00,
10683,207,1067,02,A,00,7,0,0.00,
10684,207,1554,02,A,00,7,0,0.00,
10685,207,934,02,A,00,8,0,0.00,"Did not play."
10686,207,1593,02,A,00,8,0,0.00,
10687,207,1076,02,B,00,1,0,0.00,
10688,207,1244,02,B,00,1,0,0.00,
10689,207,914,02,B,00,2,0,0.00,
10690,207,1081,02,B,00,2,0,0.00,
10691,207,1424,02,B,00,3,0,0.00,
10692,207,1425,02,B,00,3,0,0.00,
10693,207,145,02,B,00,4,0,0.00,
10694,207,1431,02,B,00,4,0,0.00,
10695,207,1225,02,B,00,5,0,0.00,
10696,207,1611,02,B,00,5,0,0.00,
10697,207,1193,02,B,00,6,0,0.00,
10698,207,1224,02,B,00,6,0,0.00,
10699,207,1232,02,B,00,7,0,0.00,
10700,207,1233,02,B,00,7,0,0.00,
10701,207,1280,02,B,00,8,0,0.00,
10702,207,1243,02,B,00,8,0,0.00,
10703,199,909,00,,00,1,0,0.00,
10704,199,470,00,,00,1,0,0.00,
10705,199,1106,00,,00,2,0,0.00,
10706,199,923,00,,00,2,0,0.00,
10707,199,1613,00,,00,3,0,0.00,
10708,199,1614,00,,00,3,0,0.00,
10709,199,1244,00,,00,4,0,0.00,
10710,199,1102,00,,00,4,0,0.00,
10711,199,1255,00,,00,5,0,0.00,
10712,199,1190,00,,00,5,0,0.00,
10713,199,1191,00,,00,6,0,0.00,
10714,199,1615,00,,00,6,0,0.00,
10715,199,1428,00,,00,7,0,0.00,
10716,199,1429,00,,00,7,0,0.00,
10717,199,1111,00,,00,8,0,0.00,
10718,199,1616,00,,00,8,0,0.00,
10719,101,839,00,,00,1,0,0.00,
10720,101,1232,00,,00,1,0,0.00,
10721,101,923,00,,00,2,0,0.00,
10722,101,1255,00,,00,2,0,0.00,
10723,101,1230,00,,00,3,0,0.00,
10724,101,1401,00,,00,3,0,0.00,
10725,101,470,00,,00,4,0,0.00,
10726,101,1404,00,,00,4,0,0.00,
10727,101,1067,00,,00,5,0,0.00,
10728,101,1076,00,,00,5,0,0.00,
10729,101,1242,00,,00,6,0,0.00,
10730,101,1244,00,,00,6,0,0.00,
10731,101,1241,00,,00,7,0,0.00,
10732,101,1240,00,,00,7,0,0.00,
10733,101,1461,00,,00,8,0,0.00,
10734,101,1246,00,,00,8,0,0.00,
10735,101,1228,00,,00,9,0,0.00,
10736,101,1229,00,,00,9,0,0.00,
10737,101,1554,00,,00,10,0,0.00,
10738,101,1245,00,,00,11,0,0.00,
10739,101,1405,00,,00,12,0,0.00,
10740,101,1065,00,,00,12,0,0.00,
10741,101,1233,00,,00,13,0,0.00,
10742,101,1617,00,,00,13,0,0.00,
10743,101,1459,00,,00,14,0,0.00,
10744,101,1603,00,,00,14,0,0.00,
10745,101,1609,00,,00,15,0,0.00,
10746,101,1250,00,,00,15,0,0.00,
10747,101,1619,00,,00,10,0,0.00,
10748,101,1618,00,,00,11,0,0.00,
10749,155,470,00,,00,1,0,70.50,
10750,155,909,00,,00,1,0,70.50,
10751,155,370,00,,00,2,0,67.30,
10752,155,911,00,,00,2,0,67.30,
10753,155,923,00,,00,3,0,65.40,
10754,155,1106,00,,00,3,0,65.40,
10755,155,145,00,,00,4,0,62.80,
10756,155,913,00,,00,4,0,62.80,
10757,155,930,00,,00,5,0,57.30,
10758,155,934,00,,00,5,0,57.30,
10759,155,1081,00,,00,6,0,54.00,
10760,155,914,00,,00,6,0,54.00,
10761,155,370,00,,02,1,0,71.10,
10762,155,470,00,,02,1,0,71.10,
10763,155,145,00,,02,1,0,71.10,
10764,155,912,00,,02,2,0,62.80,
10765,155,913,00,,02,2,0,62.80,
10766,155,927,00,,02,2,0,62.80,
10767,155,1314,00,,02,3,0,57.30,
10768,155,1214,00,,02,3,0,57.30,
10769,155,909,00,,02,3,0,57.30,
10770,155,914,00,,02,4,0,52.40,
10771,155,1081,00,,02,4,0,52.40,
10772,155,911,00,,02,4,0,52.40,
10773,155,470,02,,00,1,0,72.00,"Top 6 teams make finals"
10774,155,909,02,,00,1,0,72.00,
10775,155,370,02,,00,2,0,66.00,
10776,155,911,02,,00,2,0,66.00,
10777,155,145,02,,00,3,0,65.10,
10778,155,913,02,,00,3,0,65.10,
10779,155,923,02,,00,4,0,63.70,
10780,155,1106,02,,00,4,0,63.70,
10781,155,1081,02,,00,5,0,58.70,
10782,155,914,02,,00,5,0,58.70,
10783,155,930,02,,00,6,0,54.90,
10784,155,934,02,,00,6,0,54.90,
10785,155,1080,02,,00,7,0,52.30,
10786,155,1605,02,,00,7,0,52.30,
10787,155,925,02,,00,8,0,49.90,
10788,155,933,02,,00,8,0,49.90,
10789,155,370,02,A,02,1,0,65.90,
10790,155,470,02,A,02,1,0,65.90,
10791,155,145,02,A,02,1,0,65.90,
10792,155,1314,02,A,02,2,0,61.40,
10793,155,1214,02,A,02,2,0,61.40,
10794,155,909,02,A,02,2,0,61.40,
10795,155,1253,02,A,02,3,0,58.40,
10796,155,1255,02,A,02,3,0,58.40,
10797,155,1106,02,A,02,3,0,58.40,
10798,155,930,02,A,02,4,0,58.00,
10799,155,934,02,A,02,4,0,58.00,
10800,155,1077,02,A,02,4,0,58.00,
10801,155,1408,02,A,02,5,0,43.30,
10802,155,1409,02,A,02,5,0,43.30,
10803,155,1424,02,A,02,5,0,43.30,
10804,155,914,02,B,02,1,0,59.60,
10805,155,1081,02,B,02,1,0,59.60,
10806,155,911,02,B,02,1,0,59.60,
10807,155,912,02,B,02,2,0,57.40,
10808,155,913,02,B,02,2,0,57.40,
10809,155,927,02,B,02,2,0,57.40,
10810,155,1230,02,B,02,3,0,49.50,
10811,155,1401,02,B,02,3,0,49.50,
10812,155,1228,02,B,02,3,0,49.50,
10813,155,925,02,B,02,4,0,49.40,
10814,155,933,02,B,02,4,0,49.40,
10815,155,1242,02,B,02,4,0,49.40,
10816,155,1067,02,B,02,5,0,49.20,
10817,155,1605,02,B,02,5,0,49.20,
10818,155,1080,02,B,02,5,0,49.20,
10819,155,1411,02,B,02,6,0,34.00,
10820,155,1410,02,B,02,6,0,34.00,
10821,155,1425,02,B,02,6,0,34.00,
10822,155,470,04,A,00,1,0,70.60,"Top Three Teams Advance To Semifinals"
10823,155,909,04,A,00,1,0,70.60,
10824,155,923,04,A,00,2,0,70.00,
10825,155,1106,04,A,00,2,0,70.00,
10826,155,1081,04,A,00,3,0,60.30,
10827,155,914,04,A,00,3,0,60.30,
10828,155,1314,04,A,00,4,0,55.80,
10829,155,1214,04,A,00,4,0,55.80,
10830,155,1242,04,A,00,5,0,54.70,
10831,155,1067,04,A,00,5,0,54.70,
10832,155,309,04,A,00,6,0,54.00,
10833,155,1401,04,A,00,6,0,54.00,
10834,155,1080,04,A,00,7,0,52.70,
10835,155,1605,04,A,00,7,0,52.70,
10836,155,1411,04,A,00,8,0,46.70,
10837,155,1410,04,A,00,8,0,46.70,
10838,155,370,04,B,00,1,0,68.90,"Top 3 teams advance to semifinals"
10839,155,911,04,B,00,1,0,68.90,
10840,155,1430,04,B,00,2,0,68.10,
10841,155,913,04,B,00,2,0,68.10,
10842,155,930,04,B,00,3,0,63.80,
10843,155,934,04,B,00,3,0,63.80,
10844,155,912,04,B,00,4,0,55.90,
10845,155,1077,04,B,00,4,0,55.90,
10846,155,925,04,B,00,5,0,54.90,
10847,155,933,04,B,00,5,0,54.90,
10848,155,1408,04,B,00,6,0,49.60,
10849,155,1409,04,B,00,6,0,49.60,
10850,155,1229,04,B,00,7,0,48.80,
10851,155,1228,04,B,00,7,0,48.80,
10852,155,927,04,B,00,8,0,41.80,
10853,155,1424,04,B,00,8,0,41.80,
10854,155,1255,04,B,00,9,0,41.10,
10855,155,1425,04,B,00,9,0,41.10,
10856,155,1080,03,,00,1,0,54.70,
10857,155,1605,03,,00,1,0,54.70,
10858,155,925,03,,00,2,0,52.20,
10859,155,933,03,,00,2,0,52.20,
10860,155,1408,03,,00,3,3,50.40,
10861,155,1409,03,,00,3,3,50.40,
10862,155,1314,03,,00,4,3,50.40,
10863,155,1214,03,,00,4,3,50.40,
10864,155,912,03,,00,5,0,50.20,
10865,155,1077,03,,00,5,0,50.20,
10866,155,1242,03,,00,6,0,49.80,
10867,155,1067,03,,00,6,0,49.80,
10868,155,1229,03,,00,7,0,49.10,
10869,155,1228,03,,00,7,0,49.10,
10870,155,1255,03,,00,8,0,48.70,
10871,155,1425,03,,00,8,0,48.70,
10872,155,927,03,,00,9,0,48.30,
10873,155,1424,03,,00,9,0,48.30,
10874,155,309,03,,00,10,0,47.30,
10875,155,1401,03,,00,10,0,47.30,
10876,155,1410,03,,00,11,0,40.20,
10877,155,1411,03,,00,11,0,40.20,
10878,469,280,00,,06,1,0,0.00,
10879,469,470,00,,06,1,0,0.00,
10880,469,968,00,,06,2,0,0.00,
10881,469,430,00,,06,2,0,0.00,
10882,469,1237,00,,06,3,0,0.00,
10883,469,1201,00,,06,3,0,0.00,
10884,469,1204,00,,06,3,0,0.00,
10885,469,162,00,,06,4,0,0.00,
10886,469,471,00,,06,4,0,0.00,
10887,470,969,00,,00,1,0,0.00,
10888,470,970,00,,00,1,0,0.00,
10889,470,1078,00,,00,2,0,0.00,
10890,470,1082,00,,00,2,0,0.00,
10891,470,1227,00,,00,3,0,0.00,
10892,470,1620,00,,00,3,0,0.00,
10893,470,1621,00,,00,4,0,0.00,
10894,470,1622,00,,00,4,0,0.00,
10895,214,909,02,A,00,1,0,63.70,
10896,214,927,02,A,00,1,0,63.70,
10897,214,145,02,A,00,2,0,62.70,
10898,214,923,02,A,00,2,0,62.70,
10899,214,1314,02,A,00,3,0,60.20,
10900,214,1214,02,A,00,3,0,60.20,
10901,214,933,02,A,00,4,0,55.10,
10902,214,925,02,A,00,4,0,55.10,
10903,214,1422,02,A,00,5,0,48.70,
10904,214,1423,02,A,00,5,0,48.70,
10905,214,1424,02,A,00,6,0,46.50,
10906,214,926,02,A,00,6,0,46.50,
10907,214,1624,02,A,00,7,0,40.90,
10908,214,1430,02,A,00,7,0,40.90,
10909,214,470,02,B,00,1,0,68.80,
10910,214,908,02,B,00,1,0,68.80,
10911,214,1081,02,B,00,2,0,60.20,
10912,214,911,02,B,00,2,0,60.20,
10913,214,1593,02,B,00,3,0,58.00,
10914,214,930,02,B,00,3,0,58.00,
10915,214,1425,02,B,00,4,0,54.90,
10916,214,934,02,B,00,4,0,54.90,
10917,214,1414,02,B,00,5,0,45.50,
10918,214,1421,02,B,00,5,0,45.50,
10919,214,918,02,B,00,6,0,40.40,
10920,214,1590,02,B,00,6,0,40.40,
10921,214,1255,02,B,00,7,0,37.10,
10922,214,1418,02,B,00,7,0,37.10,
10923,214,470,00,,00,1,0,69.80,
10924,214,908,00,,00,1,0,69.80,
10925,214,909,00,,00,2,0,62.30,
10926,214,927,00,,00,2,0,62.30,
10927,214,145,00,,00,3,0,61.80,
10928,214,923,00,,00,3,0,61.80,
10929,214,1081,00,,00,4,0,58.00,
10930,214,911,00,,00,4,0,58.00,
10931,214,1593,00,,00,5,0,55.60,
10932,214,930,00,,00,5,0,55.60,
10933,214,1314,00,,00,6,0,55.00,
10934,214,1214,00,,00,6,0,55.00,
10935,214,1425,00,,00,7,0,48.90,
10936,214,934,00,,00,7,0,48.90,
10937,214,933,00,,00,8,0,45.30,
10938,214,925,00,,00,8,0,45.30,
10939,474,2,00,,06,1,0,0.00,
10940,474,1075,00,,06,1,0,0.00,
10941,474,1071,00,,06,1,0,0.00,
10942,474,823,00,,06,2,0,0.00,
10943,474,824,00,,06,2,0,0.00,
10944,474,363,00,,06,3,0,0.00,
10945,474,1085,00,,06,3,0,0.00,
10946,474,236,00,,06,3,0,0.00,
10947,474,204,00,,06,4,0,0.00,
10948,474,1058,00,,06,4,0,0.00,
10949,474,1086,00,,06,5,0,0.00,
10950,474,747,00,,06,5,0,0.00,
10951,474,1057,00,,06,5,0,0.00,
10952,474,1099,00,,01,1,0,0.00,
10953,474,1626,00,,01,2,0,0.00,
10954,474,1627,00,,01,2,0,0.00,
10955,475,1060,00,,06,1,0,0.00,
10956,475,821,00,,06,1,0,0.00,
10957,475,403,00,,06,2,0,0.00,
10958,475,2,00,,06,2,0,0.00,
10959,475,1073,00,,06,3,0,0.00,
10960,475,1075,00,,06,3,0,0.00,
10961,475,280,00,,06,4,0,0.00,
10962,475,1,00,,06,4,0,0.00,
10963,475,1628,00,,06,4,0,0.00,
10964,475,387,00,,06,5,0,0.00,
10965,475,1071,00,,06,5,0,0.00,
10966,475,1061,00,,01,1,0,0.00,
10967,475,1062,00,,01,1,0,0.00,
10968,475,1629,00,,01,3,0,0.00,
10969,475,1101,00,,11,1,0,0.00,
10970,476,204,00,,06,1,0,0.00,
10971,476,236,00,,06,1,0,0.00,
10972,476,823,00,,06,2,0,0.00,
10973,476,824,00,,06,2,0,0.00,
10974,476,747,00,,06,3,0,0.00,
10975,476,363,00,,06,3,0,0.00,
10976,476,821,00,,06,3,0,0.00,
10977,476,1086,00,,06,4,0,0.00,
10978,476,362,00,,06,4,0,0.00,
10979,476,1120,00,,06,5,0,0.00,
10980,476,1630,00,,06,5,0,0.00,
10981,476,1099,00,,01,1,0,0.00,
10982,476,1631,00,,01,2,0,0.00,
10983,476,1626,00,,01,3,0,0.00,
10984,476,1627,00,,01,3,0,0.00,
10985,476,1100,00,,11,1,0,0.00,
10986,477,821,00,,06,1,0,0.00,
10987,477,427,00,,06,1,0,0.00,
10988,477,2,00,,06,2,0,0.00,
10989,477,403,00,,06,2,0,0.00,
10990,477,1071,00,,06,3,0,0.00,
10991,477,1072,00,,06,3,0,0.00,
10992,477,387,00,,06,3,0,0.00,
10993,477,280,00,,06,4,0,0.00,
10994,477,890,00,,06,4,0,0.00,
10995,477,1075,00,,06,5,0,0.00,
10996,477,1073,00,,06,5,0,0.00,
10997,477,1061,00,,01,1,0,0.00,
10998,477,1062,00,,01,1,0,0.00,
10999,477,1074,00,,01,3,0,0.00,
11000,477,1064,00,,19,1,0,0.00,
11001,485,387,00,,06,1,0,0.00,"Under headlights!"
11002,485,2,00,,06,1,0,0.00,
11003,485,204,00,,06,2,0,0.00,"This team paddidled a bunch!"
11004,485,236,00,,06,2,0,0.00,
11005,485,363,00,,06,2,0,0.00,
11006,485,1075,00,,06,3,0,0.00,
11007,485,1073,00,,06,3,0,0.00,
11008,485,1679,00,,06,4,0,0.00,"Or is it Sevenson?"
11009,485,1071,00,,06,4,0,0.00,
11010,485,1072,00,,06,5,0,0.00,
11011,485,777,00,,06,5,0,0.00,
11012,485,1074,00,,01,1,0,0.00,
11013,485,677,00,,01,1,0,0.00,
11014,485,1062,00,,01,2,0,0.00,
11015,485,1061,00,,01,2,0,0.00,
11016,485,108,00,,11,2,0,0.00,
11017,485,1064,00,,13,1,0,0.00,
11018,485,1101,00,,13,2,0,0.00,
11019,485,1634,00,,11,1,0,0.00,
11020,486,550,00,,00,1,0,0.00,
11021,486,1635,00,,00,1,0,0.00,
11022,486,1088,00,,00,2,0,0.00,
11023,486,1638,00,,00,3,0,0.00,
11024,486,1636,00,,00,3,0,0.00,
11025,486,1093,00,,00,4,0,0.00,
11026,486,1639,00,,00,4,0,0.00,
11027,486,1640,00,,00,2,0,0.00,
11028,487,210,00,,06,1,0,0.00,
11029,487,1641,00,,06,1,0,0.00,
11030,487,1642,00,,06,2,0,0.00,
11031,487,1643,00,,06,2,0,0.00,
11032,488,210,00,,00,1,0,0.00,
11033,488,1645,00,,00,1,0,0.00,
11034,488,1646,00,,00,2,0,0.00,
11035,488,1647,00,,00,2,0,0.00,
11036,488,834,00,,00,3,0,0.00,
11037,488,1651,00,,00,4,0,0.00,
11038,488,1041,00,,00,4,0,0.00,
11039,488,1652,00,,00,5,0,0.00,
11040,488,1643,00,,00,5,0,0.00,
11041,488,1653,00,,00,3,0,0.00,
11042,488,1648,00,,01,1,0,0.00,
11043,488,1644,00,,01,1,0,0.00,
11044,488,1650,00,,01,2,0,0.00,
11045,488,1649,00,,01,2,0,0.00,
11046,488,834,00,,02,1,0,0.00,
11047,488,210,00,,02,1,0,0.00,
11048,488,1645,00,,02,1,0,0.00,
11049,488,1646,00,,02,2,0,0.00,
11050,488,1647,00,,02,2,0,0.00,
11051,488,1653,00,,02,2,0,0.00,
11052,488,1651,00,,02,3,0,0.00,
11053,488,1041,00,,02,3,0,0.00,
11054,488,1643,00,,02,3,0,0.00,
11055,488,1644,00,,03,1,0,0.00,
11056,488,1645,00,,03,1,0,0.00,
11057,488,1651,00,,03,2,0,0.00,
11058,488,1654,00,,03,2,0,0.00,
11059,488,1655,00,,03,3,0,0.00,
11060,488,210,00,,03,3,0,0.00,
11061,489,210,00,,06,1,0,0.00,
11062,489,1656,00,,06,1,0,0.00,
11063,489,1641,00,,06,2,0,0.00,
11064,489,1651,00,,06,2,0,0.00,"Also B Rorsson"
11065,489,389,00,,06,3,0,0.00,"& Gustavsson"
11066,490,210,00,,06,1,0,0.00,
11067,490,1641,00,,06,1,0,0.00,
11068,490,1646,00,,06,2,0,0.00,
11069,490,1647,00,,06,2,0,0.00,
11070,490,1657,00,,06,3,0,0.00,
11071,490,1658,00,,06,3,0,0.00,
11072,490,1656,00,,06,3,0,0.00,
11073,490,1653,00,,06,4,0,0.00,
11074,490,618,00,,06,4,0,0.00,"Or is it Roland Persson?"
11075,490,401,00,,06,5,0,0.00,"Or is is Lars Jonsson?"
11076,490,1642,00,,06,5,0,0.00,
11077,491,1646,00,,00,1,0,0.00,
11078,491,1647,00,,00,1,0,0.00,
11079,491,1643,00,,00,2,0,0.00,
11080,491,834,00,,00,2,0,0.00,
11081,491,1652,00,,00,3,0,0.00,
11082,491,1656,00,,00,3,0,0.00,
11083,491,210,00,,00,4,0,0.00,
11084,491,1641,00,,00,4,0,0.00,
11085,491,1659,00,,01,1,0,0.00,
11086,491,1655,00,,01,1,0,0.00,
11087,491,1648,00,,01,2,0,0.00,
11088,491,1644,00,,01,2,0,0.00,
11089,491,1649,00,,01,3,0,0.00,
11090,491,1650,00,,01,3,0,0.00,
11091,492,1188,00,,02,1,0,0.00,"Played to Pinball Wizard - The Who"
11092,492,212,00,,02,1,0,0.00,
11093,492,236,00,,02,1,0,0.00,
11094,492,363,00,,02,2,0,0.00,
11095,492,747,00,,02,2,0,0.00,
11096,492,387,00,,02,2,0,0.00,
11097,492,1660,00,,02,3,0,0.00,
11098,492,880,00,,02,3,0,0.00,
11099,492,126,00,,02,3,0,0.00,
11100,492,370,00,,02,4,0,0.00,
11101,492,569,00,,02,4,0,0.00,"Toe Jams"
11102,492,1661,00,,02,4,0,0.00,"Toe Jams"
11103,492,876,00,,02,5,0,0.00,
11104,492,1662,00,,02,5,0,0.00,
11105,492,362,00,,02,5,0,0.00,
11106,492,823,00,,02,6,0,0.00,
11107,492,824,00,,02,6,0,0.00,
11108,492,427,00,,02,6,0,0.00,
11109,492,1663,00,,01,1,0,0.00,
11110,492,1543,00,,01,1,0,0.00,
11111,492,1664,00,,01,2,0,0.00,
11112,492,1665,00,,01,2,0,0.00,
11113,492,677,00,,01,2,0,0.00,
11114,492,1177,00,,01,3,0,0.00,
11115,492,426,00,,01,3,0,0.00,
11116,493,210,00,,00,1,0,0.00,
11117,493,1641,00,,00,1,0,0.00,
11118,493,1657,00,,00,2,0,0.00,
11119,493,1658,00,,00,2,0,0.00,
11120,493,1646,00,,00,3,0,0.00,
11121,493,1647,00,,00,3,0,0.00,
11122,493,1652,00,,00,4,0,0.00,
11123,493,1656,00,,00,4,0,0.00,
11124,493,1644,00,,03,1,0,0.00,
11125,493,210,00,,03,1,0,0.00,
11126,493,1648,00,,03,2,2,0.00,
11127,493,1658,00,,03,2,2,0.00,
11128,493,1659,00,,03,3,2,0.00,
11129,493,1641,00,,03,3,2,0.00,
11130,493,1657,00,,02,1,0,0.00,
11131,493,1658,00,,02,1,0,0.00,
11132,493,1656,00,,02,1,0,0.00,
11133,493,210,00,,02,2,0,0.00,
11134,493,1641,00,,02,2,0,0.00,
11135,493,834,00,,02,2,0,0.00,
11136,493,1646,00,,02,3,0,0.00,
11137,493,1647,00,,02,3,0,0.00,
11138,493,1651,00,,02,3,0,0.00,
11139,493,1644,00,,01,1,0,0.00,
11140,493,1648,00,,01,1,0,0.00,
11141,493,1650,00,,01,2,0,0.00,
11142,493,1649,00,,01,2,0,0.00,
11143,493,1654,00,,01,3,0,0.00,
11144,493,1666,00,,01,3,0,0.00,
11145,494,280,00,,00,1,0,0.00,
11146,494,387,00,,00,1,0,0.00,
11147,494,363,00,,00,2,0,0.00,
11148,494,693,00,,00,2,0,0.00,
11149,494,747,00,,00,3,0,0.00,
11150,494,1073,00,,00,4,0,0.00,
11151,494,821,00,,00,4,0,0.00,
11152,494,1188,00,,00,5,0,0.00,
11153,494,212,00,,00,5,0,0.00,
11154,494,823,00,,00,6,0,0.00,
11155,494,824,00,,00,6,0,0.00,
11156,494,1660,00,,00,7,0,0.00,
11157,494,126,00,,00,7,0,0.00,
11158,494,236,00,,00,8,0,0.00,
11159,494,1075,00,,00,8,0,0.00,
11160,494,1667,00,,00,3,0,0.00,
11161,494,1665,00,,01,1,0,0.00,
11162,494,1664,00,,01,1,0,0.00,
11163,494,1074,00,,01,2,0,0.00,
11164,494,677,00,,01,2,0,0.00,
11165,494,1668,00,,01,3,0,0.00,
11166,494,884,00,,01,3,0,0.00,
11167,494,1074,00,,03,1,0,0.00,
11168,494,823,00,,03,1,0,0.00,
11169,494,1075,00,,03,2,0,0.00,
11170,494,677,00,,03,2,0,0.00,
11171,494,1663,00,,03,3,0,0.00,
11172,494,747,00,,03,3,0,0.00,
11173,494,1188,00,,03,4,0,0.00,
11174,494,1664,00,,03,4,0,0.00,
11175,494,880,00,,02,1,0,0.00,
11176,494,126,00,,02,1,0,0.00,
11177,494,1660,00,,02,1,0,0.00,
11178,494,212,00,,02,2,0,0.00,
11179,494,1188,00,,02,2,0,0.00,
11180,494,236,00,,02,2,0,0.00,
11181,494,387,00,,02,3,0,0.00,
11182,494,747,00,,02,3,0,0.00,
11183,494,363,00,,02,3,0,0.00,
11184,495,210,00,,00,1,0,0.00,
11185,495,1656,00,,00,1,0,0.00,
11186,495,834,00,,00,2,0,0.00,
11187,495,1643,00,,00,2,0,0.00,
11188,495,1645,00,,00,3,0,0.00,
11189,495,1641,00,,00,3,0,0.00,
11190,495,1651,00,,02,1,0,0.00,
11191,495,210,00,,02,1,0,0.00,
11192,495,1641,00,,02,1,0,0.00,
11193,495,1657,00,,02,2,0,0.00,
11194,495,1656,00,,02,2,0,0.00,
11195,495,1658,00,,02,2,0,0.00,
11196,495,834,00,,02,3,0,0.00,
11197,495,1643,00,,02,3,0,0.00,
11198,495,1646,00,,02,3,0,0.00,
11199,496,210,00,,06,1,0,0.00,
11200,496,1641,00,,06,1,0,0.00,
11201,496,1657,00,,06,2,0,0.00,
11202,496,1658,00,,06,2,0,0.00,
11203,496,1656,00,,06,2,0,0.00,
11204,496,834,00,,06,3,0,0.00,
11205,496,1652,00,,06,3,0,0.00,
11206,496,1643,00,,06,3,0,0.00,
11207,496,1646,00,,06,4,0,0.00,
11208,496,1645,00,,06,4,0,0.00,
11209,497,1657,00,,00,1,0,0.00,
11210,497,23,00,,00,1,0,0.00,
11211,497,210,00,,00,2,0,0.00,
11212,497,1651,00,,00,2,0,0.00,
11213,497,1641,00,,00,3,0,0.00,"w/ Torbjorn Carlblom"
11214,498,1641,00,,06,1,0,0.00,
11215,498,210,00,,06,1,0,0.00,
11216,498,1656,00,,06,1,0,0.00,
11217,498,1657,00,,06,2,0,0.00,
11218,498,1658,00,,06,2,0,0.00,
11219,498,834,00,,06,2,0,0.00,
11220,498,1653,00,,06,3,0,0.00,
11221,498,618,00,,06,3,0,0.00,
11222,498,23,00,,06,4,0,0.00,
11223,498,1645,00,,06,4,0,0.00,
11224,499,210,00,,06,1,0,0.00,
11225,499,1641,00,,06,1,0,0.00,
11226,499,1656,00,,06,1,0,0.00,
11227,499,1669,00,,06,2,0,0.00,"with Spunker"
11228,499,839,00,,06,4,0,0.00,"w/ Delago & Letl"
11229,499,1651,00,,06,7,7,0.00,
11230,499,1652,00,,06,7,7,0.00,
11231,499,389,00,,06,8,7,0.00,
11232,499,49,00,,06,8,7,0.00,
11233,500,210,00,,06,1,0,0.00,
11234,500,1641,00,,06,1,0,0.00,
11235,500,1651,00,,06,2,0,0.00,
11236,500,1658,00,,06,2,0,0.00,
11237,500,1657,00,,06,2,0,0.00,
11238,500,834,00,,06,3,0,0.00,
11239,500,1643,00,,06,3,0,0.00,
11240,500,1652,00,,06,4,0,0.00,"with J Lof"
11241,500,1645,00,,06,6,0,0.00,
11242,500,23,00,,06,6,0,0.00,
11243,500,1655,00,,01,1,0,0.00,
11244,500,1644,00,,01,1,0,0.00,
11245,500,1648,00,,01,1,0,0.00,
11246,500,1659,00,,01,2,0,0.00,
11247,500,1649,00,,01,2,0,0.00,
11248,500,1654,00,,01,3,0,0.00,"w/ Blombergh"
11249,500,1666,00,,01,4,0,0.00,"with Sjoblom"
11250,501,370,00,,02,1,0,0.00,
11251,501,363,00,,02,1,0,0.00,
11252,501,461,00,,02,2,0,0.00,
11253,501,545,00,,02,2,0,0.00,
11254,501,126,00,,02,3,0,0.00,
11255,501,387,00,,02,3,0,0.00,
11256,501,280,00,,02,3,0,0.00,
11257,501,1670,00,,02,4,0,0.00,
11258,501,780,00,,02,4,0,0.00,
11259,501,103,00,,02,4,0,0.00,
11260,501,470,00,,02,5,0,0.00,
11261,501,221,00,,02,5,0,0.00,
11262,501,645,00,,02,5,0,0.00,
11263,501,1671,00,,02,1,0,0.00,
11264,501,1672,00,,02,2,0,0.00,
11265,502,370,00,,06,1,0,0.00,
11266,502,1671,00,,06,1,0,0.00,
11267,502,363,00,,06,1,0,0.00,
11268,502,1672,00,,06,2,0,0.00,
11269,502,461,00,,06,2,0,0.00,
11270,502,567,00,,06,2,0,0.00,
11271,502,521,00,,06,3,0,0.00,
11272,502,126,00,,06,3,0,0.00,
11273,502,99,00,,06,4,0,0.00,
11274,502,48,00,,06,4,0,0.00,
11275,502,835,00,,06,5,0,0.00,
11276,502,387,00,,06,5,0,0.00,
11277,502,891,00,,06,6,0,0.00,
11278,502,112,00,,06,6,0,0.00,
11279,502,363,00,,03,1,0,0.00,
11280,502,1673,00,,03,1,0,0.00,
11281,502,126,00,,03,2,0,0.00,
11282,502,521,00,,03,2,0,0.00,
11283,502,812,00,,03,3,0,0.00,
11284,502,1674,00,,03,3,0,0.00,
11285,502,1671,00,,03,4,0,0.00,
11286,502,290,00,,03,4,0,0.00,
11287,502,1673,00,,01,1,0,0.00,
11288,502,521,00,,01,1,0,0.00,
11289,502,1674,00,,01,1,0,0.00,
11290,502,20,00,,01,2,0,0.00,
11291,502,290,00,,01,2,0,0.00,
11292,502,338,00,,01,2,0,0.00,
11293,503,1672,00,,00,1,0,0.00,
11294,503,545,00,,00,1,0,0.00,
11295,503,370,00,,00,2,0,0.00,
11296,503,880,00,,00,2,0,0.00,
11297,503,144,00,,00,3,0,0.00,
11298,503,710,00,,00,3,0,0.00,
11299,503,126,00,,00,4,0,0.00,
11300,503,212,00,,00,4,0,0.00,
11301,503,262,00,,00,5,0,0.00,
11302,503,1675,00,,00,5,0,0.00,
11303,503,461,00,,00,6,0,0.00,
11304,503,255,00,,00,6,0,0.00,
11305,503,545,00,,02,1,0,0.00,
11306,503,1672,00,,02,1,0,0.00,
11307,503,461,00,,02,1,0,0.00,
11308,503,370,00,,02,2,0,0.00,
11309,503,880,00,,02,2,0,0.00,
11310,503,126,00,,02,2,0,0.00,
11311,503,521,00,,02,3,0,0.00,
11312,503,884,00,,02,3,0,0.00,
11313,503,700,00,,02,3,0,0.00,
11314,503,144,00,,02,4,0,0.00,
11315,503,47,00,,02,4,0,0.00,
11316,503,212,00,,02,4,0,0.00,
11317,503,521,00,,01,1,0,0.00,
11318,503,884,00,,01,1,0,0.00,
11319,503,126,00,,03,1,0,0.00,
11320,503,521,00,,03,1,0,0.00,
11321,503,359,00,,03,2,0,0.00,
11322,503,700,00,,03,2,0,0.00,
11323,503,880,00,,03,3,0,0.00,
11324,503,884,00,,03,3,0,0.00,
11325,504,1670,00,,00,1,0,0.00,
11326,504,780,00,,00,1,0,0.00,
11327,504,1677,00,,00,2,0,0.00,
11328,504,103,00,,00,2,0,0.00,
11329,504,1059,00,,00,3,0,0.00,
11330,504,1678,00,,00,3,0,0.00,
11331,504,148,00,,00,4,0,0.00,
11332,504,648,00,,00,4,0,0.00,
11333,504,328,00,,00,5,0,0.00,
11334,504,495,00,,00,5,0,0.00,
11335,504,1676,00,,00,6,0,0.00,
11336,504,859,00,,00,6,0,0.00,
11337,505,693,00,,00,1,0,0.00,
11338,505,533,00,,00,1,0,0.00,
11339,505,1681,00,,00,2,0,0.00,
11340,505,1683,00,,00,3,0,0.00,
11341,505,1682,00,,00,3,0,0.00,
11342,505,461,00,,00,4,0,0.00,
11343,505,1673,00,,00,4,0,0.00,
11344,505,1684,00,,00,5,0,0.00,
11345,505,1685,00,,00,5,0,0.00,
11346,505,866,00,,00,6,0,0.00,
11347,505,667,00,,00,6,0,0.00,
11348,505,1680,00,,00,2,0,0.00,
11349,505,693,00,,03,1,0,0.00,
11350,505,1673,00,,03,1,0,0.00,
11351,505,1682,00,,03,2,0,0.00,
11352,505,163,00,,03,2,0,0.00,
11353,505,866,00,,03,3,0,0.00,
11354,505,667,00,,03,3,0,0.00,
11355,505,693,00,,02,1,0,0.00,
11356,505,533,00,,02,1,0,0.00,
11357,505,461,00,,02,1,0,0.00,
11358,505,1680,00,,02,2,0,0.00,
11359,505,1681,00,,02,2,0,0.00,
11360,505,1682,00,,02,2,0,0.00,
11361,505,1684,00,,02,3,0,0.00,
11362,505,1685,00,,02,3,0,0.00,
11363,505,128,00,,02,3,0,0.00,
11364,506,545,00,,00,1,0,0.00,
11365,506,1672,00,,00,1,0,0.00,
11366,506,880,00,,00,2,0,0.00,
11367,506,1660,00,,00,2,0,0.00,
11368,506,194,00,,00,3,0,0.00,
11369,506,746,00,,00,3,0,0.00,
11370,506,545,00,,02,1,0,0.00,
11371,506,1672,00,,02,1,0,0.00,
11372,506,461,00,,02,1,0,0.00,
11373,506,880,00,,02,2,0,0.00,
11374,506,126,00,,02,2,0,0.00,
11375,506,1660,00,,02,2,0,0.00,
11376,506,99,00,,02,3,0,0.00,
11377,506,48,00,,02,3,0,0.00,
11378,506,1686,00,,02,3,0,0.00,
11379,507,1672,00,,00,1,0,0.00,
11380,507,545,00,,00,1,0,0.00,
11381,507,1660,00,,00,2,0,0.00,
11382,507,126,00,,00,2,0,0.00,
11383,507,880,00,,00,3,0,0.00,
11384,507,363,00,,00,3,0,0.00,
11385,507,597,00,,00,4,0,0.00,
11386,507,244,00,,00,4,0,0.00,
11387,507,144,00,,00,5,0,0.00,
11388,507,710,00,,00,5,0,0.00,
11389,507,280,00,,00,6,0,0.00,
11390,507,359,00,,00,6,0,0.00,
11391,507,746,00,,00,7,0,0.00,
11392,507,194,00,,00,7,0,0.00,
11393,507,384,00,,00,8,0,0.00,
11394,507,386,00,,00,8,0,0.00,
11395,507,884,00,,01,1,0,0.00,
11396,507,521,00,,01,1,0,0.00,
11397,507,677,00,,01,2,0,0.00,
11398,507,700,00,,01,2,0,0.00,
11399,507,667,00,,01,3,0,0.00,
11400,507,1009,00,,01,3,0,0.00,
11401,507,630,00,,01,4,0,0.00,
11402,507,1687,00,,01,4,0,0.00,
11403,507,884,00,,03,1,0,0.00,
11404,507,880,00,,03,1,0,0.00,
11405,507,1673,00,,03,2,0,0.00,
11406,507,363,00,,03,2,0,0.00,
11407,507,126,00,,03,3,0,0.00,
11408,507,521,00,,03,3,0,0.00,
11409,507,700,00,,03,4,0,0.00,
11410,507,359,00,,03,4,0,0.00,
11411,507,363,00,,02,1,0,0.00,
11412,507,280,00,,02,1,0,0.00,
11413,507,359,00,,02,1,0,0.00,
11414,507,1672,00,,02,2,0,0.00,
11415,507,545,00,,02,2,0,0.00,
11416,507,461,00,,02,2,0,0.00,
11417,507,880,00,,02,3,0,0.00,
11418,507,1660,00,,02,3,0,0.00,
11419,507,126,00,,02,3,0,0.00,
11420,507,144,00,,02,4,0,0.00,
11421,507,710,00,,02,4,0,0.00,
11422,507,746,00,,02,4,0,0.00,
11423,508,99,00,,00,1,0,0.00,
11424,508,48,00,,00,1,0,0.00,
11425,508,280,00,,00,2,0,0.00,
11426,508,386,00,,00,2,0,0.00,
11427,508,1049,00,,00,3,0,0.00,
11428,508,790,00,,00,3,0,0.00,
11429,508,864,00,,00,4,0,0.00,
11430,508,429,00,,00,4,0,0.00,
11431,508,1688,00,,01,1,0,0.00,
11432,508,1689,00,,01,1,0,0.00,
11433,508,290,00,,01,2,0,0.00,
11434,508,20,00,,01,2,0,0.00,
11435,509,1660,00,,00,1,0,0.00,
11436,509,880,00,,00,1,0,0.00,
11437,509,144,00,,00,2,0,0.00,
11438,509,710,00,,00,2,0,0.00,
11439,509,126,00,,00,3,0,0.00,
11440,509,363,00,,00,3,0,0.00,
11441,509,884,00,,00,4,0,0.00,
11442,509,521,00,,00,4,0,0.00,
11443,509,126,00,,03,1,0,0.00,
11444,509,521,00,,03,1,0,0.00,
11445,509,1660,00,,03,2,0,0.00,
11446,509,884,00,,03,2,0,0.00,
11447,509,144,00,,03,3,0,0.00,
11448,509,700,00,,03,3,0,0.00,
11449,509,1660,00,,02,1,0,0.00,
11450,509,880,00,,02,1,0,0.00,
11451,509,126,00,,02,1,0,0.00,
11452,509,700,00,,02,2,0,0.00,
11453,509,144,00,,02,2,0,0.00,
11454,509,710,00,,02,2,0,0.00,
11455,509,864,00,,02,3,0,0.00,
11456,509,516,00,,02,3,0,0.00,
11457,509,1443,00,,02,3,0,0.00,
11458,510,1692,00,,06,1,0,0.00,
11459,510,526,00,,06,1,0,0.00,
11460,510,358,00,,06,2,0,0.00,
11461,510,1691,00,,06,2,0,0.00,
11462,510,859,00,,06,2,0,0.00,
11463,510,1682,00,,06,3,0,0.00,"with Ed Schumager"
11464,511,99,00,,02,1,0,0.00,
11465,511,48,00,,02,1,0,0.00,
11466,511,363,00,,02,1,0,0.00,
11467,511,280,00,,02,2,0,0.00,
11468,511,387,00,,02,2,0,0.00,
11469,511,470,00,,02,2,0,0.00,
11470,511,880,00,,02,3,0,0.00,
11471,511,362,00,,02,3,0,0.00,
11472,511,126,00,,02,3,0,0.00,
11473,511,80,00,,02,4,0,0.00,
11474,511,359,00,,02,4,0,0.00,
11475,511,112,00,,02,4,0,0.00,
11476,511,521,00,,01,1,0,0.00,
11477,511,884,00,,01,1,0,0.00,
11478,511,47,00,,01,2,0,0.00,
11479,511,70,00,,01,2,0,0.00,
11480,511,486,00,,01,3,0,0.00,
11481,511,1674,00,,01,3,0,0.00,
11482,511,124,00,,01,4,0,0.00,
11483,511,218,00,,01,4,0,0.00,
11484,512,363,00,,00,1,0,0.00,
11485,512,48,00,,00,1,0,0.00,
11486,512,126,00,,00,2,0,0.00,
11487,512,1660,00,,00,2,0,0.00,
11488,512,823,00,,00,3,0,0.00,
11489,512,824,00,,00,3,0,0.00,
11490,512,280,00,,00,4,0,0.00,
11491,512,470,00,,00,4,0,0.00,
11492,512,880,00,,00,5,0,0.00,
11493,512,362,00,,00,5,0,0.00,
11494,512,359,00,,00,6,0,0.00,
11495,512,80,00,,00,6,0,0.00,
11496,512,126,00,,03,1,0,0.00,
11497,512,521,00,,03,1,0,0.00,
11498,512,470,00,,03,2,0,0.00,
11499,512,677,00,,03,2,0,0.00,
11500,512,280,00,,03,3,0,0.00,
11501,512,1177,00,,03,3,0,0.00,
11502,512,362,00,,03,4,0,0.00,
11503,512,884,00,,03,4,0,0.00,
11504,512,521,00,,01,1,0,0.00,
11505,512,884,00,,01,1,0,0.00,
11506,512,677,00,,01,2,0,0.00,
11507,512,1177,00,,01,2,0,0.00,
11508,512,124,00,,01,3,0,0.00,
11509,512,338,00,,01,3,0,0.00,
11510,513,244,00,,00,1,0,0.00,
11511,513,597,00,,00,1,0,0.00,
11512,513,258,00,,00,2,0,0.00,
11513,513,461,00,,00,2,0,0.00,
11514,513,823,00,,00,3,0,0.00,
11515,513,824,00,,00,3,0,0.00,
11516,513,533,00,,00,4,0,0.00,
11517,513,693,00,,00,4,0,0.00,
11518,513,1694,00,,00,5,0,0.00,
11519,513,1693,00,,00,5,0,0.00,
11520,513,1695,00,,00,6,0,0.00,
11521,514,1695,00,,00,1,0,0.00,
11522,514,1696,00,,00,1,0,0.00,
11523,514,866,00,,00,2,0,0.00,
11524,514,883,00,,00,2,0,0.00,
11525,514,26,00,,00,3,0,0.00,
11526,514,642,00,,00,3,0,0.00,
11527,514,443,00,,00,4,0,0.00,"w/ N. Sullivan"
11528,515,410,00,,06,1,0,0.00,
11529,515,210,00,,06,1,0,0.00,
11530,515,411,00,,06,2,0,0.00,
11531,515,778,00,,06,2,0,0.00,
11532,515,389,00,,06,2,0,0.00,
11533,515,618,00,,06,3,0,0.00,
11534,515,1697,00,,06,3,0,0.00,
11535,515,409,00,,06,4,0,0.00,"w/ Mikael Karlsson and Peter Mattson"
11536,516,126,00,,00,1,0,0.00,
11537,516,1672,00,,00,1,0,0.00,
11538,516,1699,00,,00,2,0,0.00,
11539,516,1188,00,,00,2,0,0.00,
11540,516,280,00,,00,3,0,0.00,
11541,516,470,00,,00,3,0,0.00,
11542,516,710,00,,00,4,0,0.00,
11543,516,645,00,,00,4,0,0.00,
11544,516,747,00,,00,5,0,0.00,
11545,516,48,00,,00,5,0,0.00,
11546,516,363,00,,00,6,0,0.00,
11547,516,99,00,,00,6,0,0.00,
11548,516,1672,00,,02,1,0,0.00,
11549,516,470,00,,02,1,0,0.00,
11550,516,461,00,,02,1,0,0.00,
11551,516,363,00,,02,2,0,0.00,
11552,516,99,00,,02,2,0,0.00,
11553,516,48,00,,02,2,0,0.00,
11554,516,370,00,,02,3,0,0.00,
11555,516,841,00,,02,3,0,0.00,
11556,516,521,00,,02,3,0,0.00,
11557,516,281,00,,02,4,0,0.00,"w/ the late Ken"
11558,516,10,00,,02,4,0,0.00,
11559,516,891,00,,02,5,0,0.00,
11560,516,710,00,,02,5,0,0.00,
11561,516,645,00,,02,5,0,0.00,
11562,516,675,00,,02,6,0,0.00,
11563,516,835,00,,02,6,0,0.00,
11564,516,614,00,,02,6,0,0.00,
11565,516,1699,00,,03,1,0,0.00,
11566,516,1188,00,,03,1,0,0.00,
11567,516,126,00,,03,2,0,0.00,
11568,516,884,00,,03,2,0,0.00,
11569,516,1672,00,,03,3,0,0.00,
11570,516,521,00,,03,3,0,0.00,
11571,516,710,00,,03,4,0,0.00,
11572,516,700,00,,03,4,0,0.00,
11573,516,470,00,,03,5,0,0.00,
11574,516,677,00,,03,5,0,0.00,
11575,516,264,00,,03,6,0,0.00,
11576,517,363,00,,00,1,0,0.00,
11577,517,99,00,,00,1,0,0.00,
11578,517,48,00,,00,2,0,0.00,
11579,517,144,00,,00,2,0,0.00,
11580,517,384,00,,00,3,0,0.00,
11581,517,489,00,,00,3,0,0.00,
11582,517,363,00,,02,1,0,0.00,
11583,517,99,00,,02,1,0,0.00,
11584,517,48,00,,02,1,0,0.00,
11585,517,384,00,,02,2,0,0.00,
11586,517,746,00,,02,2,0,0.00,
11587,517,386,00,,02,2,0,0.00,
11588,517,363,00,,03,1,0,0.00,
11589,517,71,00,,03,1,0,0.00,
11590,517,1009,00,,01,1,0,0.00,
11591,517,71,00,,01,1,0,0.00,
11592,518,280,00,,00,1,0,0.00,
11593,518,470,00,,00,1,0,0.00,
11594,518,891,00,,00,2,0,0.00,
11595,518,126,00,,00,2,0,0.00,
11596,518,461,00,,00,3,0,0.00,
11597,518,710,00,,00,3,0,0.00,
11598,518,1049,00,,00,4,0,0.00,
11599,518,790,00,,00,4,0,0.00,
11600,518,86,00,,00,5,0,0.00,
11601,518,994,00,,00,5,0,0.00,
11602,518,696,00,,00,6,0,0.00,
11603,518,697,00,,00,6,0,0.00,
11604,518,126,00,,03,1,0,0.00,
11605,518,1177,00,,03,1,0,0.00,
11606,518,470,00,,03,2,0,0.00,
11607,518,677,00,,03,2,0,0.00,
11608,518,710,00,,03,3,0,0.00,
11609,518,290,00,,03,3,0,0.00,
11610,518,891,00,,03,4,0,0.00,
11611,518,20,00,,03,4,0,0.00,
11612,516,1700,00,,03,6,0,0.00,
11613,518,1177,00,,01,1,0,0.00,
11614,518,677,00,,01,1,0,0.00,
11615,518,290,00,,01,2,0,0.00,
11616,518,20,00,,01,2,0,0.00,
11617,518,289,00,,01,3,0,0.00,
11618,518,1700,00,,01,3,0,0.00,
11619,519,126,00,,00,1,0,0.00,
11620,519,891,00,,00,1,0,0.00,
11621,519,880,00,,00,2,0,0.00,
11622,519,362,00,,00,2,0,0.00,
11623,519,569,00,,00,3,0,0.00,
11624,519,505,00,,00,3,0,0.00,
11625,519,126,00,,03,1,0,0.00,
11626,519,521,00,,03,1,0,0.00,
11627,519,362,00,,03,2,0,0.00,
11628,519,884,00,,03,2,0,0.00,
11629,519,710,00,,03,3,0,0.00,
11630,519,1009,00,,03,3,0,0.00,
11631,520,359,00,,00,1,0,0.00,
11632,520,942,00,,00,1,0,0.00,
11633,520,262,00,,00,2,0,0.00,
11634,520,1701,00,,00,2,0,0.00,
11635,520,1702,00,,00,3,0,0.00,
11636,520,887,00,,00,3,0,0.00,
11637,521,280,00,,00,1,0,0.00,
11638,521,470,00,,00,1,0,0.00,
11639,521,144,00,,00,2,0,0.00,
11640,521,891,00,,00,2,0,0.00,
11641,521,147,00,,00,3,0,0.00,
11642,521,103,00,,00,3,0,0.00,
11643,521,1706,00,,00,4,0,0.00,
11644,521,1705,00,,00,4,0,0.00,
11645,521,210,00,,00,5,0,0.00,
11646,521,410,00,,00,5,0,0.00,
11647,521,370,00,,00,6,0,0.00,
11648,521,85,00,,00,6,0,0.00,
11649,521,649,00,,00,7,7,0.00,
11650,521,1703,00,,00,7,7,0.00,
11651,521,753,00,,00,8,7,0.00,
11652,521,859,00,,00,8,7,0.00,
11653,521,1177,00,,01,1,0,0.00,
11654,521,677,00,,01,1,0,0.00,
11655,521,338,00,,01,2,0,0.00,
11656,521,124,00,,01,2,0,0.00,
11657,521,630,00,,01,3,0,0.00,
11658,521,667,00,,01,3,0,0.00,
11659,521,1704,00,,01,4,0,0.00,
11660,521,1700,00,,01,4,0,0.00,
11661,522,370,00,,02,1,0,0.00,
11662,522,470,00,,02,1,0,0.00,
11663,522,280,00,,02,1,0,0.00,
11664,522,126,00,,02,2,0,0.00,
11665,522,710,00,,02,2,0,0.00,
11666,522,675,00,,02,2,0,0.00,
11667,522,1699,00,,02,3,0,0.00,
11668,522,1188,00,,02,3,0,0.00,
11669,522,362,00,,02,3,0,0.00,
11670,522,777,00,,02,4,0,0.00,
11671,522,95,00,,02,4,0,0.00,
11672,522,38,00,,02,4,0,0.00,
11673,522,359,00,,02,5,0,0.00,
11674,522,85,00,,02,5,0,0.00,
11675,522,321,00,,02,5,0,0.00,
11676,522,1073,00,,02,6,0,0.00,
11677,522,363,00,,02,6,0,0.00,
11678,522,743,00,,02,6,0,0.00,
11679,522,210,00,,02,7,7,0.00,"Semi-finals only"
11680,522,411,00,,02,7,7,0.00,"Semi-finals only"
11681,522,30,00,,02,7,7,0.00,"Semi-finals only"
11682,522,1670,00,,02,8,7,0.00,"Semi-finals only"
11683,522,147,00,,02,8,7,0.00,"Semi-finals only"
11684,522,859,00,,02,8,7,0.00,"Semi-finals only"
11685,522,281,00,,02,9,9,0.00,"Semi-finals only"
11686,522,10,00,,02,9,9,0.00,"Semi-finals only"
11687,522,112,00,,02,9,9,0.00,"Semi-finals only"
11688,522,103,00,,02,10,9,0.00,"Semi-finals only"
11689,522,737,00,,02,10,9,0.00,"Semi-finals only"
11690,522,442,00,,02,10,9,0.00,"Semi-finals only"
11691,522,521,00,,01,1,0,0.00,
11692,522,47,00,,01,1,0,0.00,
11693,522,124,00,,01,2,0,0.00,
11694,522,700,00,,01,2,0,0.00,
11695,522,486,00,,01,3,0,0.00,
11696,522,667,00,,01,3,0,0.00,
11697,522,163,00,,01,4,0,0.00,
11698,522,441,00,,01,4,0,0.00,
11699,523,370,00,,00,1,0,0.00,
11700,523,362,00,,00,1,0,0.00,
11701,523,470,00,,00,2,0,0.00,
11702,523,280,00,,00,2,0,0.00,
11703,523,710,00,,00,3,0,0.00,
11704,523,387,00,,00,3,0,0.00,
11705,523,147,00,,00,4,0,0.00,
11706,523,103,00,,00,4,0,0.00,
11707,523,891,00,,00,5,0,0.00,
11708,523,747,00,,00,5,0,0.00,
11709,523,22,00,,00,6,0,0.00,
11710,523,80,00,,00,6,0,0.00,
11711,523,28,00,,00,7,0,0.00,
11712,523,701,00,,00,7,0,0.00,
11713,523,696,00,,00,8,0,0.00,
11714,523,697,00,,00,8,0,0.00,
11715,523,126,00,,03,1,0,0.00,
11716,523,521,00,,03,1,0,0.00,
11717,523,675,00,,03,2,0,0.00,
11718,523,700,00,,03,2,0,0.00,
11719,523,147,00,,03,3,0,0.00,
11720,523,667,00,,03,3,0,0.00,
11721,523,1663,00,,03,4,0,0.00,
11722,523,891,00,,03,4,0,0.00,
11723,523,470,00,,03,5,0,0.00,
11724,523,1704,00,,03,5,0,0.00,
11725,523,280,00,,03,6,0,0.00,
11726,523,677,00,,03,6,0,0.00,
11727,523,370,00,,03,7,0,0.00,
11728,523,1177,00,,03,7,0,0.00,
11729,523,1543,00,,03,8,0,0.00,
11730,523,743,00,,03,8,0,0.00,
11731,523,126,00,,02,1,0,0.00,
11732,523,675,00,,02,1,0,0.00,
11733,523,710,00,,02,1,0,0.00,
11734,523,280,00,,02,2,0,0.00,
11735,523,387,00,,02,2,0,0.00,
11736,523,470,00,,02,2,0,0.00,
11737,523,891,00,,02,3,0,0.00,
11738,523,747,00,,02,3,0,0.00,
11739,523,103,00,,02,4,0,0.00,
11740,523,147,00,,02,4,0,0.00,
11741,523,700,00,,02,4,0,0.00,
11742,523,370,00,,02,5,0,0.00,
11743,523,880,00,,02,5,0,0.00,
11744,523,362,00,,02,5,0,0.00,
11745,523,461,00,,02,6,0,0.00,
11746,523,883,00,,02,6,0,0.00,
11747,523,281,00,,02,6,0,0.00,
11748,523,1707,00,,02,3,0,0.00,
11749,523,521,00,,01,1,0,0.00,
11750,523,47,00,,01,1,0,0.00,
11751,523,1663,00,,01,2,0,0.00,
11752,523,1177,00,,01,2,0,0.00,
11753,523,124,00,,01,3,0,0.00,
11754,523,700,00,,01,3,0,0.00,
11755,523,667,00,,01,4,0,0.00,
11756,523,486,00,,01,4,0,0.00,
11757,524,1670,00,,00,1,0,0.00,
11758,524,147,00,,00,1,0,0.00,
11759,524,675,00,,00,2,0,0.00,
11760,524,567,00,,00,2,0,0.00,
11761,524,710,00,,00,3,0,0.00,
11762,524,649,00,,00,3,0,0.00,
11763,524,667,00,,03,1,0,0.00,
11764,524,147,00,,03,1,0,0.00,
11765,524,124,00,,03,2,0,0.00,
11766,524,567,00,,03,2,0,0.00,
11767,524,289,00,,03,3,0,0.00,
11768,524,710,00,,03,3,0,0.00,
11769,524,667,00,,01,1,0,0.00,
11770,524,486,00,,01,1,0,0.00,
11771,524,700,00,,01,2,0,0.00,
11772,524,124,00,,01,2,0,0.00,
11773,524,163,00,,01,3,0,0.00,
11774,524,441,00,,01,3,0,0.00,
11775,525,281,00,,11,1,0,0.00,
11776,525,1686,00,,11,1,0,0.00,
11777,525,489,00,,11,2,0,0.00,
11778,525,1,00,,11,2,0,0.00,
11779,525,85,00,,11,2,0,0.00,
11780,525,347,00,,11,3,0,0.00,"w/ John David"
11781,525,108,00,,13,1,0,0.00,
11782,525,1266,00,,15,1,0,0.00,
11783,526,1540,00,,00,1,0,0.00,
11784,526,471,00,,00,1,0,0.00,
11785,526,489,00,,00,2,0,0.00,
11786,526,1708,00,,00,2,0,0.00,
11787,526,712,00,,00,3,0,0.00,
11788,526,24,00,,00,3,0,0.00,
11789,527,746,00,,00,1,0,0.00,
11790,527,508,00,,00,1,0,0.00,
11791,527,649,00,,00,2,0,0.00,
11792,527,864,00,,00,2,0,0.00,
11793,527,1672,00,,00,3,0,0.00,
11794,527,614,00,,00,3,0,0.00,
11795,527,186,00,,00,4,0,0.00,
11796,527,1709,00,,00,4,0,0.00,
11797,528,1540,00,,00,1,0,0.00,
11798,528,471,00,,00,1,0,0.00,
11799,528,384,00,,00,2,0,0.00,
11800,528,495,00,,00,2,0,0.00,
11801,528,215,00,,00,3,0,0.00,
11802,528,24,00,,00,3,0,0.00,
11803,529,387,00,,00,1,0,0.00,
11804,529,47,00,,00,1,0,0.00,
11805,529,370,00,,00,2,0,0.00,
11806,529,521,00,,00,2,0,0.00,
11807,529,126,00,,00,3,0,0.00,
11808,529,567,00,,00,3,0,0.00,
11809,529,891,00,,00,4,0,0.00,
11810,529,747,00,,00,4,0,0.00,
11811,529,10,00,,00,5,0,0.00,
11812,529,461,00,,00,5,0,0.00,
11813,529,112,00,,00,6,0,0.00,
11814,529,855,00,,00,6,0,0.00,
11815,529,281,00,,11,1,0,0.00,
11816,529,1686,00,,11,1,0,0.00,
11817,530,891,00,,00,1,0,0.00,
11818,530,747,00,,00,1,0,0.00,
11819,530,710,00,,00,2,0,0.00,
11820,530,387,00,,00,2,0,0.00,
11821,530,126,00,,00,3,0,0.00,
11822,530,675,00,,00,3,0,0.00,
11823,530,38,00,,00,4,0,0.00,
11824,530,48,00,,00,4,0,0.00,
11825,530,883,00,,00,5,0,0.00,
11826,530,461,00,,00,5,0,0.00,
11827,530,10,00,,00,6,0,0.00,
11828,530,95,00,,00,6,0,0.00,
11829,530,126,00,,02,1,0,0.00,
11830,530,710,00,,02,1,0,0.00,
11831,530,675,00,,02,1,0,0.00,
11832,530,387,00,,02,2,0,0.00,
11833,530,470,00,,02,2,0,0.00,
11834,530,281,00,,02,3,0,0.00,
11835,530,112,00,,02,3,0,0.00,
11836,530,10,00,,02,3,0,0.00,
11837,530,48,00,,02,4,0,0.00,
11838,530,38,00,,02,4,0,0.00,
11839,530,95,00,,02,4,0,0.00,
11840,530,1710,00,,02,2,0,0.00,
11841,389,521,00,,01,1,0,0.00,
11842,389,47,00,,01,1,0,0.00,
11843,389,884,00,,01,2,0,0.00,
11844,389,667,00,,01,2,0,0.00,
11845,389,441,00,,01,3,0,0.00,
11846,389,163,00,,01,3,0,0.00,
11847,389,1542,00,,01,4,0,0.00,
11848,389,406,00,,01,4,0,0.00,
11849,241,470,00,,00,1,0,72.30,
11850,241,908,00,,00,1,0,72.30,
11851,241,145,00,,00,2,0,67.70,
11852,241,923,00,,00,2,0,67.70,
11853,241,892,00,,00,3,0,65.70,
11854,241,112,00,,00,3,0,65.70,
11855,241,1409,00,,00,4,0,63.70,
11856,241,1408,00,,00,4,0,63.70,
11857,241,913,00,,00,5,0,62.80,
11858,241,927,00,,00,5,0,62.80,
11859,241,1614,00,,00,6,0,62.00,
11860,241,1613,00,,00,6,0,62.00,
11861,241,914,00,,00,7,0,59.70,
11862,241,1081,00,,00,7,0,59.70,
11863,241,1422,00,,00,8,0,59.40,
11864,241,1423,00,,00,8,0,59.40,
11865,241,1432,00,,00,9,0,57.80,
11866,241,1717,00,,00,9,0,57.80,
11867,241,892,02,A,00,1,0,67.90,
11868,241,112,02,A,00,1,0,67.90,
11869,241,145,02,A,00,2,0,66.50,
11870,241,923,02,A,00,2,0,66.50,
11871,241,1409,02,A,00,3,0,56.70,
11872,241,1408,02,A,00,3,0,56.70,
11873,241,1614,02,A,00,4,4,56.50,
11874,241,1613,02,A,00,4,4,56.50,
11875,241,913,02,A,00,5,4,56.50,
11876,241,927,02,A,00,5,4,56.50,
11877,241,128,02,A,00,6,0,54.60,
11878,241,1077,02,A,00,6,0,54.60,
11879,241,911,02,A,00,7,0,50.50,
11880,241,1429,02,A,00,7,0,50.50,
11881,241,470,02,B,00,1,0,67.40,
11882,241,908,02,B,00,1,0,67.40,
11883,241,914,02,B,00,2,0,63.70,
11884,241,1081,02,B,00,2,0,63.70,
11885,241,1422,02,B,00,3,0,59.40,
11886,241,1423,02,B,00,3,0,59.40,
11887,241,1717,02,B,00,4,0,53.40,
11888,241,1432,02,B,00,4,0,53.40,
11889,241,934,02,B,00,5,0,52.10,
11890,241,930,02,B,00,5,0,52.10,
11891,241,1421,02,B,00,6,0,51.00,
11892,241,1418,02,B,00,6,0,51.00,
11893,241,1605,02,B,00,7,0,46.60,
11894,241,1080,02,B,00,7,0,46.60,
11895,241,1593,02,B,00,8,0,45.30,
11896,241,1425,02,B,00,8,0,45.30,
11897,241,145,00,,02,1,0,66.80,
11898,241,470,00,,02,1,0,66.80,
11899,241,892,00,,02,1,0,66.80,
11900,241,923,00,,02,2,0,65.60,
11901,241,914,00,,02,2,0,65.60,
11902,241,1081,00,,02,2,0,65.60,
11903,241,1080,00,,02,3,0,54.50,
11904,241,913,00,,02,3,0,54.50,
11905,241,927,00,,02,3,0,54.50,
11906,241,1614,00,,02,4,0,49.90,
11907,241,1613,00,,02,4,0,49.90,
11908,241,112,00,,02,4,0,49.90,
11909,241,908,00,,02,5,0,48.60,
11910,241,128,00,,02,5,0,48.60,
11911,241,1077,00,,02,5,0,48.60,
11912,241,930,00,,02,6,0,43.70,
11913,241,1593,00,,02,6,0,43.70,
11914,241,934,00,,02,6,0,43.70,
11915,241,145,02,A,02,1,0,68.50,
11916,241,470,02,A,02,1,0,68.50,
11917,241,892,02,A,02,1,0,68.50,
11918,241,1080,02,A,02,2,0,52.00,
11919,241,913,02,A,02,2,0,52.00,
11920,241,927,02,A,02,2,0,52.00,
11921,241,930,02,A,02,3,0,48.50,
11922,241,1593,02,A,02,3,0,48.50,
11923,241,934,02,A,02,3,0,48.50,
11924,241,911,02,A,02,4,0,40.20,
11925,241,1432,02,A,02,4,0,40.20,
11926,241,1717,02,A,02,4,0,40.20,
11927,241,1421,02,A,02,5,0,40.00,
11928,241,1422,02,A,02,5,0,40.00,
11929,241,1423,02,A,02,5,0,40.00,
11930,241,1314,02,A,02,6,0,40.00,
11931,241,933,02,A,02,6,0,40.00,
11932,241,1408,02,A,02,6,0,40.00,
11933,241,1610,02,A,02,7,0,34.90,
11934,241,1591,02,A,02,7,0,34.90,
11935,241,1255,02,A,02,8,0,34.20,
11936,241,1595,02,A,02,8,0,34.20,
11937,241,1245,02,A,02,8,0,34.20,
11938,241,1430,02,A,02,9,0,34.10,
11939,241,1256,02,A,02,9,0,34.10,
11940,241,1253,02,A,02,9,0,34.10,
11941,241,923,02,B,02,1,0,50.70,
11942,241,914,02,B,02,1,0,50.70,
11943,241,1081,02,B,02,1,0,50.70,
11944,241,908,02,B,02,2,0,45.90,
11945,241,128,02,B,02,2,0,45.90,
11946,241,1077,02,B,02,2,0,45.90,
11947,241,1614,02,B,02,3,0,42.50,
11948,241,1613,02,B,02,3,0,42.50,
11949,241,112,02,B,02,3,0,42.50,
11950,241,801,02,B,02,4,0,42.30,
11951,241,950,02,B,02,4,0,42.30,
11952,241,947,02,B,02,4,0,42.30,
11953,241,1429,02,B,02,5,0,39.40,
11954,241,1428,02,B,02,5,0,39.40,
11955,241,1616,02,B,02,5,0,39.40,
11956,241,1425,02,B,02,6,0,38.60,
11957,241,1413,02,B,02,6,0,38.60,
11958,241,1412,02,B,02,6,0,38.60,
11959,241,1418,02,B,02,7,0,29.80,
11960,241,1249,02,B,02,7,0,29.80,
11961,241,1280,02,B,02,7,0,29.80,
11962,241,1605,02,B,02,8,0,29.10,
11963,241,1409,02,B,02,8,0,29.10,
11964,241,946,02,B,02,8,0,29.10,
11965,241,1115,02,B,02,9,0,28.10,
11966,241,1220,02,B,02,9,0,28.10,
11967,241,1608,02,B,02,9,0,28.10,
11968,241,1718,02,A,02,7,0,34.90,
11969,293,97,01,A,06,1,0,0.00,
11970,293,597,01,A,06,1,0,0.00,
11971,293,737,01,A,06,1,0,0.00,
11972,293,128,01,A,06,2,0,0.00,
11973,293,887,01,A,06,2,0,0.00,
11974,293,416,01,A,06,3,0,0.00,
11975,293,460,01,A,06,3,0,0.00,
11976,293,695,01,A,06,3,0,0.00,
11977,293,85,01,A,06,4,0,0.00,
11978,293,460,01,A,06,4,0,0.00,
11979,293,695,01,A,06,4,0,0.00,
11980,293,363,01,A,06,5,0,0.00,
11981,293,638,01,A,06,5,0,0.00,
11982,293,177,01,A,06,6,0,0.00,
11983,293,339,01,A,06,6,0,0.00,
11984,293,814,01,A,06,7,0,0.00,
11985,293,765,01,A,06,7,0,0.00,
11986,293,296,01,A,06,8,0,0.00,
11987,293,142,01,A,06,8,0,0.00,
11988,293,295,01,A,06,8,0,0.00,
11989,293,1719,01,A,06,5,0,0.00,
11990,293,1720,01,A,06,9,0,0.00,
11991,293,1721,01,B,06,1,0,0.00,
11992,293,258,01,B,06,1,0,0.00,
11993,293,701,01,B,06,1,0,0.00,
11994,293,421,01,B,06,2,0,0.00,
11995,293,508,01,B,06,2,0,0.00,
11996,293,823,01,B,06,2,0,0.00,
11997,293,157,01,B,06,3,0,0.00,
11998,293,1722,01,B,06,3,0,0.00,
11999,293,375,01,B,06,4,0,0.00,
12000,293,1076,01,B,06,4,0,0.00,
12001,293,118,01,B,06,4,0,0.00,
12002,293,841,01,B,06,5,0,0.00,
12003,293,163,01,B,06,5,0,0.00,
12004,293,1098,01,B,06,6,0,0.00,
12005,293,880,01,B,06,6,0,0.00,
12006,293,150,01,B,06,7,0,0.00,
12007,293,149,01,B,06,7,0,0.00,
12008,293,451,01,B,06,7,0,0.00,
12009,293,630,01,B,06,8,0,0.00,
12010,293,75,01,B,06,8,0,0.00,
12011,293,850,01,B,06,8,0,0.00,
12012,293,1452,01,B,06,9,0,0.00,
12013,293,768,01,B,06,9,0,0.00,
12014,293,97,00,,06,1,0,0.00,
12015,293,597,00,,06,1,0,0.00,
12016,293,737,00,,06,1,0,0.00,
12017,293,1721,00,,06,2,0,0.00,
12018,293,258,00,,06,2,0,0.00,
12019,293,701,00,,06,2,0,0.00,
12020,293,128,00,,06,3,0,0.00,
12021,293,887,00,,06,3,0,0.00,
12022,293,421,00,,06,4,0,0.00,
12023,293,508,00,,06,4,0,0.00,
12024,293,823,00,,06,4,0,0.00,
12025,293,157,00,,06,5,0,0.00,
12026,293,1722,00,,06,5,0,0.00,
12027,293,416,00,,06,6,0,0.00,
12028,293,533,00,,06,6,0,0.00,
12029,293,85,00,,06,7,0,0.00,
12030,293,460,00,,06,7,0,0.00,
12031,293,695,00,,06,7,0,0.00,
12032,293,375,00,,06,8,0,0.00,
12033,293,1076,00,,06,8,0,0.00,
12034,293,118,00,,06,8,0,0.00,
12035,231,1232,00,,00,1,0,65.40,
12036,231,839,00,,00,1,0,65.40,
12037,231,1230,00,,00,2,0,58.50,
12038,231,1401,00,,00,2,0,58.50,
12039,231,1244,00,,00,3,0,53.70,
12040,231,1246,00,,00,3,0,53.70,
12041,231,1229,00,,00,4,0,49.20,
12042,231,1228,00,,00,4,0,49.20,
12043,231,1240,00,,00,5,0,47.10,
12044,231,1241,00,,00,5,0,47.10,
12045,231,1245,00,,00,6,0,45.90,
12046,231,1461,00,,00,6,0,45.90,
12047,231,1532,00,,00,7,0,43.20,
12048,231,1554,00,,00,7,0,43.20,
12049,231,1603,00,,00,8,0,41.70,
12050,231,1459,00,,00,8,0,41.70,
12051,231,1232,00,,02,1,0,63.90,
12052,231,233,00,,02,1,0,63.90,
12053,231,839,00,,02,1,0,63.90,
12054,231,1229,00,,02,2,0,58.20,
12055,231,1228,00,,02,2,0,58.20,
12056,231,1557,00,,02,2,0,58.20,
12057,231,1240,00,,02,3,0,56.40,
12058,231,1244,00,,02,3,0,56.40,
12059,231,1246,00,,02,3,0,56.40,
12060,231,1230,00,,02,4,0,51.00,
12061,231,1401,00,,02,4,0,51.00,
12062,231,1514,00,,02,4,0,51.00,
12063,231,1244,02,A,00,1,0,55.20,
12064,231,1246,02,A,00,1,0,55.20,
12065,231,1230,02,A,00,2,0,52.80,
12066,231,1401,02,A,00,2,0,52.80,
12067,231,1603,02,A,00,3,0,48.00,
12068,231,1459,02,A,00,3,0,48.00,
12069,231,1532,02,A,00,4,0,47.70,
12070,231,1554,02,A,00,4,0,47.70,
12071,231,233,02,A,00,5,0,45.60,
12072,231,1458,02,A,00,5,0,45.60,
12073,231,1404,02,A,00,6,0,37.50,
12074,231,1729,02,A,00,6,0,37.50,
12075,231,1232,02,B,00,1,0,68.40,
12076,231,839,02,B,00,1,0,68.40,
12077,231,1229,02,B,00,2,0,54.90,
12078,231,1228,02,B,00,2,0,54.90,
12079,231,1245,02,B,00,3,0,46.20,
12080,231,1461,02,B,00,3,0,46.20,
12081,231,1240,02,B,00,4,0,45.00,
12082,231,1241,02,B,00,4,0,45.00,
12083,231,1557,02,B,00,5,0,42.30,
12084,231,1555,02,B,00,5,0,42.30,
12085,231,1249,02,B,00,6,0,28.80,
12086,231,1602,02,B,00,6,0,28.80,
12087,231,1240,02,A,02,1,0,65.70,
12088,231,1244,02,A,02,1,0,65.70,
12089,231,1246,02,A,02,1,0,65.70,
12090,231,1232,02,A,02,2,0,58.50,
12091,231,233,02,A,02,2,0,58.50,
12092,231,839,02,A,02,2,0,58.50,
12093,231,1554,02,A,02,3,0,47.10,
12094,231,1241,02,A,02,3,0,47.10,
12095,231,1458,02,A,02,3,0,47.10,
12096,231,1245,02,A,02,4,0,44.40,
12097,231,1461,02,A,02,4,0,44.40,
12098,231,1729,02,A,02,4,0,44.40,
12099,231,1229,02,B,02,1,0,55.50,
12100,231,1228,02,B,02,1,0,55.50,
12101,231,1557,02,B,02,1,0,55.50,
12102,231,1230,02,B,02,2,0,48.30,
12103,231,1240,02,B,02,2,0,48.30,
12104,231,1514,02,B,02,2,0,48.30,
12105,231,1603,02,B,02,3,0,39.90,
12106,231,1532,02,B,02,3,0,39.90,
12107,231,1459,02,B,02,3,0,39.90,
12108,231,1404,02,B,02,4,0,29.40,
12109,231,1249,02,B,02,4,0,29.40,
12110,231,1602,02,B,02,4,0,29.40,
12111,231,1555,02,B,02,5,0,28.20,
12112,231,1618,02,B,02,5,0,28.20,
12113,231,1728,02,B,02,5,0,28.20,
12114,231,1232,04,A,00,1,0,69.00,"first 5 teams go directly to Semi-Final."
12115,231,839,04,A,00,1,0,69.00,
12116,231,1230,04,A,00,2,0,54.30,
12117,231,1401,04,A,00,2,0,54.30,
12118,231,1532,04,A,00,3,0,53.20,
12119,231,1554,04,A,00,3,0,53.20,
12120,231,233,04,A,00,4,0,45.50,
12121,231,1458,04,A,00,4,0,45.50,
12122,231,1603,04,A,00,5,0,43.50,
12123,231,1459,04,A,00,5,0,43.50,
12124,231,1404,04,A,00,6,0,41.10,
12125,231,1729,04,A,00,6,0,41.10,
12126,231,1250,04,A,00,7,0,36.50,
12127,231,1514,04,A,00,7,0,36.50,
12128,231,1244,04,B,00,1,0,67.80,
12129,231,1246,04,B,00,1,0,67.80,
12130,231,1229,04,B,00,2,0,60.60,
12131,231,1228,04,B,00,2,0,60.60,
12132,231,1240,04,B,00,3,0,53.40,
12133,231,1241,04,B,00,3,0,53.40,
12134,231,1555,04,B,00,4,0,49.80,
12135,231,1557,04,B,00,4,0,49.80,
12136,231,1245,04,B,00,5,0,45.00,
12137,231,1461,04,B,00,5,0,45.00,
12138,231,1249,04,B,00,6,0,37.50,
12139,231,1602,04,B,00,6,0,37.50,
12140,231,1618,04,B,00,7,0,30.30,
12141,231,1728,04,B,00,7,0,30.30,
12142,231,1404,03,,00,1,0,45.30,"First 2 teams go to Semi-Final!"
12143,231,1729,03,,00,1,0,45.30,
12144,231,1249,03,,00,2,0,39.20,
12145,231,1602,03,,00,2,0,39.20,
12146,231,1250,03,,00,3,0,38.70,
12147,231,1514,03,,00,3,0,38.70,
12148,231,1618,03,,00,4,0,33.80,
12149,231,1728,03,,00,4,0,33.80,
12150,244,473,02,A,00,1,0,0.00,
12151,244,482,02,A,00,1,0,0.00,
12152,244,442,02,A,00,2,0,0.00,
12153,244,1730,02,A,00,2,0,0.00,
12154,244,268,02,A,00,3,0,0.00,
12155,244,701,02,A,00,3,0,0.00,
12156,244,943,02,A,00,4,0,0.00,
12157,244,441,02,A,00,4,0,0.00,
12158,244,25,02,A,00,5,0,0.00,
12159,244,217,02,A,00,5,0,0.00,
12160,244,1123,02,A,00,6,0,0.00,
12161,244,962,02,A,00,6,0,0.00,
12162,244,421,02,,00,1,0,0.00,
12163,244,508,02,,00,1,0,0.00,
12164,244,370,02,,00,2,0,0.00,
12165,244,823,02,,00,2,0,0.00,
12166,244,128,02,,00,3,0,0.00,
12167,244,712,02,,00,3,0,0.00,
12168,244,590,02,,00,4,0,0.00,
12169,244,1076,02,,00,4,0,0.00,
12170,244,708,02,,00,5,0,0.00,
12171,244,738,02,,00,5,0,0.00,
12172,244,421,00,,00,1,0,0.00,
12173,244,508,00,,00,1,0,0.00,
12174,244,370,00,,00,2,0,0.00,
12175,244,823,00,,00,2,0,0.00,
12176,244,442,00,,00,3,0,0.00,
12177,244,1730,00,,00,3,0,0.00,
12178,244,473,00,,00,4,0,0.00,
12179,244,482,00,,00,4,0,0.00,
12180,244,268,00,,00,5,0,0.00,
12181,244,701,00,,00,5,0,0.00,
12182,244,128,00,,00,6,0,0.00,
12183,244,712,00,,00,6,0,0.00,
12184,244,163,00,,03,1,0,0.00,
12185,244,508,00,,03,1,0,0.00,
12186,244,943,00,,03,2,0,0.00,
12187,244,442,00,,03,2,0,0.00,
12188,244,630,00,,03,3,0,0.00,
12189,244,701,00,,03,3,0,0.00,
12190,244,441,00,,03,4,0,0.00,
12191,244,268,00,,03,4,0,0.00,
12192,244,962,00,,03,5,0,0.00,
12193,244,708,00,,03,5,0,0.00,
12194,386,473,00,,06,1,0,0.00,
12195,386,482,00,,06,1,0,0.00,
12196,386,128,00,,06,2,0,0.00,
12197,386,864,00,,06,2,0,0.00,
12198,386,38,00,,06,3,0,0.00,
12199,386,48,00,,06,3,0,0.00,
12200,386,337,00,,06,4,0,0.00,
12201,386,1,00,,06,4,0,0.00,
12202,386,866,00,,06,4,0,0.00,
12203,386,994,00,,06,5,0,0.00,
12204,386,280,00,,06,5,0,0.00,
12205,386,645,00,,06,5,0,0.00,
12206,386,436,00,,06,6,0,0.00,
12207,386,708,00,,06,6,0,0.00,
12208,386,362,00,,06,7,0,0.00,
12209,386,884,00,,06,7,0,0.00,
12210,386,85,00,,06,8,0,0.00,
12211,386,1201,00,,06,9,0,0.00,
12212,386,946,00,,06,10,0,0.00,
12213,386,855,00,,06,10,0,0.00,
12214,386,471,00,,06,11,0,0.00,
12215,386,850,00,,06,11,0,0.00,
12216,386,962,00,,06,12,0,0.00,
12217,386,247,00,,06,13,0,0.00,
12218,386,355,00,,06,13,0,0.00,
12219,386,797,00,,06,13,0,0.00,
12220,386,1203,00,,06,14,0,0.00,
12221,386,1204,00,,06,14,0,0.00,
12222,386,1737,00,,06,9,0,0.00,
12223,386,1738,00,,09,1,0,0.00,
12224,386,1739,00,,09,2,0,0.00,
12225,381,489,00,,00,1,0,0.00,
12226,381,712,00,,00,1,0,0.00,
12227,381,797,00,,00,2,0,0.00,
12228,381,733,00,,00,2,0,0.00,
12229,381,1742,00,,00,3,0,0.00,
12230,381,1741,00,,00,3,0,0.00,
12231,572,268,00,,00,1,0,69.70,
12232,572,269,00,,00,1,0,69.70,
12233,572,470,00,,00,2,0,65.70,
12234,572,892,00,,00,2,0,65.70,
12235,572,145,00,,00,3,0,64.90,
12236,572,923,00,,00,3,0,64.90,
12237,572,1081,00,,00,4,0,61.70,
12238,572,914,00,,00,4,0,61.70,
12239,572,473,00,,00,5,0,61.30,
12240,572,482,00,,00,5,0,61.30,
12241,572,308,00,,00,6,0,56.30,
12242,572,370,00,,00,6,0,56.30,
12243,572,97,00,,00,7,0,55.40,
12244,572,1076,00,,00,7,0,55.40,
12245,572,328,00,,00,8,0,53.80,
12246,572,887,00,,00,8,0,53.80,
12247,572,30,00,,00,9,0,49.50,
12248,572,411,00,,00,9,0,49.50,
12249,572,97,00,,02,1,0,68.40,
12250,572,370,00,,02,1,0,68.40,
12251,572,421,00,,02,1,0,68.40,
12252,572,473,00,,02,2,0,68.10,
12253,572,482,00,,02,2,0,68.10,
12254,572,508,00,,02,2,0,68.10,
12255,572,269,00,,02,3,0,64.40,
12256,572,367,00,,02,3,0,64.40,
12257,572,441,00,,02,3,0,64.40,
12258,572,145,00,,02,4,0,59.60,
12259,572,470,00,,02,4,0,59.60,
12260,572,892,00,,02,4,0,59.60,
12261,572,1081,00,,02,5,0,58.70,
12262,572,914,00,,02,5,0,58.70,
12263,572,923,00,,02,5,0,58.70,
12264,572,942,00,,02,6,0,57.50,
12265,572,308,00,,02,6,0,57.50,
12266,572,887,00,,02,6,0,57.50,
12267,572,268,00,,02,7,0,56.00,
12268,572,442,00,,02,7,0,56.00,
12269,572,701,00,,02,7,0,56.00,
12270,572,908,00,,02,8,0,53.20,
12271,572,410,00,,02,8,0,53.20,
12272,572,1076,00,,02,8,0,53.20,
12273,572,1255,00,,03,1,0,63.00,
12274,572,923,00,,03,1,0,63.00,
12275,572,367,00,,03,2,0,62.40,
12276,572,269,00,,03,2,0,62.40,
12277,572,441,00,,03,3,0,56.30,
12278,572,268,00,,03,3,0,56.30,
12279,572,163,00,,03,4,0,55.00,
12280,572,508,00,,03,4,0,55.00,
12281,572,486,00,,03,5,0,50.50,
12282,572,421,00,,03,5,0,50.50,
12283,572,1425,00,,03,6,0,48.30,
12284,572,914,00,,03,6,0,48.30,
12285,572,943,00,,01,1,0,51.80,
12286,572,486,00,,01,1,0,51.80,
12287,572,937,00,,01,2,0,47.60,
12288,572,938,00,,01,2,0,47.60,
12289,572,163,00,,01,3,0,46.00,
12290,572,1255,00,,01,3,0,46.00,
12291,572,1418,00,,01,4,0,45.50,
12292,572,1514,00,,01,4,0,45.50,
12293,572,1425,00,,01,5,0,39.00,
12294,572,630,00,,01,5,0,39.00,
12295,380,411,04,A,00,1,0,0.00,
12296,380,30,04,A,00,1,0,0.00,
12297,380,912,04,A,00,2,0,0.00,
12298,380,921,04,A,00,2,0,0.00,
12299,380,1593,04,A,00,3,0,0.00,
12300,380,1193,04,A,00,3,0,0.00,
12301,380,1423,04,A,00,4,0,0.00,
12302,380,1421,04,A,00,4,0,0.00,
12303,380,1749,04,A,00,5,0,0.00,
12304,380,927,04,A,00,5,0,0.00,
12305,380,1514,04,A,00,6,0,0.00,
12306,380,1228,04,A,00,6,0,0.00,
12307,380,1717,04,A,00,7,0,0.00,
12308,380,1081,04,A,00,7,0,0.00,
12309,380,1413,04,A,00,8,0,0.00,
12310,380,1412,04,A,00,8,0,0.00,
12311,380,1401,04,A,00,9,0,0.00,
12312,380,1230,04,A,00,9,0,0.00,
12313,380,1253,04,A,00,10,0,0.00,
12314,380,1256,04,A,00,10,0,0.00,
12315,380,1750,04,A,00,11,0,0.00,
12316,380,1751,04,A,00,11,0,0.00,
12317,380,1610,04,A,00,12,0,0.00,
12318,380,1718,04,A,00,12,0,0.00,
12319,380,1438,04,A,00,13,0,0.00,
12320,380,1249,04,A,00,13,0,0.00,
12321,380,1608,04,A,00,14,0,0.00,
12322,380,1430,04,A,00,14,0,0.00,
12323,380,936,04,A,00,15,0,0.00,
12324,380,911,04,B,00,1,0,0.00,
12325,380,1080,04,B,00,1,0,0.00,
12326,380,908,04,B,00,2,0,0.00,
12327,380,410,04,B,00,2,0,0.00,
12328,380,1077,04,B,00,3,0,0.00,
12329,380,909,04,B,00,3,0,0.00,
12330,380,145,04,B,00,4,0,0.00,
12331,380,923,04,B,00,4,0,0.00,
12332,380,1244,04,B,00,5,0,0.00,
12333,380,1246,04,B,00,5,0,0.00,
12334,380,930,04,B,00,6,0,0.00,
12335,380,934,04,B,00,6,0,0.00,
12336,380,1755,04,B,00,7,0,0.00,
12337,380,1614,04,B,00,7,0,0.00,
12338,380,1255,04,B,00,8,0,0.00,
12339,380,1729,04,B,00,8,0,0.00,
12340,380,933,04,B,00,9,0,0.00,
12341,380,1418,04,B,00,9,0,0.00,
12342,380,1245,04,B,00,10,0,0.00,
12343,380,1595,04,B,00,10,0,0.00,
12344,380,1403,04,B,00,11,0,0.00,
12345,380,1447,04,B,00,11,0,0.00,
12346,380,1422,04,B,00,12,0,0.00,
12347,380,1425,04,B,00,12,0,0.00,
12348,380,1313,04,B,00,13,0,0.00,
12349,380,1590,04,B,00,13,0,0.00,
12350,380,1753,04,B,00,14,0,0.00,
12351,380,937,04,B,00,14,0,0.00,
12352,380,1752,04,B,00,15,0,0.00,
12353,380,1596,04,B,00,15,0,0.00,
12406,380,1418,02,A,02,9,0,0.00,
12405,380,1598,02,A,02,9,0,0.00,
12404,380,1751,02,A,02,8,0,0.00,
12403,380,1718,02,A,02,8,0,0.00,
12402,380,1610,02,A,02,8,0,0.00,
12401,380,1430,02,A,02,7,0,0.00,
12400,380,1256,02,A,02,7,0,0.00,
12399,380,1253,02,A,02,7,0,0.00,
12398,380,1514,02,A,02,6,0,0.00,
12397,380,1230,02,A,02,6,0,0.00,
12396,380,1401,02,A,02,6,0,0.00,
12395,380,1228,02,A,02,5,0,0.00,
12394,380,1614,02,A,02,5,0,0.00,
12393,380,1755,02,A,02,5,0,0.00,
12392,380,1423,02,A,02,4,0,0.00,
12391,380,1421,02,A,02,4,0,0.00,
12390,380,1422,02,A,02,4,0,0.00,
12389,380,921,02,A,02,3,0,0.00,
12388,380,410,02,A,02,3,0,0.00,
12387,380,908,02,A,02,3,0,0.00,
12386,380,1081,02,A,02,2,0,0.00,
12383,380,145,02,A,02,1,0,0.00,
12382,380,1080,02,A,02,1,0,0.00,
12381,380,911,02,A,02,1,0,0.00,
12385,380,1246,02,A,02,2,0,0.00,
12384,380,1244,02,A,02,2,0,0.00,
12407,380,1313,02,A,02,9,0,0.00,
12408,380,923,02,B,02,1,0,0.00,
12409,380,1749,02,B,02,1,0,0.00,
12410,380,1255,02,B,02,1,0,0.00,
12411,380,411,02,B,02,2,0,0.00,
12412,380,30,02,B,02,2,0,0.00,
12413,380,1193,02,B,02,2,0,0.00,
12414,380,927,02,B,02,3,0,0.00,
12415,380,912,02,B,02,3,0,0.00,
12416,380,909,02,B,02,3,0,0.00,
12417,380,930,02,B,02,4,0,0.00,
12418,380,934,02,B,02,4,0,0.00,
12419,380,1593,02,B,02,4,0,0.00,
12420,380,933,02,B,02,5,0,0.00,
12421,380,1717,02,B,02,5,0,0.00,
12422,380,1412,02,B,02,5,0,0.00,
12423,380,1077,02,B,02,6,0,0.00,
12424,380,1403,02,B,02,6,0,0.00,
12425,380,1447,02,B,02,6,0,0.00,
12426,380,1753,02,B,02,7,0,0.00,
12427,380,937,02,B,02,7,0,0.00,
12428,380,1425,02,B,02,7,0,0.00,
12429,380,1245,02,B,02,8,0,0.00,
12430,380,1595,02,B,02,8,0,0.00,
12431,380,1729,02,B,02,8,0,0.00,
12432,380,936,02,B,02,9,8,0.00,
12433,380,928,02,B,02,9,8,0.00,
12434,380,1590,02,B,02,9,8,0.00,
12435,380,1750,02,B,02,10,0,0.00,
12436,380,1438,02,B,02,10,0,0.00,
12437,380,1249,02,B,02,10,0,0.00,
12438,380,911,02,B,00,1,0,0.00,
12439,380,1080,02,B,00,1,0,0.00,
12440,380,1244,02,B,00,2,0,0.00,
12441,380,1246,02,B,00,2,0,0.00,
12442,380,1423,02,B,00,3,0,0.00,
12443,380,1421,02,B,00,3,0,0.00,
12444,380,1077,02,B,00,4,0,0.00,
12445,380,909,02,B,00,4,0,0.00,
12446,380,1514,02,B,00,5,0,0.00,
12447,380,1228,02,B,00,5,0,0.00,
12448,380,912,02,B,00,6,0,0.00,
12449,380,921,02,B,00,6,0,0.00,
12450,380,1413,02,B,00,7,0,0.00,
12451,380,1412,02,B,00,7,0,0.00,
12452,380,1755,02,B,00,8,0,0.00,
12453,380,1614,02,B,00,8,0,0.00,
12454,380,145,02,A,00,1,0,0.00,
12455,380,923,02,A,00,1,0,0.00,
12456,380,908,02,A,00,2,0,0.00,
12457,380,410,02,A,00,2,0,0.00,
12458,380,411,02,A,00,3,0,0.00,
12459,380,30,02,A,00,3,0,0.00,
12460,380,930,02,A,00,4,0,0.00,
12461,380,934,02,A,00,4,0,0.00,
12462,380,1593,02,A,00,5,0,0.00,
12463,380,1193,02,A,00,5,0,0.00,
12464,380,1749,02,A,00,6,0,0.00,
12465,380,927,02,A,00,6,0,0.00,
12466,380,1717,02,A,00,7,0,0.00,
12467,380,1081,02,A,00,7,0,0.00,
12468,380,1255,02,A,00,8,0,0.00,
12469,380,1729,02,A,00,8,0,0.00,
12470,380,1425,00,,05,1,0,0.00,
12471,380,937,00,,05,2,0,0.00,
12472,380,1514,00,,05,3,0,0.00,
12473,380,1418,00,,05,4,0,0.00,
12474,380,1753,00,,05,5,0,0.00,
12475,380,1255,00,,05,6,0,0.00,
12476,380,923,00,,03,1,0,0.00,
12477,380,1255,00,,03,1,0,0.00,
12478,380,410,00,,03,2,0,0.00,
12479,380,937,00,,03,2,0,0.00,
12480,380,1423,00,,03,3,0,0.00,
12481,380,1418,00,,03,3,0,0.00,
12482,380,1228,00,,03,4,0,0.00,
12483,380,1514,00,,03,4,0,0.00,
12484,380,1421,00,,03,5,0,0.00,
12485,380,1753,00,,03,5,0,0.00,
12486,380,930,00,,03,6,0,0.00,
12487,380,1424,00,,03,6,0,0.00,
12488,380,1244,00,,02,1,0,0.00,
12489,380,1246,00,,02,1,0,0.00,
12490,380,1081,00,,02,1,0,0.00,
12491,380,411,00,,02,2,0,0.00,
12492,380,30,00,,02,2,0,0.00,
12493,380,1193,00,,02,2,0,0.00,
12494,380,911,00,,02,3,0,0.00,
12495,380,1080,00,,02,3,0,0.00,
12496,380,145,00,,02,3,0,0.00,
12497,380,927,00,,02,4,0,0.00,
12498,380,912,00,,02,4,0,0.00,
12499,380,909,00,,02,4,0,0.00,
12500,380,908,00,,02,5,0,0.00,
12501,380,410,00,,02,5,0,0.00,
12502,380,921,00,,02,5,0,0.00,
12503,380,923,00,,02,6,0,0.00,
12504,380,1749,00,,02,6,0,0.00,
12505,380,1255,00,,02,6,0,0.00,
12506,380,930,00,,02,7,6,0.00,
12507,380,934,00,,02,7,6,0.00,
12508,380,1422,00,,02,8,0,0.00,
12509,380,1421,00,,02,8,0,0.00,
12510,380,1423,00,,02,8,0,0.00,
12511,380,145,00,,00,1,0,0.00,
12512,380,923,00,,00,1,0,0.00,
12513,380,1244,00,,00,2,0,0.00,
12514,380,1246,00,,00,2,0,0.00,
12515,380,911,00,,00,3,0,0.00,
12516,380,1080,00,,00,3,0,0.00,
12517,380,1077,00,,00,4,0,0.00,
12518,380,909,00,,00,4,0,0.00,
12519,380,930,00,,00,5,0,0.00,
12520,380,934,00,,00,5,0,0.00,
12521,380,411,00,,00,6,0,0.00,
12522,380,30,00,,00,6,0,0.00,
12523,380,1421,00,,00,7,0,0.00,
12524,380,1423,00,,00,7,0,0.00,
12525,380,908,00,,00,8,0,0.00,
12526,380,410,00,,00,8,0,0.00,
12527,546,914,04,A,00,1,0,0.00,
12528,546,1429,04,A,00,1,0,0.00,
12529,546,923,04,A,00,2,0,0.00,
12530,546,1255,04,A,00,2,0,0.00,
12531,546,1717,04,A,00,3,0,0.00,
12532,546,1414,04,A,00,3,0,0.00,
12533,546,1253,04,A,00,4,0,0.00,
12534,546,1256,04,A,00,4,0,0.00,
12535,546,911,04,B,00,1,0,0.00,
12536,546,470,04,B,00,1,0,0.00,
12537,546,1424,04,B,00,2,0,0.00,
12538,546,1425,04,B,00,2,0,0.00,
12539,546,1081,04,B,00,3,0,0.00,
12540,546,1566,04,B,00,3,0,0.00,
12541,546,911,00,,00,1,0,0.00,
12542,546,470,00,,00,1,0,0.00,
12543,546,923,00,,00,2,0,0.00,
12544,546,1255,00,,00,2,0,0.00,
12545,546,914,00,,00,3,0,0.00,
12546,546,1429,00,,00,3,0,0.00,
12547,546,1424,00,,00,4,0,0.00,
12548,546,1425,00,,00,4,0,0.00,
12549,546,470,00,,02,1,0,0.00,
12550,546,1429,00,,02,1,0,0.00,
12551,546,1717,00,,02,1,0,0.00,
12552,546,1255,00,,02,2,0,0.00,
12553,546,1253,00,,02,2,0,0.00,
12554,546,1256,00,,02,2,0,0.00,
12555,546,1081,00,,02,3,0,0.00,
12556,546,914,00,,02,3,0,0.00,
12557,546,923,00,,02,3,0,0.00,
12558,382,470,02,B,02,1,0,41.80,
12559,382,908,02,B,02,1,0,41.80,
12560,382,258,02,B,02,1,0,41.80,
12561,382,1244,02,B,02,2,0,36.90,
12562,382,1245,02,B,02,2,0,36.90,
12563,382,923,02,B,02,2,0,36.90,
12564,382,1750,02,B,02,3,0,28.20,
12565,382,1751,02,B,02,3,0,28.20,
12566,382,1115,02,B,02,3,0,28.20,
12567,382,852,02,A,02,1,0,39.70,
12568,382,421,02,A,02,1,0,39.70,
12569,382,1076,02,A,02,1,0,39.70,
12570,382,1232,02,A,02,2,0,29.30,
12571,382,1077,02,A,02,2,0,29.30,
12572,382,1593,02,A,02,2,0,29.30,
12573,382,1220,02,A,02,3,0,23.50,
12574,382,1233,02,A,02,3,0,23.50,
12575,382,1067,02,A,02,3,0,23.50,
12576,382,1403,02,A,02,4,0,21.90,
12577,382,1447,02,A,02,4,0,21.90,
12578,382,1404,02,A,02,4,0,21.90,
12579,382,470,00,,02,1,0,41.40,
12580,382,908,00,,02,1,0,41.40,
12581,382,258,00,,02,1,0,41.40,
12582,382,852,00,,02,2,0,39.40,
12583,382,421,00,,02,2,0,39.40,
12584,382,1076,00,,02,2,0,39.40,
12585,382,1244,00,,02,3,0,35.00,
12586,382,1245,00,,02,3,0,35.00,
12587,382,923,00,,02,3,0,35.00,
12588,382,1232,00,,02,4,0,34.20,
12589,382,1077,00,,02,4,0,34.20,
12590,382,1593,00,,02,4,0,34.20,
12591,382,470,02,A,00,1,0,40.70,
12592,382,1077,02,A,00,1,0,40.70,
12593,382,258,02,A,00,2,0,39.70,
12594,382,1076,02,A,00,2,0,39.70,
12595,382,908,02,A,00,3,0,36.50,
12596,382,1244,02,A,00,3,0,36.50,
12597,382,1403,02,A,00,4,0,31.70,
12598,382,1447,02,A,00,4,0,31.70,
12599,382,1220,02,A,00,5,0,28.80,
12600,382,1115,02,A,00,5,0,28.80,
12601,382,421,02,B,00,1,0,48.00,
12602,382,852,02,B,00,1,0,48.00,
12603,382,923,02,B,00,2,0,39.60,
12604,382,1593,02,B,00,2,0,39.60,
12605,382,1232,02,B,00,3,0,33.70,
12606,382,1233,02,B,00,3,0,33.70,
12607,382,1750,02,B,00,4,0,30.60,
12608,382,1751,02,B,00,4,0,30.60,
12609,382,1756,02,B,00,5,0,29.50,
12610,382,1757,02,B,00,5,0,29.50,
12611,382,1404,02,B,00,6,0,29.30,
12612,382,1245,02,B,00,6,0,29.30,
12613,382,421,00,,00,1,0,46.00,
12614,382,852,00,,00,1,0,46.00,
12615,382,258,00,,00,2,0,42.60,
12616,382,1076,00,,00,2,0,42.60,
12617,382,470,00,,00,3,0,42.50,
12618,382,1077,00,,00,3,0,42.50,
12619,382,908,00,,00,4,0,39.00,
12620,382,1244,00,,00,4,0,39.00,
12621,382,923,00,,00,5,0,36.30,
12622,382,1593,00,,00,5,0,36.30,
12623,382,1232,00,,00,6,0,34.50,
12624,382,1233,00,,00,6,0,34.50,
12625,382,1403,00,,00,7,0,31.00,
12626,382,1447,00,,00,7,0,31.00,
12627,382,1756,00,,00,8,0,27.80,
12628,382,1757,00,,00,8,0,27.80,
12629,388,923,00,,04,1,0,0.00,
12630,388,145,00,,04,2,0,0.00,
12631,388,1593,00,,04,3,0,0.00,
12632,388,1255,00,,04,4,0,0.00,
12633,388,1430,00,,04,5,0,0.00,
12634,388,1758,00,,04,6,0,0.00,"His first tournament"
12635,388,1759,00,,04,7,0,0.00,"His first tournament, he injuried himself during the warm up"
12636,241,1593,03,,00,1,0,66.00,
12637,241,1425,03,,00,1,0,66.00,
12638,241,1614,03,,00,2,0,65.30,
12639,241,1613,03,,00,2,0,65.30,
12640,241,1314,03,,00,3,0,59.20,
12641,241,933,03,,00,3,0,59.20,
12642,241,1255,03,,00,4,0,58.10,
12643,241,1245,03,,00,4,0,58.10,
12644,241,1412,03,,00,5,0,53.20,
12645,241,1413,03,,00,5,0,53.20,
12646,241,1256,03,,00,6,0,52.80,
12647,241,1253,03,,00,6,0,52.80,
12648,241,1115,03,,00,7,0,52.60,
12649,241,1220,03,,00,7,0,52.60,
12650,241,1428,03,,00,8,0,52.20,
12651,241,946,03,,00,9,0,48.20,
12652,241,1595,03,,00,9,0,48.20,
12653,241,1608,03,,00,10,0,45.50,
12654,241,1430,03,,00,11,0,45.10,
12655,241,1591,03,,00,12,0,42.50,
12656,241,1249,03,,00,12,0,42.50,
12657,241,1610,03,,00,13,0,39.00,
12658,241,1718,03,,00,13,0,39.00,
12659,241,1616,03,,00,8,0,52.20,
12660,241,1760,03,,00,10,0,45.50,
12661,241,1761,03,,00,11,0,45.10,
12662,241,470,04,A,00,1,0,69.50,
12663,241,908,04,A,00,1,0,69.50,
12664,241,1605,04,A,00,2,0,67.00,
12665,241,1080,04,A,00,2,0,67.00,
12666,241,1717,04,A,00,3,0,58.50,
12667,241,1432,04,A,00,3,0,58.50,
12668,241,1314,04,A,00,4,0,56.20,
12669,241,933,04,A,00,4,0,56.20,
12670,241,946,04,A,00,5,0,48.20,
12671,241,1595,04,A,00,5,0,48.20,
12672,241,1608,04,A,00,6,0,43.60,
12673,241,1760,04,A,00,6,0,43.60,
12674,241,1430,04,A,00,7,0,41.80,
12675,241,1761,04,A,00,7,0,41.80,
12676,241,145,04,B,00,1,0,68.70,
12677,241,923,04,B,00,1,0,68.70,
12678,241,913,04,B,00,2,0,54.70,
12679,241,927,04,B,00,2,0,54.70,
12680,241,1422,04,B,00,3,3,54.00,
12681,241,1423,04,B,00,3,3,54.00,
12682,241,1409,04,B,00,4,3,54.00,
12683,241,1408,04,B,00,4,3,54.00,
12684,241,1614,04,B,00,5,0,53.30,
12685,241,1613,04,B,00,5,0,53.30,
12686,241,1412,04,B,00,6,0,44.40,
12687,241,1413,04,B,00,6,0,44.40,
12688,241,1591,04,B,00,7,0,33.90,
12689,241,1249,04,B,00,7,0,33.90,
12690,241,914,04,C,00,1,0,70.80,
12691,241,1081,04,C,00,1,0,70.80,
12692,241,934,04,C,00,2,0,59.50,
12693,241,930,04,C,00,2,0,59.50,
12694,241,911,04,C,00,3,0,57.80,
12695,241,1429,04,C,00,3,0,57.80,
12696,241,1255,04,C,00,4,0,55.60,
12697,241,1245,04,C,00,4,0,55.60,
12698,241,1616,04,C,00,5,0,54.80,
12699,241,1428,04,C,00,5,0,54.80,
12700,241,1610,04,C,00,6,0,48.00,
12701,241,1718,04,C,00,6,0,48.00,
12702,241,892,04,D,00,1,0,58.20,
12703,241,112,04,D,00,1,0,58.20,
12704,241,128,04,D,00,2,0,55.90,
12705,241,1077,04,D,00,2,0,55.90,
12706,241,1421,04,D,00,3,0,55.20,
12707,241,1418,04,D,00,3,0,55.20,
12708,241,1256,04,D,00,4,0,50.80,
12709,241,1253,04,D,00,4,0,50.80,
12710,241,1593,04,D,00,5,0,50.40,
12711,241,1425,04,D,00,5,0,50.40,
12712,241,1115,04,D,00,6,0,42.90,
12713,241,1220,04,D,00,6,0,42.90,
12714,382,1750,00,,02,5,0,0.00,
12715,382,1751,00,,02,5,0,0.00,
12716,382,1067,00,,02,5,0,0.00,
12717,382,1233,00,,02,5,0,0.00,
12718,584,923,00,,04,1,0,395.00,
12719,584,145,00,,04,2,0,385.00,
12720,584,914,00,,04,3,0,370.00,
12721,584,1314,00,,04,4,0,345.00,
12722,584,1081,00,,04,5,0,335.00,
12723,584,1425,00,,04,7,0,285.00,
12724,584,1717,00,,04,8,0,280.00,
12725,584,1424,00,,04,9,0,270.00,
12726,584,1413,00,,04,10,0,250.00,
12727,584,1412,00,,04,11,0,230.00,
12728,584,1115,00,,04,12,0,205.00,
12729,584,1608,00,,04,13,0,180.00,
12730,584,1430,00,,04,14,14,175.00,
12731,584,1762,00,,04,6,0,295.00,
12732,584,1426,00,,04,15,14,175.00,
12733,584,1764,00,,04,16,0,170.00,
12761,562,692,00,,06,7,0,4.20,
12760,562,753,00,,06,6,0,18.70,
12759,562,662,00,,06,6,0,18.70,
12758,562,247,00,,06,5,0,23.20,
12757,562,229,00,,06,5,0,23.20,
12756,562,284,00,,06,5,0,23.20,
12755,562,436,00,,06,4,0,24.30,
12754,562,994,00,,06,4,0,24.30,
12753,562,884,00,,06,3,0,25.50,
12752,562,645,00,,06,3,0,25.50,
12751,562,848,00,,06,2,0,25.60,
12750,562,662,00,,06,2,0,25.60,
12749,562,140,00,,06,1,0,31.40,
12748,562,280,00,,06,1,0,31.40,
12762,562,1765,00,,06,7,0,4.20,
12763,562,1766,00,,06,7,0,4.20,
12764,562,1767,00,,06,8,0,3.20,
12765,562,1768,00,,06,8,0,3.20,
12766,384,384,00,,06,1,0,0.00,
12767,384,508,00,,06,1,0,0.00,
12768,384,701,00,,06,2,0,0.00,
12769,384,712,00,,06,2,0,0.00,
12770,384,489,00,,06,3,0,0.00,
12771,384,70,00,,06,3,0,0.00,
12772,384,71,00,,06,3,0,0.00,
12773,384,733,00,,06,4,0,0.00,
12774,384,1341,00,,06,5,0,0.00,
12775,384,1770,00,,06,5,0,0.00,
12776,384,94,00,,06,6,0,0.00,
12777,384,1732,00,,06,6,0,0.00,
12778,384,1769,00,,06,4,0,0.00,
12779,384,215,00,,06,4,0,0.00,
12780,384,1443,00,,11,1,0,0.00,
12781,384,1771,00,,11,1,0,0.00,
12782,384,75,00,,11,2,0,0.00,
12783,384,797,00,,11,2,0,0.00,
12784,384,1772,00,,11,3,0,0.00,
12785,384,1773,00,,11,3,0,0.00,
12786,384,630,00,,05,1,0,0.00,
12787,384,71,00,,05,2,0,0.00,
12788,384,1774,00,,05,3,0,0.00,
12789,537,470,00,,04,1,1,0.00,
12790,537,923,00,,04,2,1,0.00,
12791,537,145,00,,04,3,1,0.00,
12792,537,1593,00,,04,4,1,0.00,
12793,537,145,00,,00,1,0,43.40,
12794,537,1421,00,,00,1,0,43.40,
12795,537,470,00,,00,2,0,43.10,
12796,537,908,00,,00,2,0,43.10,
12797,537,914,00,,00,3,0,40.50,
12798,537,1425,00,,00,3,0,40.50,
12799,537,934,00,,00,4,0,39.90,
12800,537,923,00,,00,4,0,39.90,
12801,537,930,00,,00,5,0,39.50,
12802,537,1593,00,,00,5,0,39.50,
12803,537,1081,00,,00,6,0,39.40,
12804,537,933,00,,00,6,0,39.40,
12805,537,1077,00,,00,7,0,35.50,
12806,537,909,00,,00,7,0,35.50,
12807,537,1412,00,,00,8,0,33.10,
12808,537,1424,00,,00,8,0,33.10,
12809,537,1428,00,,00,9,9,0.00,
12810,537,1429,00,,00,9,9,0.00,
12811,537,1763,00,,00,10,9,0.00,
12812,537,1624,00,,00,10,9,0.00,
12813,537,1255,00,,00,11,0,0.00,
12814,537,1430,00,,00,11,0,0.00,
12815,471,370,00,,00,1,0,24.90,
12816,471,923,00,,00,1,0,24.90,
12817,471,1232,00,,00,2,0,24.20,
12818,471,839,00,,00,2,0,24.20,
12819,471,140,00,,00,3,0,23.20,
12820,471,1244,00,,00,3,0,23.20,
12821,471,1081,00,,00,4,0,22.60,
12822,471,1240,00,,00,4,0,22.60,
12823,471,145,00,,00,5,0,20.40,
12824,471,328,00,,00,5,0,20.40,
12825,471,1245,00,,00,6,0,17.00,
12826,471,1532,00,,00,6,0,17.00,
12827,572,268,02,A,00,1,0,68.90,
12828,572,269,02,A,00,1,0,68.90,
12829,572,145,02,A,00,2,0,65.10,
12830,572,923,02,A,00,2,0,65.10,
12831,572,97,02,A,00,3,0,63.80,
12832,572,1076,02,A,00,3,0,63.80,
12833,572,308,02,A,00,4,0,62.90,
12834,572,370,02,A,00,4,0,62.90,
12835,572,421,02,A,00,5,0,59.70,
12836,572,508,02,A,00,5,0,59.70,
12837,572,1232,02,A,00,6,0,55.60,
12838,572,839,02,A,00,6,0,55.60,
12839,572,367,02,A,00,7,0,53.20,
12840,572,441,02,A,00,7,0,53.20,
12841,572,913,02,A,00,8,0,48.10,
12842,572,927,02,A,00,8,0,48.10,
12843,572,470,02,B,00,1,0,68.20,
12844,572,892,02,B,00,1,0,68.20,
12845,572,473,02,B,00,2,0,67.80,
12846,572,482,02,B,00,2,0,67.80,
12847,572,914,02,B,00,3,0,66.30,
12848,572,1081,02,B,00,3,0,66.30,
12849,572,30,02,B,00,4,0,61.60,
12850,572,411,02,B,00,4,0,61.60,
12851,572,328,02,B,00,5,0,61.60,
12852,572,887,02,B,00,5,0,61.60,
12853,572,1244,02,B,00,6,0,60.50,
12854,572,1246,02,B,00,6,0,60.50,
12855,572,442,02,B,00,7,0,57.10,
12856,572,695,02,B,00,7,0,57.10,
12857,572,1193,02,B,00,8,0,56.80,
12858,572,1593,02,B,00,8,0,56.80,
12859,572,473,02,A,02,1,0,69.50,
12860,572,482,02,A,02,1,0,69.50,
12861,572,508,02,A,02,1,0,69.50,
12862,572,97,02,A,02,2,0,69.20,
12863,572,370,02,A,02,2,0,69.20,
12864,572,421,02,A,02,2,0,69.20,
12865,572,269,02,A,02,3,0,69.00,
12866,572,367,02,A,02,3,0,69.00,
12867,572,441,02,A,02,3,0,69.00,
12868,572,908,02,A,02,4,0,58.20,
12869,572,410,02,A,02,4,0,58.20,
12870,572,1076,02,A,02,4,0,58.20,
12871,572,30,02,A,02,5,0,57.90,
12872,572,1193,02,A,02,5,0,57.90,
12873,572,411,02,A,02,5,0,57.90,
12874,572,968,02,A,02,6,0,55.20,
12875,572,486,02,A,02,6,0,55.20,
12876,572,328,02,A,02,6,0,55.20,
12877,572,1232,02,A,02,7,0,54.90,
12878,572,1077,02,A,02,7,0,54.90,
12879,572,839,02,A,02,7,0,54.90,
12880,572,1082,02,A,02,8,0,51.10,
12881,572,695,02,A,02,8,0,51.10,
12882,572,855,02,A,02,8,0,51.10,
12883,572,1229,02,A,02,9,0,48.00,
12884,572,1228,02,A,02,9,0,48.00,
12885,572,1557,02,A,02,9,0,48.00,
12886,572,1230,02,A,02,10,0,44.70,
12887,572,1401,02,A,02,10,0,44.70,
12888,572,1514,02,A,02,10,0,44.70,
12889,572,145,02,B,02,1,0,66.60,
12890,572,470,02,B,02,1,0,66.60,
12891,572,892,02,B,02,1,0,66.60,
12892,572,1081,02,B,02,2,0,65.90,
12893,572,914,02,B,02,2,0,65.90,
12894,572,923,02,B,02,2,0,65.90,
12895,572,268,02,B,02,3,0,63.60,
12896,572,442,02,B,02,3,0,63.60,
12897,572,701,02,B,02,3,0,63.60,
12898,572,942,02,B,02,4,0,61.60,
12899,572,308,02,B,02,4,0,61.60,
12900,572,887,02,B,02,4,0,61.60,
12901,572,1240,02,B,02,5,0,59.90,
12902,572,1244,02,B,02,5,0,59.90,
12903,572,1246,02,B,02,5,0,59.90,
12904,572,1412,02,B,02,6,0,59.40,
12905,572,1554,02,B,02,6,0,59.40,
12906,572,1314,02,B,02,6,0,59.40,
12907,572,913,02,B,02,7,0,53.30,
12908,572,930,02,B,02,7,0,53.30,
12909,572,927,02,B,02,7,0,53.30,
12910,572,1422,02,B,02,8,0,51.40,
12911,572,1421,02,B,02,8,0,51.40,
12912,572,1423,02,B,02,8,0,51.40,
12913,572,1413,02,B,02,9,0,45.70,
12914,572,1429,02,B,02,9,0,45.70,
12915,572,911,02,B,02,9,0,45.70,
12916,572,367,02,A,03,1,0,64.50,
12917,572,269,02,A,03,1,0,64.50,
12918,572,1425,02,A,03,2,0,58.40,
12919,572,914,02,A,03,2,0,58.40,
12920,572,163,02,A,03,3,0,58.10,
12921,572,508,02,A,03,3,0,58.10,
12922,572,1514,02,A,03,4,0,46.90,
12923,572,1401,02,A,03,4,0,46.90,
12924,572,943,02,A,03,5,0,46.30,
12925,572,968,02,A,03,5,0,46.30,
12926,572,1746,02,A,03,6,0,45.30,
12927,572,1076,02,A,03,6,0,45.30,
12928,572,268,02,B,03,1,0,67.50,
12929,572,441,02,B,03,1,0,67.50,
12930,572,1255,02,B,03,2,0,64.90,
12931,572,923,02,B,03,2,0,64.90,
12932,572,486,02,B,03,3,0,61.90,
12933,572,421,02,B,03,3,0,61.90,
12934,572,937,02,B,03,4,0,56.00,
12935,572,410,02,B,03,4,0,56.00,
12936,572,630,02,B,03,5,0,55.10,
12937,572,701,02,B,03,5,0,55.10,
12938,572,1418,02,B,03,6,0,43.50,
12939,572,1423,02,B,03,6,0,43.50,
12940,572,943,02,,01,1,0,55.20,
12941,572,486,02,,01,1,0,55.20,
12942,572,163,02,,01,2,0,53.70,
12943,572,1255,02,,01,2,0,53.70,
12944,572,937,02,,01,3,0,53.10,
12945,572,1746,02,,01,3,0,53.10,
12946,572,1418,02,,01,4,0,46.10,
12947,572,1514,02,,01,4,0,46.10,
12948,572,1424,02,,01,5,0,41.00,
12949,572,630,02,,01,5,0,41.00,
12950,471,370,02,,00,1,0,0.00,
12951,471,923,02,,00,1,0,0.00,
12952,471,1232,02,,00,2,0,0.00,
12953,471,839,02,,00,2,0,0.00,
12954,471,140,02,,00,3,0,0.00,
12955,471,1244,02,,00,3,0,0.00,
12956,471,1240,02,,00,4,0,0.00,
12957,471,1081,02,,00,4,0,0.00,
12958,471,145,02,,00,5,0,0.00,
12959,471,328,02,,00,5,0,0.00,
12960,471,1245,02,,00,6,0,0.00,
12961,471,1532,02,,00,6,0,0.00,
12962,471,1401,02,,00,7,0,0.00,
12963,471,1514,02,,00,7,0,0.00,
12964,471,1229,02,,00,8,0,0.00,
12965,471,1228,02,,00,8,0,0.00,
12966,471,1757,02,,00,9,0,0.00,
12967,471,1756,02,,00,9,0,0.00,
12968,471,233,02,,00,10,0,0.00,
12969,471,163,02,,00,11,0,0.00,
12970,471,738,02,,00,11,0,0.00,
12971,471,1459,02,,00,12,0,0.00,
12972,471,946,02,,00,13,0,0.00,
12973,471,1461,02,,00,13,0,0.00,
12974,471,1750,02,,00,14,0,0.00,
12975,471,1751,02,,00,14,0,0.00,
12976,471,1233,02,,00,15,0,0.00,
12977,471,1438,02,,00,15,0,0.00,
12978,471,1404,02,,00,16,0,0.00,
12979,471,1255,02,,00,16,0,0.00,
12980,471,1430,02,,00,17,0,0.00,
12981,471,1249,02,,00,17,0,0.00,
12982,471,1776,02,,00,10,0,0.00,
12983,471,1603,02,,00,12,0,0.00,
12984,572,268,04,A,00,1,0,65.70,
12985,572,269,04,A,00,1,0,65.70,
12986,572,145,04,A,00,2,0,64.50,
12987,572,923,04,A,00,2,0,64.50,
12988,572,1232,04,A,00,3,0,62.60,
12989,572,839,04,A,00,3,0,62.60,
12990,572,913,04,A,00,4,0,57.60,
12991,572,927,04,A,00,4,0,57.60,
12992,572,1422,04,A,00,5,0,53.50,
12993,572,1421,04,A,00,5,0,53.50,
12994,572,925,04,A,00,6,0,50.40,
12995,572,933,04,A,00,6,0,50.40,
12996,572,1429,04,A,00,7,0,48.40,
12997,572,738,04,A,00,7,0,48.40,
12998,572,473,04,B,00,1,0,65.10,
12999,572,482,04,B,00,1,0,65.10,
13000,572,30,04,B,00,2,0,61.70,
13001,572,411,04,B,00,2,0,61.70,
13002,572,442,04,B,00,3,0,55.40,
13003,572,695,04,B,00,3,0,55.40,
13004,572,328,04,B,00,4,0,53.80,
13005,572,887,04,B,00,4,0,53.80,
13006,572,911,04,B,00,5,0,53.30,
13007,572,1080,04,B,00,5,0,53.30,
13008,572,1240,04,B,00,6,0,47.60,
13009,572,1241,04,B,00,6,0,47.60,
13010,572,1554,04,B,00,7,0,42.60,
13011,572,1619,04,B,00,7,0,42.60,
13012,572,367,04,C,00,1,0,71.50,
13013,572,441,04,C,00,1,0,71.50,
13014,572,421,04,C,00,2,0,67.80,
13015,572,508,04,C,00,2,0,67.80,
13016,572,308,04,C,00,3,0,65.50,
13017,572,370,04,C,00,3,0,65.50,
13018,572,97,04,C,00,4,0,62.30,
13019,572,1076,04,C,00,4,0,62.30,
13020,572,1230,04,C,00,5,0,57.10,
13021,572,1401,04,C,00,5,0,57.10,
13022,572,1555,04,C,00,6,0,56.20,
13023,572,1557,04,C,00,6,0,56.20,
13024,572,934,04,C,00,7,0,54.20,
13025,572,930,04,C,00,7,0,54.20,
13026,572,470,04,D,00,1,0,71.30,
13027,572,892,04,D,00,1,0,71.30,
13028,572,1244,04,D,00,2,0,66.00,
13029,572,1246,04,D,00,2,0,66.00,
13030,572,914,04,D,00,3,0,61.50,
13031,572,1081,04,D,00,3,0,61.50,
13032,572,1193,04,D,00,4,0,60.10,
13033,572,1593,04,D,00,4,0,60.10,
13034,572,1424,04,D,00,5,0,59.50,
13035,572,1425,04,D,00,5,0,59.50,
13036,572,908,04,D,00,6,0,53.20,
13037,572,410,04,D,00,6,0,53.20,
13038,572,1314,04,D,00,7,0,52.20,
13039,572,1423,04,D,00,7,0,52.20,
13040,385,473,03,A,06,1,0,0.00,
13041,385,508,03,A,06,1,0,0.00,
13042,385,442,03,A,06,2,0,0.00,
13043,385,460,03,A,06,2,0,0.00,
13044,385,128,03,A,06,3,0,0.00,
13045,385,712,03,A,06,3,0,0.00,
13046,385,328,03,A,06,4,0,0.00,
13047,385,968,03,A,06,4,0,0.00,
13048,385,2236,03,A,06,4,0,0.00,
13049,385,887,03,A,06,5,0,0.00,
13050,385,2235,03,A,06,5,0,0.00,
13051,385,85,03,A,06,6,0,0.00,
13052,385,254,03,A,06,6,0,0.00,
13053,385,815,03,A,06,7,0,0.00,
13054,385,828,03,A,06,7,0,0.00,
13055,385,268,03,B,06,1,0,0.00,
13056,385,269,03,B,06,1,0,0.00,
13057,385,567,03,B,06,2,0,0.00,
13058,385,421,03,B,06,2,0,0.00,
13059,385,367,03,B,06,3,0,0.00,
13060,385,441,03,B,06,3,0,0.00,
13061,385,880,03,B,06,4,0,0.00,
13062,385,695,03,B,06,4,0,0.00,
13063,385,866,03,B,06,5,0,0.00,
13064,385,436,03,B,06,5,0,0.00,
13065,385,486,03,B,06,6,0,0.00,
13066,385,163,03,B,06,6,0,0.00,
13067,385,355,03,B,06,7,0,0.00,
13068,385,711,03,B,06,7,0,0.00,
13069,385,269,00,,06,1,0,0.00,
13070,385,268,00,,06,1,0,0.00,
13071,385,473,00,,06,2,0,0.00,
13072,385,508,00,,06,2,0,0.00,
13073,385,421,00,,06,3,0,0.00,
13074,385,567,00,,06,3,0,0.00,
13075,385,367,00,,06,4,0,0.00,
13076,385,441,00,,06,4,0,0.00,
13077,385,442,00,,06,5,0,0.00,
13078,385,460,00,,06,5,0,0.00,
13079,385,128,00,,06,6,0,0.00,
13080,385,712,00,,06,6,0,0.00,
13081,385,328,00,,06,7,0,0.00,
13082,385,968,00,,06,7,0,0.00,
13083,385,2236,00,,06,7,0,0.00,
13084,385,880,00,,06,8,0,0.00,
13085,385,695,00,,06,8,0,0.00,
13086,588,140,00,,04,1,0,667.00,
13087,588,994,00,,04,2,0,612.00,
13088,588,884,00,,04,3,0,605.00,
13089,588,362,00,,04,4,0,604.00,
13090,588,662,00,,04,5,0,430.00,
13091,588,775,00,,04,6,0,395.00,
13092,588,436,00,,04,7,0,370.00,
13093,588,143,00,,04,8,0,300.00,
13094,572,925,05,A,00,1,0,55.70,
13095,572,933,05,A,00,1,0,55.70,
13096,572,367,05,A,00,2,0,55.40,
13097,572,441,05,A,00,2,0,55.40,
13098,572,1193,05,A,00,3,0,55.20,
13099,572,1593,05,A,00,3,0,55.20,
13100,572,1554,05,A,00,4,0,54.50,
13101,572,1619,05,A,00,4,0,54.50,
13102,572,1314,05,A,00,5,0,53.40,
13103,572,1423,05,A,00,5,0,53.40,
13104,572,1240,05,A,00,6,0,48.80,
13105,572,1241,05,A,00,6,0,48.80,
13106,572,1077,05,A,00,7,0,48.60,
13107,572,630,05,A,00,7,0,48.60,
13108,572,1603,05,A,00,8,0,48.40,
13109,572,1459,05,A,00,8,0,48.40,
13110,572,701,05,A,00,9,0,47.00,
13111,572,1618,05,A,00,9,0,47.00,
13112,572,968,05,A,00,10,0,45.40,
13113,572,946,05,A,00,10,0,45.40,
13114,572,1595,05,A,00,11,0,44.30,
13115,572,1245,05,A,00,11,0,44.30,
13116,572,1216,05,A,00,12,0,43.30,
13117,572,1215,05,A,00,12,0,43.30,
13118,572,1556,05,A,00,13,0,38.50,
13119,572,1532,05,A,00,13,0,38.50,
13120,572,1460,05,A,00,14,0,35.20,
13121,572,1744,05,A,00,14,0,35.20,
13122,572,328,05,B,00,1,0,56.10,
13123,572,887,05,B,00,1,0,56.10,
13124,572,1424,05,B,00,2,0,55.90,
13125,572,1425,05,B,00,2,0,55.90,
13126,572,1555,05,B,00,3,0,55.80,
13127,572,1557,05,B,00,3,0,55.80,
13128,572,1429,05,B,00,4,0,54.70,
13129,572,738,05,B,00,4,0,54.70,
13130,572,934,05,B,00,5,0,52.90,
13131,572,930,05,B,00,5,0,52.90,
13132,572,1422,05,B,00,6,0,50.00,
13133,572,1421,05,B,00,6,0,50.00,
13134,572,1229,05,B,00,7,0,49.30,
13135,572,1228,05,B,00,7,0,49.30,
13136,572,1413,05,B,00,8,0,48.90,
13137,572,1412,05,B,00,8,0,48.90,
13138,572,1242,05,B,00,9,0,44.50,
13139,572,712,05,B,00,9,0,44.50,
13140,572,1082,05,B,00,10,0,42.50,
13141,572,855,05,B,00,10,0,42.50,
13142,572,1617,05,B,00,11,0,38.90,
13143,572,1458,05,B,00,11,0,38.90,
13144,572,1750,05,B,00,12,0,36.00,
13145,572,1751,05,B,00,12,0,36.00,
13146,572,1608,05,B,00,13,0,32.80,
13147,572,1745,05,B,00,13,0,32.80,
13148,572,1404,05,B,00,14,0,32.80,
13149,572,1715,05,B,00,14,0,32.80,
13150,572,968,05,A,02,1,0,48.70,
13151,572,328,05,A,02,1,0,48.70,
13152,572,486,05,A,02,1,0,48.70,
13153,572,1229,05,A,02,2,0,47.60,
13154,572,1228,05,A,02,2,0,47.60,
13155,572,1557,05,A,02,2,0,47.60,
13156,572,1082,05,A,02,3,3,45.40,
13157,572,695,05,A,02,3,3,45.40,
13158,572,855,05,A,02,3,3,45.40,
13159,572,1230,05,A,02,4,3,45.40,
13160,572,1401,05,A,02,4,3,45.40,
13161,572,1514,05,A,02,4,3,45.40,
13162,572,1242,05,A,02,5,0,43.20,
13163,572,1066,05,A,02,5,0,43.20,
13164,572,1458,05,A,02,5,0,43.20,
13165,572,1556,05,A,02,6,0,42.00,
13166,572,1255,05,A,02,6,0,42.00,
13167,572,1729,05,A,02,6,0,42.00,
13168,572,1608,05,A,02,7,0,41.50,
13169,572,738,05,A,02,7,0,41.50,
13170,572,946,05,A,02,7,0,41.50,
13171,572,1745,05,A,02,8,0,39.90,
13172,572,1216,05,A,02,8,0,39.90,
13173,572,1215,05,A,02,8,0,39.90,
13174,572,1617,05,A,02,9,0,33.20,
13175,572,1241,05,A,02,9,0,33.20,
13176,572,1555,05,A,02,9,0,33.20,
13177,572,1404,05,A,02,10,0,32.40,
13178,572,163,05,A,02,10,0,32.40,
13179,572,1715,05,A,02,10,0,32.40,
13180,572,1240,05,B,02,1,0,65.20,
13181,572,1244,05,B,02,1,0,65.20,
13182,572,1246,05,B,02,1,0,65.20,
13183,572,1422,05,B,02,2,0,55.00,
13184,572,1421,05,B,02,2,0,55.00,
13185,572,1423,05,B,02,2,0,55.00,
13186,572,1413,05,B,02,3,0,52.50,
13187,572,1429,05,B,02,3,0,52.50,
13188,572,911,05,B,02,3,0,52.50,
13189,572,1412,05,B,02,4,0,50.60,
13190,572,1314,05,B,02,4,0,50.60,
13191,572,1554,05,B,02,4,0,50.60,
13192,572,930,05,B,02,5,0,48.20,
13193,572,934,05,B,02,5,0,48.20,
13194,572,1593,05,B,02,5,0,48.20,
13195,572,1595,05,B,02,6,0,46.40,
13196,572,1245,05,B,02,6,0,46.40,
13197,572,1618,05,B,02,6,0,46.40,
13198,572,1424,05,B,02,7,0,46.20,
13199,572,925,05,B,02,7,0,46.20,
13200,572,933,05,B,02,7,0,46.20,
13201,572,943,05,B,02,8,0,45.80,
13202,572,937,05,B,02,8,0,45.80,
13203,572,1753,05,B,02,8,0,45.80,
13204,572,1603,05,B,02,9,0,37.20,
13205,572,1532,05,B,02,9,0,37.20,
13206,572,1459,05,B,02,9,0,37.20,
13207,572,1750,05,B,02,10,0,36.50,
13208,572,1751,05,B,02,10,0,36.50,
13209,572,1846,05,B,02,10,0,36.50,
13210,563,1750,00,,00,2,0,6.53,
13211,563,1751,00,,00,2,0,6.53,
13212,563,2240,00,,00,3,0,5.96,
13213,563,2241,00,,00,3,0,5.96,
13214,563,2237,00,,00,4,0,5.80,
13215,563,2238,00,,00,4,0,5.80,
13216,563,1067,00,,00,1,0,6.73,
13217,563,1232,00,,00,1,0,6.73,
13218,563,1233,00,,00,5,0,5.50,
13219,563,2239,00,,00,5,0,5.50,
13220,563,1846,00,,00,6,0,5.00,
13221,635,839,00,,00,1,0,22.38,
13222,635,1232,00,,00,1,0,22.38,
13223,635,1244,00,,00,2,0,18.25,
13224,635,1532,00,,00,2,0,18.25,
13225,635,233,00,,00,3,0,15.90,
13226,635,1776,00,,00,3,0,15.90,
13227,635,1067,00,,00,4,0,15.13,
13228,635,1554,00,,00,4,0,15.13,
13229,635,1245,00,,00,5,0,15.03,
13230,635,1461,00,,00,5,0,15.03,
13231,635,1459,00,,00,6,0,14.89,
13232,635,1603,00,,00,6,0,14.89,
13233,635,839,06,,00,1,0,0.00,
13234,635,1232,06,,00,1,0,0.00,
13235,635,1244,06,,00,2,0,0.00,
13236,635,1532,06,,00,2,0,0.00,
13237,635,233,06,,00,3,0,0.00,
13238,635,1776,06,,00,3,0,0.00,
13239,635,1067,06,,00,4,0,0.00,
13240,635,1554,06,,00,4,0,0.00,
13241,635,1245,06,,00,5,0,0.00,
13242,635,1461,06,,00,5,0,0.00,
13243,635,1459,06,,00,6,0,0.00,
13244,635,1603,06,,00,6,0,0.00,
13245,635,2241,06,,00,7,0,0.00,
13246,635,2240,06,,00,7,0,0.00,
13247,635,1750,06,,00,8,0,0.00,
13248,635,1846,06,,00,8,0,0.00,
13249,635,1233,06,,00,9,0,0.00,
13250,635,2239,06,,00,9,0,0.00,
13251,635,2237,06,,00,10,0,0.00,
13252,635,2238,06,,00,10,0,0.00,
13253,596,470,00,,00,1,0,73.30,
13254,596,892,00,,00,1,0,73.30,
13255,596,370,00,,00,2,0,72.80,
13256,596,923,00,,00,2,0,72.80,
13257,596,421,00,,00,3,0,71.40,
13258,596,482,00,,00,3,0,71.40,
13259,596,1429,00,,00,4,0,68.50,
13260,596,140,00,,00,4,0,68.50,
13261,596,30,00,,00,5,0,66.80,
13262,596,145,00,,00,5,0,66.80,
13263,596,1081,00,,00,6,0,60.70,
13264,596,914,00,,00,6,0,60.70,
13265,596,1408,00,,00,7,0,55.70,
13266,596,1409,00,,00,7,0,55.70,
13267,596,911,00,,00,8,0,55.30,
13268,596,1228,00,,00,8,0,55.30,
13269,596,1421,00,,00,9,0,53.90,
13270,596,933,00,,00,9,0,53.90,
13271,596,370,00,,02,1,0,75.70,
13272,596,421,00,,02,1,0,75.70,
13273,596,482,00,,02,1,0,75.70,
13274,596,30,00,,02,2,0,67.10,
13275,596,145,00,,02,2,0,67.10,
13276,596,892,00,,02,2,0,67.10,
13277,596,1081,00,,02,3,0,65.40,
13278,596,914,00,,02,3,0,65.40,
13279,596,923,00,,02,3,0,65.40,
13280,596,911,00,,02,4,0,63.50,
13281,596,470,00,,02,4,0,63.50,
13282,596,1080,00,,02,4,0,63.50,
13283,596,1717,00,,02,5,0,57.60,
13284,596,140,00,,02,5,0,57.60,
13285,596,1228,00,,02,5,0,57.60,
13286,596,36,00,,02,6,0,51.20,
13287,596,934,00,,02,6,0,51.20,
13288,596,1593,00,,02,6,0,51.20,
13289,640,2243,04,A,00,1,0,16.00,
13290,640,1590,04,A,00,1,0,16.00,
13291,640,2244,04,A,00,2,0,17.00,
13292,640,930,04,A,00,2,0,17.00,
13293,640,2245,04,A,00,3,0,18.00,
13294,640,1593,04,A,00,3,0,18.00,
13295,640,1313,04,A,00,4,0,17.00,
13296,640,908,04,A,00,4,0,17.00,
13297,640,2246,04,A,00,5,0,18.00,
13298,640,912,04,A,00,5,0,18.00,
13299,640,936,04,B,00,1,0,18.00,
13300,640,921,04,B,00,1,0,18.00,
13301,640,2247,04,B,00,2,0,17.00,
13302,640,927,04,B,00,2,0,17.00,
13303,640,2248,04,B,00,3,0,18.00,
13304,640,909,04,B,00,3,0,18.00,
13305,640,1598,04,B,00,4,0,18.00,
13306,640,934,04,B,00,4,0,18.00,
13307,640,2249,04,B,00,5,0,19.00,
13308,640,913,04,B,00,5,0,19.00,
13309,640,2246,00,,00,1,0,19.00,
13310,640,912,00,,00,1,0,19.00,
13311,640,2248,00,,00,2,0,18.00,
13312,640,909,00,,00,2,0,18.00,
13313,640,1313,00,,00,3,0,18.00,
13314,640,908,00,,00,3,0,18.00,
13315,640,936,00,,00,4,0,18.00,
13316,640,921,00,,00,4,0,18.00,
13317,640,2249,00,,00,5,0,17.00,
13318,640,913,00,,00,5,0,17.00,
13319,640,2245,00,,00,6,0,16.00,
13320,640,1593,00,,00,6,0,16.00,
13321,640,2247,00,,00,7,0,0.00,
13322,640,927,00,,00,7,0,0.00,
13323,640,2244,00,,00,8,0,0.00,
13324,640,930,00,,00,8,0,0.00,
13325,640,1598,00,,00,9,0,0.00,
13326,640,934,00,,00,9,0,0.00,
13327,640,2243,00,,00,10,0,0.00,
13328,640,1590,00,,00,10,0,0.00,
13329,607,97,00,,00,1,0,0.00,
13330,607,482,00,,00,1,0,0.00,
13331,607,128,00,,00,2,0,0.00,
13332,607,508,00,,00,2,0,0.00,
13333,607,2250,00,,00,3,0,0.00,
13334,607,421,00,,00,3,0,0.00,
13335,607,1032,00,,00,4,0,0.00,
13336,607,1323,00,,00,4,0,0.00,
13337,607,2251,00,,00,5,0,0.00,
13338,607,1487,00,,00,5,0,0.00,
13339,624,739,00,,06,1,0,0.00,
13340,624,258,00,,06,1,0,0.00,
13341,624,737,00,,06,1,0,0.00,
13342,624,533,00,,06,2,0,0.00,
13343,624,701,00,,06,2,0,0.00,
13344,624,864,00,,06,2,0,0.00,
13345,624,363,00,,06,3,0,0.00,
13346,624,97,00,,06,3,0,0.00,
13347,624,85,00,,06,4,0,0.00,
13348,624,460,00,,06,4,0,0.00,
13349,624,887,00,,06,4,0,0.00,
13350,624,119,00,,06,5,0,0.00,
13351,624,157,00,,06,5,0,0.00,
13352,624,638,00,,06,6,0,0.00,
13353,624,693,00,,06,6,0,0.00,
13354,624,416,00,,06,7,0,0.00,
13355,624,1442,00,,06,7,0,0.00,
13356,624,79,00,,06,8,0,0.00,
13357,624,118,00,,06,8,0,0.00,
13358,624,630,00,,06,8,0,0.00,
13359,596,370,02,A,02,1,0,67.90,
13360,596,421,02,A,02,1,0,67.90,
13361,596,482,02,A,02,1,0,67.90,
13362,596,1717,02,A,02,2,0,57.70,
13363,596,140,02,A,02,2,0,57.70,
13364,596,1228,02,A,02,2,0,57.70,
13365,596,911,02,A,02,3,0,56.50,
13366,596,470,02,A,02,3,0,56.50,
13367,596,1080,02,A,02,3,0,56.50,
13368,596,1230,02,A,02,4,0,49.70,
13369,596,1401,02,A,02,4,0,49.70,
13370,596,1514,02,A,02,4,0,49.70,
13371,596,1429,02,A,02,5,0,48.50,
13372,596,1214,02,A,02,5,0,48.50,
13373,596,1409,02,A,02,5,0,48.50,
13374,596,1424,02,A,02,6,0,45.00,
13375,596,1425,02,A,02,6,0,45.00,
13376,596,328,02,A,02,6,0,45.00,
13377,596,1428,02,A,02,7,0,43.80,
13378,596,946,02,A,02,7,0,43.80,
13379,596,2254,02,A,02,7,0,43.80,
13380,596,2252,02,A,02,8,0,43.70,
13381,596,2253,02,A,02,8,0,43.70,
13382,596,933,02,A,02,8,0,43.70,
13383,596,1757,02,A,02,9,0,38.90,
13384,596,1756,02,A,02,9,0,38.90,
13385,596,1280,02,A,02,9,0,38.90,
13386,596,30,02,B,02,1,0,61.40,
13387,596,145,02,B,02,1,0,61.40,
13388,596,892,02,B,02,1,0,61.40,
13389,596,1081,02,B,02,2,0,61.40,
13390,596,914,02,B,02,2,0,61.40,
13391,596,923,02,B,02,2,0,61.40,
13392,596,36,02,B,02,3,0,55.20,
13393,596,934,02,B,02,3,0,55.20,
13394,596,1593,02,B,02,3,0,55.20,
13395,596,1413,02,B,02,4,0,53.90,
13396,596,1408,02,B,02,4,0,53.90,
13397,596,1314,02,B,02,4,0,53.90,
13398,596,1422,02,B,02,5,0,47.90,
13399,596,1421,02,B,02,5,0,47.90,
13400,596,1423,02,B,02,5,0,47.90,
13401,596,950,02,B,02,6,0,46.70,
13402,596,801,02,B,02,6,0,46.70,
13403,596,947,02,B,02,6,0,46.70,
13404,596,1556,02,B,02,7,0,43.50,
13405,596,1245,02,B,02,7,0,43.50,
13406,596,1255,02,B,02,7,0,43.50,
13407,596,1608,02,B,02,8,0,35.60,
13408,596,1115,02,B,02,8,0,35.60,
13409,596,1418,02,B,02,8,0,35.60,
13410,596,470,02,A,00,1,0,70.00,
13411,596,892,02,A,00,1,0,70.00,
13412,596,30,02,A,00,2,0,62.30,
13413,596,145,02,A,00,2,0,62.30,
13414,596,1081,02,A,00,3,0,61.70,
13415,596,914,02,A,00,3,0,61.70,
13416,596,1429,02,A,00,4,0,57.30,
13417,596,140,02,A,00,4,0,57.30,
13418,596,1214,02,A,00,5,0,54.00,
13419,596,1314,02,A,00,5,0,54.00,
13420,596,1428,02,A,00,6,0,53.20,
13421,596,1253,02,A,00,6,0,53.20,
13422,596,934,02,A,00,7,0,50.90,
13423,596,1593,02,A,00,7,0,50.90,
13424,596,370,02,B,00,1,0,70.80,
13425,596,923,02,B,00,1,0,70.80,
13426,596,421,02,B,00,2,0,67.10,
13427,596,482,02,B,00,2,0,67.10,
13428,596,1421,02,B,00,3,0,53.30,
13429,596,933,02,B,00,3,0,53.30,
13430,596,1408,02,B,00,4,0,52.50,
13431,596,1409,02,B,00,4,0,52.50,
13432,596,911,02,B,00,5,0,52.50,
13433,596,1228,02,B,00,5,0,52.50,
13434,596,1556,02,B,00,6,0,51.60,
13435,596,36,02,B,00,6,0,51.60,
13436,596,1717,02,B,00,7,0,50.80,
13437,596,1080,02,B,00,7,0,50.80,
13438,596,470,04,A,00,1,0,67.10,
13439,596,892,04,A,00,1,0,67.10,
13440,596,1556,04,A,00,2,0,56.20,
13441,596,36,04,A,00,2,0,56.20,
13442,596,1428,04,A,00,3,0,56.00,
13443,596,2254,04,A,00,3,0,56.00,
13444,596,1413,04,A,00,4,0,50.80,
13445,596,1514,04,A,00,4,0,50.80,
13446,596,1245,04,A,00,5,0,50.70,
13447,596,1255,04,A,00,5,0,50.70,
13448,596,1401,04,A,00,6,0,37.10,
13449,596,947,04,A,00,6,0,37.10,
13450,596,1280,04,A,00,7,0,35.90,
13451,596,1711,04,A,00,7,0,35.90,
13452,596,370,04,B,00,1,0,65.10,
13453,596,923,04,B,00,1,0,65.10,
13454,596,911,04,B,00,2,0,57.90,
13455,596,1228,04,B,00,2,0,57.90,
13456,596,934,04,B,00,3,0,57.20,
13457,596,1593,04,B,00,3,0,57.20,
13458,596,1214,04,B,00,4,0,53.00,
13459,596,1314,04,B,00,4,0,53.00,
13460,596,1422,04,B,00,5,0,48.30,
13461,596,1423,04,B,00,5,0,48.30,
13462,596,1430,04,B,00,6,0,44.70,
13463,596,801,04,B,00,6,0,44.70,
13464,596,1757,04,B,00,7,0,34.60,
13465,596,1756,04,B,00,7,0,34.60,
13466,596,421,04,C,00,1,0,69.50,
13467,596,482,04,C,00,1,0,69.50,
13468,596,1429,04,C,00,2,0,61.90,
13469,596,140,04,C,00,2,0,61.90,
13470,596,1408,04,C,00,3,0,59.40,
13471,596,1409,04,C,00,3,0,59.40,
13472,596,328,04,C,00,4,0,52.50,
13473,596,2236,04,C,00,4,0,52.50,
13474,596,1421,04,C,00,5,0,52.20,
13475,596,933,04,C,00,5,0,52.20,
13476,596,1418,04,C,00,6,0,43.90,
13477,596,2253,04,C,00,7,0,0.00,
13478,596,1081,04,D,00,1,0,61.90,
13479,596,914,04,D,00,1,0,61.90,
13480,596,30,04,D,00,2,0,60.90,
13481,596,145,04,D,00,2,0,60.90,
13482,596,1717,04,D,00,3,0,60.60,
13483,596,1080,04,D,00,3,0,60.60,
13484,596,1424,04,D,00,4,0,57.30,
13485,596,1425,04,D,00,4,0,57.30,
13486,596,946,04,D,00,5,0,43.20,
13487,596,2252,04,D,00,5,0,43.20,
13488,596,1608,04,D,00,6,0,39.30,
13489,596,1115,04,D,00,6,0,39.30,
13490,596,1372,03,B,00,1,0,65.10,
13491,596,1314,03,B,00,1,0,65.10,
13492,596,1421,03,B,00,2,0,63.70,
13493,596,933,03,B,00,2,0,63.70,
13494,596,328,03,B,00,3,0,59.70,
13495,596,2236,03,B,00,3,0,59.70,
13496,596,1424,03,B,00,4,0,58.80,
13497,596,1425,03,B,00,4,0,58.80,
13498,596,1413,03,B,00,5,0,58.70,
13499,596,1514,03,B,00,5,0,58.70,
13500,596,1245,03,B,00,6,0,53.30,
13501,596,1255,03,B,00,6,0,53.30,
13502,596,1422,03,B,00,7,0,51.50,
13503,596,1423,03,B,00,7,0,51.50,
13504,596,946,03,B,00,8,0,51.10,
13505,596,2252,03,B,00,8,0,51.10,
13506,596,1757,03,B,00,9,0,50.90,
13507,596,1756,03,B,00,9,0,50.90,
13508,596,1401,03,B,00,10,0,49.20,
13509,596,946,03,B,00,10,0,49.20,
13510,596,1608,03,B,00,11,0,46.40,
13511,596,1115,03,B,00,11,0,46.40,
13512,596,1430,03,B,00,12,0,45.90,
13513,596,946,03,B,00,12,0,45.90,
13514,596,1418,03,B,00,13,0,44.50,
13515,596,1280,03,B,00,14,0,44.20,
13516,596,1711,03,B,00,14,0,44.20,
13517,596,2253,03,B,00,15,0,36.30,
13518,596,2255,03,B,00,15,0,36.30,
13519,625,567,02,A,06,1,0,0.00,
13520,625,421,02,A,06,1,0,0.00,
13521,625,217,02,A,06,1,0,0.00,
13522,625,97,02,A,06,2,0,0.00,
13523,625,470,02,A,06,2,0,0.00,
13524,625,482,02,A,06,2,0,0.00,
13525,625,590,02,A,06,3,0,0.00,
13526,625,36,02,A,06,3,0,0.00,
13527,625,1730,02,A,06,3,0,0.00,
13528,625,701,02,A,06,4,0,0.00,
13529,625,533,02,A,06,4,0,0.00,
13530,625,708,02,A,06,5,0,0.00,
13531,625,1726,02,A,06,5,0,0.00,
13532,625,473,02,B,06,1,0,0.00,
13533,625,508,02,B,06,1,0,0.00,
13534,625,47,02,B,06,2,0,0.00,
13535,625,710,02,B,06,2,0,0.00,
13536,625,370,02,B,06,2,0,0.00,
13537,625,268,02,B,06,3,0,0.00,
13538,625,269,02,B,06,3,0,0.00,
13539,625,943,02,B,06,4,0,0.00,
13540,625,163,02,B,06,4,0,0.00,
13541,625,367,02,B,06,4,0,0.00,
13542,625,47,00,,03,1,0,0.00,
13543,625,710,00,,03,1,0,0.00,
13544,625,367,00,,03,2,0,0.00,
13545,625,269,00,,03,2,0,0.00,
13546,625,943,00,,03,3,0,0.00,
13547,625,421,00,,03,3,0,0.00,
13548,625,163,00,,03,4,0,0.00,
13549,625,268,00,,03,4,0,0.00,
13550,625,630,00,,03,5,0,0.00,
13551,625,97,00,,03,5,0,0.00,
13552,625,962,00,,03,6,0,0.00,
13553,625,708,00,,03,6,0,0.00,
13554,625,944,00,,03,7,0,0.00,
13555,625,217,00,,03,7,0,0.00,
13556,625,268,00,,06,1,0,0.00,
13557,625,269,00,,06,1,0,0.00,
13558,625,567,00,,06,2,0,0.00,
13559,625,217,00,,06,2,0,0.00,
13560,625,421,00,,06,2,0,0.00,
13561,625,473,00,,06,3,0,0.00,
13562,625,508,00,,06,3,0,0.00,
13563,625,47,00,,06,4,0,0.00,
13564,625,710,00,,06,4,0,0.00,
13565,625,370,00,,06,4,0,0.00,
13566,625,470,00,,06,5,0,0.00,
13567,625,97,00,,06,5,0,0.00,
13568,625,482,00,,06,5,0,0.00,
13569,625,590,00,,06,6,0,0.00,
13570,625,36,00,,06,6,0,0.00,
13571,625,1730,00,,06,6,0,0.00,
13572,591,1232,00,A,00,1,0,20.50,"3 Times in a row German Champion"
13573,591,839,00,A,00,1,0,20.50,
13574,591,1557,00,A,00,2,0,18.50,
13575,591,1514,00,A,00,2,0,18.50,
13576,591,1230,00,A,00,3,0,17.90,
13577,591,1240,00,A,00,3,0,17.90,
13578,591,923,00,A,00,4,4,17.60,
13579,591,1214,00,A,00,4,4,17.60,
13580,591,1554,00,A,00,5,4,17.60,
13581,591,1401,00,A,00,5,4,17.60,
13582,591,1457,00,A,00,6,0,16.80,
13583,591,1458,00,A,00,6,0,16.80,
13584,591,1244,00,A,00,7,0,16.40,
13585,591,1246,00,A,00,7,0,16.40,
13586,591,1228,00,A,00,8,0,16.10,
13587,591,1229,00,A,00,8,0,16.10,
13588,591,1244,00,,02,1,0,22.50,
13589,591,1246,00,,02,1,0,22.50,
13590,591,1240,00,,02,1,0,22.50,
13591,591,1228,00,,02,2,0,19.20,
13592,591,1557,00,,02,2,0,19.20,
13593,591,1230,00,,02,2,0,19.20,
13594,591,1245,00,,02,3,0,19.00,
13595,591,1461,00,,02,3,0,19.00,
13596,591,923,00,,02,3,0,19.00,
13597,591,1554,00,,02,4,0,18.00,
13598,591,1229,00,,02,4,0,18.00,
13599,591,1401,00,,02,4,0,18.00,
13600,591,1232,00,,02,5,0,16.20,
13601,591,233,00,,02,5,0,16.20,
13602,591,839,00,,02,5,0,16.20,
13603,591,1514,00,,02,6,0,15.00,
13604,591,1602,00,,02,6,0,15.00,
13605,591,1214,00,,02,6,0,15.00,
13606,591,1241,00,,02,7,0,14.80,
13607,591,1617,00,,02,7,0,14.80,
13608,591,1457,00,,02,8,0,12.90,
13609,591,1458,00,,02,8,0,12.90,
13610,591,1066,00,,02,8,0,12.90,
13611,591,2256,00,,02,7,0,14.80,
13612,591,1244,02,A,00,1,0,20.60,
13613,591,1246,02,A,00,1,0,20.60,
13614,591,923,02,A,00,2,0,20.30,
13615,591,1214,02,A,00,2,0,20.30,
13616,591,1514,02,A,00,3,0,20.10,
13617,591,1557,02,A,00,3,0,20.10,
13618,591,1228,02,A,00,4,0,18.30,
13619,591,1229,02,A,00,4,0,18.30,
13620,591,1245,02,A,00,5,0,16.90,
13621,591,1461,02,A,00,5,0,16.90,
13622,591,1193,02,A,00,6,0,15.40,
13623,591,2237,02,A,00,7,0,14.40,
13624,591,2238,02,A,00,7,0,14.40,
13625,591,1233,02,A,00,8,0,13.60,
13626,591,2239,02,A,00,8,0,13.60,
13627,591,2259,02,A,00,6,0,15.40,
13628,591,1232,02,B,00,1,0,20.50,
13629,591,839,02,B,00,1,0,20.50,
13630,591,1240,02,B,00,2,0,16.10,
13631,591,1230,02,B,00,2,0,16.10,
13632,591,1554,02,B,00,3,0,15.80,
13633,591,1401,02,B,00,3,0,15.80,
13634,591,1457,02,B,00,4,0,15.50,
13635,591,1458,02,B,00,4,0,15.50,
13636,591,1241,02,B,00,5,0,15.30,
13637,591,2256,02,B,00,5,0,15.30,
13638,591,1066,02,B,00,7,0,12.90,
13639,591,1438,02,B,00,7,0,12.90,
13640,591,1532,02,B,00,8,0,0.00,"Stefan injured"
13641,591,1603,02,B,00,8,0,0.00,
13642,591,2261,02,B,00,6,0,15.20,
13643,591,2260,02,B,00,6,0,15.20,
13644,591,923,02,A,02,1,0,19.40,
13646,591,1461,02,A,02,1,0,19.40,
13834,652,2251,00,,04,6,0,35.00,
13832,652,976,00,,04,4,0,45.00,
13650,591,1245,02,A,02,1,0,19.40,
13833,652,2250,00,,04,5,0,37.00,
13831,652,1323,00,,04,3,0,46.00,
13830,652,1032,00,,04,2,0,63.00,
13829,652,482,00,,04,1,0,87.00,dropless
13659,591,1554,02,A,02,2,0,17.30,
13660,591,1229,02,A,02,2,0,17.30,
13661,591,1401,02,A,02,2,0,17.30,
13662,591,1457,02,A,02,3,0,16.40,
13663,591,1066,02,A,02,3,0,16.40,
13664,591,1458,02,A,02,3,0,16.40,
13665,591,1241,02,A,02,4,0,14.30,
13666,591,2256,02,A,02,4,0,14.30,
13667,591,1617,02,A,02,4,0,14.30,
13668,591,1532,02,A,02,5,0,13.40,
13669,591,511,02,A,02,5,0,13.40,
13670,591,1250,02,A,02,5,0,13.40,
13671,591,1729,02,A,02,6,0,12.00,
13672,591,1733,02,A,02,6,0,12.00,
13673,591,1460,02,A,02,7,0,12.00,
13674,591,2240,02,A,02,7,0,12.00,
13675,591,2241,02,A,02,7,0,12.00,
13676,591,1244,02,B,02,1,0,20.60,
13677,591,1246,02,B,02,1,0,20.60,
13678,591,1240,02,B,02,1,0,20.60,
13679,591,839,02,B,02,2,0,17.30,
13680,591,233,02,B,02,2,0,17.30,
13681,591,1232,02,B,02,2,0,17.30,
13682,591,1228,02,B,02,3,0,15.70,
13683,591,1230,02,B,02,3,0,15.70,
13684,591,1557,02,B,02,3,0,15.70,
13685,591,1514,02,B,02,4,0,14.90,
13686,591,1602,02,B,02,4,0,14.90,
13687,591,1214,02,B,02,4,0,14.90,
13688,591,2261,02,B,02,5,0,13.20,
13689,591,2260,02,B,02,5,0,13.20,
13690,591,1193,02,B,02,5,0,13.20,
13691,591,341,02,B,02,6,0,12.80,
13692,591,2239,02,B,02,6,0,12.80,
13693,591,2238,02,B,02,6,0,12.80,
13694,591,1438,02,B,02,7,0,11.10,
13695,591,2237,02,B,02,7,0,11.10,
13696,591,1247,02,B,02,7,0,11.10,
13697,591,1778,02,B,02,8,0,10.70,
13698,591,2257,02,B,02,8,0,10.70,
13699,591,2258,02,B,02,8,0,10.70,
13700,591,1514,04,A,00,1,0,19.90,
13701,591,1557,04,A,00,1,0,19.90,
13702,591,1244,04,A,00,2,0,19.60,
13703,591,1246,04,A,00,2,0,19.60,
13704,591,1228,04,A,00,3,0,16.90,
13705,591,1229,04,A,00,3,0,16.90,
13706,591,2237,04,A,00,4,0,13.90,
13707,591,2238,04,A,00,4,0,13.90,
13708,591,1778,04,A,00,5,0,13.20,
13709,591,2258,04,A,00,5,0,13.20,
13710,591,511,04,A,00,6,0,12.50,
13711,591,1247,04,A,00,6,0,12.50,
13712,591,839,04,B,00,1,0,20.50,
13713,591,1401,04,B,00,2,0,16.80,
13714,591,1554,04,B,00,2,0,16.80,
13715,591,1066,04,B,00,3,0,14.40,
13716,591,1438,04,B,00,3,0,14.40,
13717,591,1457,04,B,00,4,0,13.80,
13718,591,1458,04,B,00,4,0,13.80,
13719,591,233,04,B,00,5,0,11.70,
13720,591,2264,04,B,00,5,0,11.70,
13721,591,1460,04,B,00,6,0,7.20,
13722,591,2257,04,B,00,6,0,7.20,
13723,591,1232,04,B,00,1,0,20.50,
13724,591,923,04,C,00,1,0,18.60,
13725,591,1214,04,C,00,1,0,18.60,
13726,591,1245,04,C,00,2,0,17.70,
13727,591,1461,04,C,00,2,0,17.70,
13728,591,1233,04,C,00,3,0,14.30,
13729,591,2239,04,C,00,3,0,14.30,
13730,591,2259,04,C,00,4,0,12.30,
13731,591,1193,04,C,00,4,0,12.30,
13732,591,1729,04,C,00,5,0,11.10,
13733,591,1733,04,C,00,5,0,11.10,
13734,591,1602,04,C,00,6,0,5.00,
13735,591,2265,04,C,00,6,0,5.00,
13736,591,1240,04,D,00,1,0,18.30,
13737,591,1230,04,D,00,1,0,18.30,
13738,591,2260,04,D,00,2,0,14.90,
13739,591,2261,04,D,00,2,0,14.90,
13740,591,1241,04,D,00,3,0,14.50,
13741,591,2256,04,D,00,3,0,14.50,
13742,591,1603,04,D,00,4,0,14.40,
13743,591,1532,04,D,00,4,0,14.40,
13744,591,2240,04,D,00,5,0,12.70,
13745,591,2241,04,D,00,5,0,12.70,
13746,591,1250,04,D,00,6,0,10.00,
13747,591,1617,04,D,00,6,0,10.00,
13748,630,815,02,B,01,1,0,0.00,
13749,630,828,02,B,01,1,0,0.00,
13750,630,2273,02,B,01,2,0,0.00,
13751,630,2274,02,B,01,2,0,0.00,
13752,630,356,02,B,01,3,0,0.00,
13753,630,1207,02,B,01,3,0,0.00,
13754,630,2276,02,B,01,4,0,0.00,"won spirit of the game!"
13755,630,421,02,B,01,4,0,0.00,thrower
13756,630,163,02,A,01,1,0,0.00,
13757,630,630,02,A,01,1,0,0.00,
13758,630,959,02,A,01,2,0,0.00,
13759,630,93,02,A,01,2,0,0.00,"thrower and dad!"
13760,630,2280,02,A,01,3,0,0.00,
13761,630,2279,02,A,01,3,0,0.00,
13762,630,2277,02,A,01,4,0,0.00,
13763,630,2278,02,A,01,4,0,0.00,
13764,630,163,00,,01,1,0,0.00,
13765,630,630,00,,01,1,0,0.00,
13766,630,815,00,,01,2,0,0.00,
13767,630,828,00,,01,2,0,0.00,
13768,630,2273,00,,01,3,0,0.00,
13769,630,2274,00,,01,3,0,0.00,
13770,630,959,00,,01,4,0,0.00,
13771,630,93,00,,01,4,0,0.00,"Proud papa thrower"
13772,630,268,02,B,00,1,0,0.00,
13773,630,370,02,B,00,1,0,0.00,
13774,630,436,02,B,00,2,0,0.00,
13775,630,708,02,B,00,2,0,0.00,
13776,630,105,02,B,00,3,0,0.00,
13777,630,880,02,B,00,3,0,0.00,
13778,630,93,02,B,00,4,0,0.00,
13779,630,254,02,B,00,4,0,0.00,
13780,630,2281,02,B,00,5,0,0.00,
13781,630,2282,02,B,00,5,0,0.00,
13782,630,451,02,B,00,6,0,0.00,
13783,630,788,02,B,00,6,0,0.00,
13784,630,355,02,B,00,7,0,0.00,
13785,630,797,02,B,00,7,0,0.00,
13786,630,876,02,B,00,8,0,0.00,
13787,630,878,02,B,00,8,0,0.00,
13788,630,421,02,A,00,1,0,0.00,
13789,630,470,02,A,00,1,0,0.00,
13790,630,85,02,A,00,2,0,0.00,
13791,630,460,02,A,00,2,0,0.00,
13792,630,1201,02,A,00,3,0,0.00,
13793,630,471,02,A,00,3,0,0.00,
13794,630,118,02,A,00,4,0,0.00,
13795,630,866,02,A,00,4,0,0.00,
13796,630,149,02,A,00,5,0,0.00,
13797,630,150,02,A,00,5,0,0.00,
13798,630,49,02,A,00,6,0,0.00,
13799,630,1,02,A,00,6,0,0.00,
13800,630,141,02,A,00,7,0,0.00,
13801,630,837,02,A,00,7,0,0.00,
13802,630,1007,02,A,00,8,0,0.00,
13803,630,907,02,A,00,8,0,0.00,
13804,630,2284,02,A,00,9,0,0.00,
13805,630,2283,02,A,00,9,0,0.00,
13806,630,421,00,,00,1,0,0.00,
13807,630,470,00,,00,1,0,0.00,
13808,630,85,00,,00,2,0,0.00,
13809,630,460,00,,00,2,0,0.00,
13810,630,268,00,,00,3,0,0.00,
13811,630,370,00,,00,3,0,0.00,
13812,630,118,00,,00,4,0,0.00,
13813,630,866,00,,00,4,0,0.00,
13814,630,436,00,,00,5,0,0.00,
13815,630,708,00,,00,5,0,0.00,
13816,630,105,00,,00,6,0,0.00,
13817,630,880,00,,00,6,0,0.00,
13818,630,1201,00,,00,7,0,0.00,
13819,630,471,00,,00,7,0,0.00,
13820,630,93,00,,00,8,0,0.00,
13821,630,254,00,,00,8,0,0.00,
13822,645,470,00,,00,1,0,0.00,
13823,645,280,00,,00,1,0,0.00,
13824,647,2285,00,,04,1,0,0.00,
13825,647,2290,00,,04,2,0,0.00,
13826,647,2287,00,,04,3,0,0.00,
13827,647,2288,00,,04,4,0,0.00,
13828,647,2289,00,,04,5,0,0.00,
13835,650,1756,02,A,06,1,0,17.80,
13836,650,1757,02,A,06,1,0,17.80,
13837,650,1067,02,A,06,1,0,17.80,
13838,650,233,02,A,06,2,0,17.25,
13839,650,2292,02,A,06,2,0,17.25,
13840,650,1776,02,A,06,3,0,16.80,
13841,650,2264,02,A,06,3,0,16.80,
13842,650,2241,02,A,06,4,0,16.60,
13843,650,2269,02,A,06,4,0,16.60,
13844,650,2260,02,A,06,5,0,13.20,
13845,650,2293,02,A,06,5,0,13.20,
13846,650,1244,02,B,06,1,0,20.75,
13847,650,1240,02,B,06,1,0,20.75,
13848,650,1532,02,B,06,2,0,15.35,
13849,650,1603,02,B,06,2,0,15.35,
13850,650,2237,02,B,06,3,0,15.00,
13851,650,2238,02,B,06,3,0,15.00,
13852,650,1233,02,B,06,4,0,12.20,
13853,650,2295,02,B,06,4,0,12.20,
13854,650,2294,02,B,06,5,0,10.23,
13855,650,2291,02,B,06,5,0,10.23,
13856,650,1244,00,,06,1,0,22.75,
13857,650,1240,00,,06,1,0,22.75,
13858,650,1776,00,,06,2,0,19.05,
13859,650,2264,00,,06,2,0,19.05,
13860,650,1532,00,,06,3,0,17.80,
13861,650,1603,00,,06,3,0,17.80,
13862,650,233,00,,06,4,0,17.60,
13863,650,2292,00,,06,4,0,17.60,
13864,650,2237,00,,06,5,0,16.30,
13865,650,2238,00,,06,5,0,16.30,
13866,650,1756,00,,06,6,0,15.90,
13867,650,1757,00,,06,6,0,15.90,
13868,650,1067,00,,06,6,0,15.90,
13869,623,710,00,,06,1,0,0.00,
13870,623,421,00,,06,1,0,0.00,
13871,666,1409,02,,00,1,0,18.40,
13872,666,1401,02,,00,1,0,18.40,
13873,666,1778,02,,00,2,0,17.80,
13874,666,1230,02,,00,2,0,17.80,
13875,666,1250,02,,00,3,0,17.60,
13876,666,1228,02,,00,3,0,17.60,
13877,666,1557,02,,00,4,0,17.30,
13878,666,1514,02,,00,4,0,17.30,
13879,666,1424,02,,00,5,0,14.90,
13880,666,1618,02,,00,5,0,14.90,
13881,666,1229,02,,00,6,0,13.60,
13882,666,511,02,,00,6,0,13.60,
13883,666,1409,00,,00,1,0,19.40,
13884,666,1401,00,,00,1,0,19.40,
13885,666,1557,00,,00,2,0,18.60,
13886,666,1514,00,,00,2,0,18.60,
13887,666,1778,00,,00,3,0,18.20,
13888,666,1230,00,,00,3,0,18.20,
13889,666,1250,00,,00,4,0,16.70,
13890,666,1228,00,,00,4,0,16.70,
13891,666,1229,00,,00,5,0,15.40,
13892,666,511,00,,00,5,0,15.40,
13893,666,1424,00,,00,6,0,14.70,
13894,666,1618,00,,00,6,0,14.70,
13895,653,470,02,A,00,1,0,69.50,
13896,653,1314,02,A,00,1,0,69.50,
13897,653,923,02,A,00,2,0,62.50,
13898,653,1409,02,A,00,2,0,62.50,
13899,653,933,02,A,00,3,0,57.70,
13900,653,1425,02,A,00,3,0,57.70,
13901,653,2253,02,A,00,4,0,50.60,
13902,653,1607,02,A,00,4,0,50.60,
13903,653,1115,02,A,00,5,0,50.30,
13904,653,1608,02,A,00,5,0,50.30,
13905,653,2297,02,A,00,6,0,35.30,
13906,653,2298,02,A,00,6,0,35.30,
13907,653,145,02,B,00,1,0,62.80,
13908,653,1717,02,B,00,1,0,62.80,
13909,653,1080,02,B,00,2,0,61.10,
13910,653,2252,02,B,00,2,0,61.10,
13911,653,911,02,B,00,3,0,59.90,
13912,653,1605,02,B,00,3,0,59.90,
13913,653,1595,02,B,00,4,0,53.20,"e Alessandro Fogazzi"
13914,653,1255,02,B,00,4,0,53.20,
13915,653,1428,02,B,00,5,0,51.00,
13916,653,2254,02,B,00,5,0,51.00,
13917,653,1428,06,,06,1,0,40.10,
13918,653,1253,06,,06,1,0,40.10,
13919,653,1115,06,,06,2,0,35.90,
13920,653,1608,06,,06,2,0,35.90,
13921,653,2253,06,,06,3,0,34.10,
13922,653,1607,06,,06,3,0,34.10,
13923,653,1595,06,,06,4,0,33.20,
13924,653,1255,06,,06,4,0,33.20,
13925,653,2299,06,,06,4,0,33.20,
13926,653,2298,06,,06,5,0,28.50,
13927,653,2297,06,,06,5,0,28.50,
13928,653,145,00,,00,1,0,48.60,
13929,653,1717,00,,00,1,0,48.60,
13930,653,911,00,,00,2,0,45.70,
13931,653,1605,00,,00,2,0,45.70,
13932,653,470,00,,00,3,0,45.50,
13933,653,1314,00,,00,3,0,45.50,
13934,653,933,00,,00,4,0,43.30,
13935,653,1425,00,,00,4,0,43.30,
13936,653,1080,00,,00,5,0,42.90,
13937,653,2252,00,,00,5,0,42.90,
13938,653,923,00,,00,6,0,42.10,
13939,653,1409,00,,00,6,0,42.10,
13940,653,1428,00,,00,7,0,39.50,
13941,653,2254,00,,00,7,0,39.50,
13942,653,470,02,A,02,1,0,62.60,
13943,653,911,02,A,02,1,0,62.60,
13944,653,933,02,A,02,1,0,62.60,
13945,653,1255,02,A,02,2,0,57.60,
13946,653,923,02,A,02,2,0,57.60,
13947,653,1595,02,A,02,2,0,57.60,
13948,653,1608,02,A,02,3,0,42.40,
13949,653,1115,02,A,02,3,0,42.40,
13950,653,1607,02,A,02,3,0,42.40,
13951,653,2300,02,A,02,4,0,30.50,"e Riccardo Sanna"
13952,653,2298,02,A,02,4,0,30.50,
13953,653,2297,02,A,02,4,0,30.50,
13954,653,145,02,B,02,1,0,66.00,
13955,653,1717,02,B,02,1,0,66.00,
13956,653,1080,02,B,02,1,0,66.00,
13957,653,2252,02,B,02,2,0,51.80,
13958,653,1425,02,B,02,2,0,51.80,
13959,653,1428,02,B,02,2,0,51.80,
13960,653,1605,02,B,02,3,0,44.70,
13961,653,1314,02,B,02,3,0,44.70,
13962,653,2253,02,B,02,3,0,44.70,
13963,653,145,00,,02,1,0,47.30,
13964,653,1717,00,,02,1,0,47.30,
13965,653,1080,00,,02,1,0,47.30,
13966,653,470,00,,02,2,0,42.70,
13967,653,911,00,,02,2,0,42.70,
13968,653,933,00,,02,2,0,42.70,
13969,653,1428,00,,02,3,0,38.50,
13970,653,2252,00,,02,3,0,38.50,
13971,653,1425,00,,02,3,0,38.50,
13972,653,1595,00,,02,4,0,38.40,
13973,653,1255,00,,02,4,0,38.40,
13974,653,923,00,,02,4,0,38.40,
13975,653,923,00,,03,1,0,41.00,
13976,653,1255,00,,03,1,0,41.00,
13977,653,145,00,,03,2,0,40.40,
13978,653,2253,00,,03,2,0,40.40,
13979,653,1717,00,,03,3,0,39.40,
13980,653,2300,00,,03,3,0,39.40,
13981,653,911,00,,03,4,0,38.70,
13982,653,1425,00,,03,4,0,38.70,
13983,615,911,02,A,06,1,0,54.10,
13984,615,2252,02,A,06,1,0,54.10,
13985,615,2296,02,A,06,1,0,54.10,
13986,615,1412,02,A,06,2,0,40.70,
13987,615,1214,02,A,06,2,0,40.70,
13988,615,1430,02,A,06,3,0,29.20,
13989,615,1607,02,A,06,3,0,29.20,
13990,615,1414,02,A,06,3,0,29.20,
13991,615,145,02,B,00,1,0,48.90,
13992,615,1717,02,B,00,1,0,48.90,
13993,615,923,02,B,00,2,0,48.10,
13994,615,1595,02,B,00,2,0,48.10,
13995,615,1255,02,B,00,3,0,39.10,
13996,615,1424,02,B,00,3,0,39.10,
13997,615,2255,02,B,00,4,0,25.30,
13998,615,1427,02,B,00,4,0,25.30,
13999,615,1255,01,,06,1,0,39.10,
14000,615,1424,01,,06,1,0,39.10,
14001,615,1430,01,,06,2,0,25.30,
14002,615,1607,01,,06,2,0,25.30,
14003,615,1414,01,,06,2,0,25.30,
14004,615,1427,01,,06,3,0,0.00,scratch
14005,615,2255,01,,06,3,0,0.00,
14006,615,145,00,,00,1,0,41.80,
14007,615,1717,00,,00,1,0,41.80,
14008,615,923,00,,00,2,0,41.60,
14009,615,1595,00,,00,2,0,41.60,
14010,615,1412,00,,00,3,0,40.90,
14011,615,1214,00,,00,3,0,40.90,
14012,615,911,00,,00,4,0,39.70,
14013,615,2252,00,,00,4,0,39.70,
14014,615,1255,00,,00,5,0,36.30,
14015,615,1424,00,,00,5,0,36.30,
14016,594,923,00,,06,1,0,63.90,
14017,594,911,00,,06,1,0,63.90,
14018,594,914,00,,06,2,0,61.20,
14019,594,1081,00,,06,2,0,61.20,
14020,594,30,00,,06,3,0,59.20,
14021,594,145,00,,06,3,0,59.20,
14022,594,1228,00,,06,4,0,58.60,
14023,594,1429,00,,06,4,0,58.60,
14024,594,1613,00,,06,5,0,53.70,
14025,594,1614,00,,06,5,0,53.70,
14026,594,1717,00,,06,6,0,53.40,
14027,594,1080,00,,06,6,0,53.40,
14028,594,1409,00,,06,7,0,47.40,
14029,594,1229,00,,06,7,0,47.40,
14030,594,934,00,,06,8,0,46.60,
14031,594,909,00,,06,8,0,46.60,
14032,594,914,02,A,00,1,0,53.35,
14033,594,1081,02,A,00,1,0,53.35,
14034,594,1228,02,A,00,2,0,45.00,
14035,594,1429,02,A,00,2,0,45.00,
14036,594,1409,02,A,00,3,0,44.98,
14037,594,1229,02,A,00,3,0,44.98,
14038,594,934,02,A,00,4,0,44.36,
14039,594,909,02,A,00,4,0,44.36,
14040,594,930,02,A,00,5,0,43.10,
14041,594,1593,02,A,00,5,0,43.10,
14042,594,1255,02,A,00,6,0,41.97,
14043,594,1425,02,A,00,6,0,41.97,
14044,594,1421,02,A,00,7,0,39.78,
14045,594,1422,02,A,00,7,0,39.78,
14046,594,2252,02,A,00,8,0,38.22,
14047,594,1605,02,A,00,8,0,38.22,
14048,594,923,02,B,00,1,0,65.40,
14049,594,911,02,B,00,1,0,65.40,
14050,594,1717,02,B,00,2,0,56.90,
14051,594,1080,02,B,00,2,0,56.90,
14052,594,30,02,B,00,3,0,56.30,
14053,594,145,02,B,00,3,0,56.30,
14054,594,1613,02,B,00,4,0,55.30,
14055,594,1614,02,B,00,4,0,55.30,
14056,594,1193,02,B,00,5,0,54.40,
14057,594,410,02,B,00,5,0,54.40,
14058,594,1246,02,B,00,6,0,53.20,
14059,594,1244,02,B,00,6,0,53.20,
14060,594,925,02,B,00,7,0,52.80,
14061,594,908,02,B,00,7,0,52.80,
14062,594,1428,02,B,00,8,0,51.90,
14063,594,1424,02,B,00,8,0,51.90,
14064,594,1421,04,A,00,1,0,54.00,
14065,594,1422,04,A,00,1,0,54.00,
14066,594,1428,04,A,00,2,0,53.70,
14067,594,1424,04,A,00,2,0,53.70,
14068,594,2301,04,A,00,3,0,52.80,
14069,594,1458,04,A,00,3,0,52.80,
14070,594,2268,04,A,00,4,0,47.30,
14071,594,2271,04,A,00,4,0,47.30,
14072,594,2266,04,A,00,5,0,46.80,
14073,594,2267,04,A,00,5,0,46.80,
14074,594,2260,04,A,00,6,0,41.10,
14075,594,2261,04,A,00,6,0,41.10,
14076,594,936,04,A,00,7,0,37.70,
14077,594,1590,04,A,00,7,0,37.70,
14078,594,2245,04,A,00,8,0,36.00,
14079,594,2247,04,A,00,8,0,36.00,
14080,594,2302,04,A,00,9,0,35.40,
14081,594,2253,04,A,00,9,0,35.40,
14082,594,1613,04,B,00,1,0,52.90,
14083,594,1614,04,B,00,1,0,52.90,
14084,594,2252,04,B,00,2,0,49.70,
14085,594,1605,04,B,00,2,0,49.70,
14086,594,912,04,B,00,3,0,48.70,
14087,594,921,04,B,00,3,0,48.70,
14088,594,1430,04,B,00,4,0,47.40,
14089,594,2303,04,B,00,4,0,47.40,
14090,594,1554,04,B,00,5,0,46.80,
14091,594,1778,04,B,00,5,0,46.80,
14092,594,933,04,B,00,6,0,46.40,
14093,594,1624,04,B,00,6,0,46.40,
14094,594,1460,04,B,00,7,0,42.40,
14095,594,1729,04,B,00,7,0,42.40,
14096,594,2304,04,B,00,8,0,28.60,
14097,594,2305,04,B,00,8,0,28.60,
14098,670,1229,02,,00,1,0,20.65,
14099,670,1218,02,,00,1,0,20.65,
14100,670,1250,02,,00,2,0,19.30,
14101,670,1401,02,,00,2,0,19.30,
14102,670,1230,02,,00,3,0,18.18,
14103,670,511,02,,00,3,0,18.18,
14104,670,1514,02,,00,4,0,17.70,
14105,670,1557,02,,00,5,0,16.20,
14106,670,1778,02,,00,5,0,16.20,
14107,670,1229,00,,00,1,0,20.46,
14108,670,1218,00,,00,1,0,20.46,
14109,670,1250,00,,00,2,0,20.00,
14110,670,1401,00,,00,2,0,20.00,
14111,670,1557,00,,00,3,0,17.93,
14112,670,1778,00,,00,3,0,17.93,
14113,670,1230,00,,00,4,0,17.28,
14114,670,511,00,,00,4,0,17.28,
14115,670,1514,00,,00,5,0,17.02,
14116,659,2237,02,A,02,1,4,24.30,
14117,659,2264,02,A,02,1,4,24.30,
14118,659,1438,02,A,02,1,4,24.30,
14119,659,2306,02,A,02,2,3,26.50,
14120,659,2267,02,A,02,2,3,26.50,
14121,659,2307,02,A,02,2,3,26.50,
14122,659,1229,02,A,02,3,5,23.70,
14123,659,2266,02,A,02,3,5,23.70,
14124,659,2310,02,A,02,3,5,23.70,
14125,659,1109,02,A,02,4,2,27.60,
14126,659,2308,02,A,02,4,2,27.60,
14127,659,2268,02,A,02,4,2,27.60,
14128,659,470,02,A,02,5,1,38.40,
14129,659,923,02,A,02,5,1,38.40,
14130,659,1593,02,A,02,5,1,38.40,
14131,659,2312,02,B,02,1,4,24.30,
14132,659,1778,02,B,02,1,4,24.30,
14133,659,1514,02,B,02,1,4,24.30,
14134,659,1590,02,B,02,2,5,22.90,
14135,659,2309,02,B,02,2,5,22.90,
14136,659,2311,02,B,02,2,5,22.90,
14137,659,1776,02,B,02,3,2,33.80,
14138,659,2271,02,B,02,3,2,33.80,
14139,659,1228,02,B,02,3,2,33.80,
14140,659,1424,02,B,02,4,3,33.40,
14141,659,1554,02,B,02,4,3,33.40,
14142,659,982,02,B,02,4,3,33.40,
14143,659,1076,02,B,02,5,1,35.90,
14144,659,1613,02,B,02,5,1,35.90,
14145,659,1614,02,B,02,5,1,35.90,
14146,659,2267,00,,02,1,5,29.00,
14147,659,2306,00,,02,1,5,29.00,
14148,659,2307,00,,02,1,5,29.00,
14149,659,1109,00,,02,2,6,26.50,
14150,659,2308,00,,02,2,6,26.50,
14151,659,2268,00,,02,2,6,26.50,
14152,659,1424,00,,02,3,4,32.60,
14153,659,1554,00,,02,3,4,32.60,
14154,659,982,00,,02,3,4,32.60,
14155,659,1076,00,,02,4,3,36.70,
14156,659,1613,00,,02,4,3,36.70,
14157,659,1614,00,,02,4,3,36.70,
14158,659,1776,00,,02,5,2,37.00,
14159,659,2271,00,,02,5,2,37.00,
14160,659,1228,00,,02,5,2,37.00,
14161,659,470,00,,02,6,1,41.60,
14162,659,923,00,,02,6,1,41.60,
14163,659,1593,00,,02,6,1,41.60,
14164,659,2307,02,A,00,1,7,27.10,
14165,659,2306,02,A,00,1,7,27.10,
14166,659,1109,02,A,00,2,4,31.70,
14167,659,982,02,A,00,2,4,31.70,
14168,659,1076,02,A,00,3,3,33.20,
14169,659,2271,02,A,00,3,3,33.20,
14170,659,1228,02,A,00,4,2,36.40,
14171,659,1229,02,A,00,4,2,36.40,
14172,659,1778,02,A,00,5,6,28.00,
14173,659,1438,02,A,00,5,6,28.00,
14174,659,1514,02,A,00,6,5,29.40,
14175,659,2312,02,A,00,6,5,29.40,
14176,659,923,02,A,00,7,1,41.70,
14177,659,470,02,A,00,7,1,41.70,
14178,659,2242,02,B,00,1,7,33.80,
14179,659,2237,02,B,00,1,7,33.80,
14180,659,2308,02,B,00,2,3,36.20,
14181,659,2268,02,B,00,2,3,36.20,
14182,659,2266,02,B,00,3,6,34.30,
14183,659,2267,02,B,00,3,6,34.30,
14184,659,1613,02,B,00,4,1,45.70,
14185,659,1614,02,B,00,4,1,45.70,
14186,659,1424,02,B,00,5,2,40.80,
14187,659,1554,02,B,00,5,2,40.80,
14188,659,1776,02,B,00,6,5,35.20,
14189,659,2264,02,B,00,6,5,35.20,
14190,659,1593,02,B,00,7,4,36.10,
14191,659,1590,02,B,00,7,4,36.10,
14192,659,2311,02,B,00,8,8,30.60,
14193,659,2309,02,B,00,8,8,30.60,
14194,659,923,00,,00,1,1,46.70,
14195,659,470,00,,00,1,1,46.70,
14196,659,1613,00,,00,2,2,45.50,
14197,659,1614,00,,00,2,2,45.50,
14198,659,1424,00,,00,3,3,39.50,
14199,659,1554,00,,00,3,3,39.50,
14200,659,1228,00,,00,4,4,38.40,
14201,659,1229,00,,00,4,4,38.40,
14202,659,1076,00,,00,5,5,38.10,
14203,659,2271,00,,00,5,5,38.10,
14204,659,2308,00,,00,6,6,33.90,
14205,659,2268,00,,00,6,6,33.90,
14206,659,1109,00,,00,7,7,32.40,
14207,659,982,00,,00,7,7,32.40,
14208,659,1593,00,,00,8,8,28.10,
14209,659,1590,00,,00,8,8,28.10,
14210,661,97,00,,00,1,0,69.80,
14211,661,482,00,,00,1,0,69.80,
14212,661,708,00,,00,2,0,59.20,
14213,661,436,00,,00,2,0,59.20,
14214,661,1323,00,,00,3,0,56.90,
14215,661,25,00,,00,3,0,56.90,
14216,661,25,00,,00,4,0,48.30,
14217,661,2314,00,,00,4,0,48.30,
14218,661,2250,00,,00,5,0,47.90,
14219,661,1032,00,,00,5,0,47.90,
14220,661,962,00,,00,6,0,47.20,
14221,661,2313,00,,00,6,0,47.20,
14222,661,1487,00,,00,7,0,39.40,
14223,661,2251,00,,00,7,0,39.40,
14224,623,268,02,A,00,1,0,0.00,
14225,623,269,02,A,00,1,0,0.00,
14226,623,47,02,A,00,2,0,0.00,
14227,623,630,02,A,00,2,0,0.00,
14228,623,880,02,A,00,3,0,0.00,
14229,623,864,02,A,00,3,0,0.00,
14230,623,712,02,A,00,4,0,0.00,
14231,623,1184,02,A,00,4,0,0.00,
14232,623,421,02,B,00,1,0,0.00,
14233,623,710,02,B,00,1,0,0.00,
14234,623,473,02,B,00,2,0,0.00,
14235,623,508,02,B,00,2,0,0.00,
14236,623,328,02,B,00,3,0,0.00,
14237,623,968,02,B,00,3,0,0.00,
14238,623,163,02,B,00,4,0,0.00,
14239,623,815,02,B,00,4,0,0.00,
14240,623,508,00,,06,2,0,0.00,
14241,623,473,00,,06,2,0,0.00,
14242,623,269,00,,06,3,0,0.00,
14243,623,268,00,,06,3,0,0.00,
14244,623,880,00,,06,4,0,0.00,
14245,623,864,00,,06,4,0,0.00,
14246,623,370,00,,06,4,0,0.00,
14247,623,630,00,,06,5,0,0.00,
14248,623,47,00,,06,5,0,0.00,
14249,623,968,00,,06,6,0,0.00,
14250,623,2236,00,,06,6,0,0.00,
14251,623,328,00,,06,6,0,0.00,
14252,623,47,00,,01,1,0,0.00,
14253,623,630,00,,01,1,0,0.00,
14254,623,163,00,,01,2,0,0.00,
14255,623,815,00,,01,2,0,0.00,
14256,602,701,05,A,00,1,0,62.20,
14257,602,533,05,A,00,1,0,62.20,
14258,602,2301,05,A,00,2,0,60.10,
14259,602,1458,05,A,00,2,0,60.10,
14260,602,1429,05,A,00,3,0,59.90,
14261,602,1428,05,A,00,3,0,59.90,
14262,602,2261,05,A,00,4,0,52.40,
14263,602,1193,05,A,00,4,0,52.40,
14264,602,1750,05,A,00,5,0,51.00,
14265,602,1751,05,A,00,5,0,51.00,
14266,602,2268,05,A,00,6,0,49.20,
14267,602,2308,05,A,00,6,0,49.20,
14268,602,2266,05,A,00,7,0,41.50,
14269,602,2267,05,A,00,7,0,41.50,
14270,602,2291,05,A,00,8,0,30.20,
14271,602,1846,05,A,00,8,0,30.20,
14272,602,1408,05,B,00,1,0,63.20,
14273,602,1409,05,B,00,1,0,63.20,
14274,602,887,05,B,00,2,0,61.40,
14275,602,1776,05,B,00,2,0,61.40,
14276,602,1412,05,B,00,3,0,60.90,
14277,602,1413,05,B,00,3,0,60.90,
14278,602,708,05,B,00,4,0,60.10,
14279,602,855,05,B,00,4,0,60.10,
14280,602,1736,05,B,00,5,0,56.70,
14281,602,1727,05,B,00,5,0,56.70,
14282,602,2271,05,B,00,6,0,52.30,
14283,602,2242,05,B,00,6,0,52.30,
14284,602,1115,05,B,00,7,0,48.60,
14285,602,1608,05,B,00,7,0,48.60,
14286,602,1250,05,B,00,8,0,43.00,
14287,602,1590,05,B,00,8,0,43.00,
14288,602,2240,05,B,00,9,0,41.90,
14289,602,1729,05,B,00,9,0,41.90,
14290,602,864,05,C,00,1,0,58.70,
14291,602,1077,05,C,00,1,0,58.70,
14292,602,280,05,C,00,2,0,55.50,
14293,602,436,05,C,00,2,0,55.50,
14294,602,1424,05,C,00,3,0,51.70,
14295,602,44,05,C,00,3,0,51.70,
14296,602,1245,05,C,00,4,0,50.20,
14297,602,1711,05,C,00,4,0,50.20,
14298,602,75,05,C,00,5,0,42.50,
14299,602,946,05,C,00,5,0,42.50,
14300,602,936,05,C,00,6,0,41.40,
14301,602,1313,05,C,00,6,0,41.40,
14302,602,2317,05,C,00,7,0,0.00,
14303,602,2318,05,C,00,7,0,0.00,
14304,602,1422,05,D,00,1,0,52.90,
14305,602,1229,05,D,00,1,0,52.90,
14306,602,1421,05,D,00,2,0,51.30,
14307,602,1423,05,D,00,2,0,51.30,
14308,602,163,05,D,00,3,0,51.00,
14309,602,1514,05,D,00,3,0,51.00,
14310,602,1554,05,D,00,4,0,50.30,
14311,602,1401,05,D,00,4,0,50.30,
14312,602,1280,05,D,00,5,0,41.90,
14313,602,2319,05,D,00,5,0,41.90,
14314,602,1617,05,D,00,6,0,37.90,
14315,602,2260,05,D,00,6,0,37.90,
14316,602,1233,05,D,00,7,0,36.60,
14317,602,2239,05,D,00,7,0,36.60,
14318,602,370,04,A,00,1,0,61.20,
14319,602,923,04,A,00,1,0,61.20,
14320,602,852,04,A,00,2,0,60.70,
14321,602,421,04,A,00,2,0,60.70,
14322,602,710,04,A,00,3,0,60.60,
14323,602,567,04,A,00,3,0,60.60,
14324,602,701,04,A,00,4,0,58.10,
14325,602,533,04,A,00,4,0,58.10,
14326,602,1409,04,A,00,5,0,57.80,
14327,602,1408,04,A,00,5,0,57.80,
14328,602,44,04,A,00,6,0,55.50,
14329,602,1424,04,A,00,6,0,55.50,
14330,602,1412,04,A,00,7,0,45.20,
14331,602,1413,04,A,00,7,0,45.20,
14332,602,1751,04,A,00,8,0,39.10,
14333,602,1750,04,A,00,8,0,39.10,
14334,602,470,04,B,00,1,0,64.60,
14335,602,892,04,B,00,1,0,64.60,
14336,602,1232,04,B,00,2,0,60.60,
14337,602,839,04,B,00,2,0,60.60,
14338,602,145,04,B,00,3,0,59.70,
14339,602,30,04,B,00,3,0,59.70,
14340,602,328,04,B,00,4,0,57.10,
14341,602,1244,04,B,00,4,0,57.10,
14342,602,864,04,B,00,5,0,56.00,
14343,602,1077,04,B,00,5,0,56.00,
14344,602,1429,04,B,00,6,0,50.10,
14345,602,1428,04,B,00,6,0,50.10,
14346,602,1245,04,B,00,7,0,47.30,
14347,602,1711,04,B,00,7,0,47.30,
14348,602,2301,04,B,00,8,0,47.20,
14349,602,1458,04,B,00,8,0,47.20,
14350,602,914,04,C,00,1,0,66.90,
14351,602,1081,04,C,00,1,0,66.90,
14352,602,473,04,C,00,2,0,65.30,
14353,602,508,04,C,00,2,0,65.30,
14354,602,163,04,C,00,3,0,55.30,
14355,602,1514,04,C,00,3,0,55.30,
14356,602,1422,04,C,00,4,0,55.00,
14357,602,1229,04,C,00,4,0,55.00,
14358,602,908,04,C,00,5,0,53.80,
14359,602,933,04,C,00,5,0,53.80,
14360,602,2261,04,C,00,6,0,53.50,
14361,602,1193,04,C,00,6,0,53.50,
14362,602,887,04,C,00,7,0,49.30,
14363,602,1776,04,C,00,7,0,49.30,
14364,602,1230,04,C,00,8,0,48.80,
14365,602,1240,04,C,00,8,0,48.80,
14366,602,268,04,D,00,1,0,69.80,
14367,602,269,04,D,00,1,0,69.80,
14368,602,482,04,D,00,2,0,66.30,
14369,602,97,04,D,00,2,0,66.30,
14370,602,1214,04,D,00,3,0,61.40,
14371,602,1314,04,D,00,3,0,61.40,
14372,602,911,04,D,00,4,0,61.40,
14373,602,1228,04,D,00,4,0,61.40,
14374,602,1421,04,D,00,5,0,54.40,
14375,602,1423,04,D,00,5,0,54.40,
14376,602,1554,04,D,00,6,0,52.50,
14377,602,1401,04,D,00,6,0,52.50,
14378,602,708,04,D,00,7,0,49.80,
14379,602,855,04,D,00,7,0,49.80,
14380,602,280,04,D,00,8,0,49.30,
14381,602,436,04,D,00,8,0,49.30,
14382,602,482,04,A,02,1,0,66.60,
14383,602,470,04,A,02,1,0,66.60,
14384,602,508,04,A,02,1,0,66.60,
14385,602,887,04,A,02,2,0,53.70,
14386,602,328,04,A,02,2,0,53.70,
14387,602,269,04,A,02,2,0,53.70,
14388,602,268,04,A,02,3,0,46.40,
14389,602,852,04,A,02,3,0,46.40,
14390,602,1067,04,A,02,3,0,46.40,
14391,602,2266,04,A,02,4,0,46.20,
14392,602,2267,04,A,02,4,0,46.20,
14393,602,2242,04,A,02,4,0,46.20,
14394,602,1425,04,A,02,5,0,45.30,
14395,602,1418,04,A,02,5,0,45.30,
14396,602,2253,04,A,02,5,0,45.30,
14397,602,280,04,A,02,6,0,44.40,
14398,602,855,04,A,02,6,0,44.40,
14399,602,436,04,A,02,6,0,44.40,
14400,602,2268,04,A,02,7,0,42.30,
14401,602,2308,04,A,02,7,0,42.30,
14402,602,2271,04,A,02,7,0,42.30,
14403,602,421,04,B,02,1,0,66.30,
14404,602,370,04,B,02,1,0,66.30,
14405,602,97,04,B,02,1,0,66.30,
14406,602,1230,04,B,02,2,0,57.20,
14407,602,1554,04,B,02,2,0,57.20,
14408,602,1401,04,B,02,2,0,57.20,
14409,602,1428,04,B,02,3,0,55.20,
14410,602,1429,04,B,02,3,0,55.20,
14411,602,1413,04,B,02,3,0,55.20,
14412,602,911,04,B,02,4,0,55.00,
14413,602,1409,04,B,02,4,0,55.00,
14414,602,1214,04,B,02,4,0,55.00,
14415,602,1711,04,B,02,5,0,45.30,
14416,602,1280,04,B,02,5,0,45.30,
14417,602,1776,04,B,02,5,0,45.30,
14418,602,2261,04,B,02,6,0,43.50,
14419,602,1193,04,B,02,6,0,43.50,
14420,602,2260,04,B,02,6,0,43.50,
14421,602,1233,04,B,02,7,0,35.80,
14422,602,2239,04,B,02,7,0,35.80,
14423,602,2238,04,B,02,7,0,35.80,
14424,602,923,04,C,02,1,0,65.40,
14425,602,914,04,C,02,1,0,65.40,
14426,602,1081,04,C,02,1,0,65.40,
14427,602,1228,04,C,02,2,0,60.80,
14428,602,1244,04,C,02,2,0,60.80,
14429,602,1240,04,C,02,2,0,60.80,
14430,602,1314,04,C,02,3,0,60.80,
14431,602,1412,04,C,02,3,0,60.80,
14432,602,1408,04,C,02,3,0,60.80,
14433,602,44,04,C,02,4,0,57.00,
14434,602,1255,04,C,02,4,0,57.00,
14435,602,1245,04,C,02,4,0,57.00,
14436,602,908,04,C,02,5,0,52.60,
14437,602,933,04,C,02,5,0,52.60,
14438,602,1077,04,C,02,5,0,52.60,
14439,602,1229,04,C,02,6,0,50.90,
14440,602,1727,04,C,02,6,0,50.90,
14441,602,1736,04,C,02,6,0,50.90,
14442,602,1403,04,C,02,7,0,48.10,
14443,602,1447,04,C,02,7,0,48.10,
14444,602,486,04,C,02,7,0,48.10,
14445,602,2301,04,C,02,8,0,47.30,
14446,602,1458,04,C,02,8,0,47.30,
14447,602,2242,04,C,02,8,0,47.30,
14448,602,473,04,D,02,1,0,70.30,
14449,602,567,04,D,02,1,0,70.30,
14450,602,710,04,D,02,1,0,70.30,
14451,602,30,04,D,02,2,0,67.30,
14452,602,145,04,D,02,2,0,67.30,
14453,602,892,04,D,02,2,0,67.30,
14454,602,1421,04,D,02,3,0,59.90,
14455,602,1423,04,D,02,3,0,59.90,
14456,602,1422,04,D,02,3,0,59.90,
14457,602,701,04,D,02,4,0,59.40,
14458,602,864,04,D,02,4,0,59.40,
14459,602,533,04,D,02,4,0,59.40,
14460,602,1750,04,D,02,5,0,48.40,
14461,602,1751,04,D,02,5,0,48.40,
14462,602,1846,04,D,02,5,0,48.40,
14463,602,1608,04,D,02,6,0,40.80,
14464,602,946,04,D,02,6,0,40.80,
14465,602,1115,04,D,02,6,0,40.80,
14466,602,75,04,D,02,7,0,40.10,
14467,602,2240,04,D,02,7,0,40.10,
14468,602,71,04,D,02,7,0,40.10,
14469,602,936,04,D,02,8,0,36.30,
14470,602,1313,04,D,02,8,0,36.30,
14471,602,1590,04,D,02,8,0,36.30,
14472,602,482,02,A,02,1,0,63.10,
14473,602,470,02,A,02,1,0,63.10,
14474,602,508,02,A,02,1,0,63.10,
14475,602,923,02,A,02,2,0,61.90,
14476,602,914,02,A,02,2,0,61.90,
14477,602,1081,02,A,02,2,0,61.90,
14478,602,1314,02,A,02,3,0,57.10,
14479,602,1412,02,A,02,3,0,57.10,
14480,602,1408,02,A,02,3,0,57.10,
14481,602,1228,02,A,02,4,0,54.50,
14482,602,1244,02,A,02,4,0,54.50,
14483,602,1240,02,A,02,4,0,54.50,
14484,602,887,02,A,02,5,0,48.70,
14485,602,328,02,A,02,5,0,48.70,
14486,602,269,02,A,02,5,0,48.70,
14487,602,44,02,A,02,6,0,46.00,
14488,602,1255,02,A,02,6,0,46.00,
14489,602,1245,02,A,02,6,0,46.00,
14490,602,268,02,A,02,7,0,44.30,
14491,602,852,02,A,02,7,0,44.30,
14492,602,1067,02,A,02,7,0,44.30,
14493,602,2266,02,A,02,8,0,34.60,
14494,602,2267,02,A,02,8,0,34.60,
14495,602,2242,02,A,02,8,0,34.60,
14496,602,421,02,B,02,1,0,74.70,
14497,602,370,02,B,02,1,0,74.70,
14498,602,97,02,B,02,1,0,74.70,
14499,602,473,02,B,02,2,0,74.60,
14500,602,567,02,B,02,2,0,74.60,
14501,602,710,02,B,02,2,0,74.60,
14502,602,30,02,B,02,3,0,70.80,
14503,602,1430,02,B,02,3,0,70.80,
14504,602,892,02,B,02,3,0,70.80,
14505,602,911,02,B,02,4,0,60.10,
14506,602,1409,02,B,02,4,0,60.10,
14507,602,1214,02,B,02,4,0,60.10,
14508,602,701,02,B,02,5,0,52.90,
14509,602,864,02,B,02,5,0,52.90,
14510,602,533,02,B,02,5,0,52.90,
14511,602,1428,02,B,02,6,0,50.20,
14512,602,1429,02,B,02,6,0,50.20,
14513,602,1413,02,B,02,6,0,50.20,
14514,602,1230,02,B,02,7,0,49.50,
14515,602,1554,02,B,02,7,0,49.50,
14516,602,1401,02,B,02,7,0,49.50,
14517,602,1421,02,B,02,8,0,48.10,
14518,602,1423,02,B,02,8,0,48.10,
14519,602,1422,02,B,02,8,0,48.10,
14520,602,370,02,A,00,1,0,77.60,
14521,602,923,02,A,00,1,0,77.60,
14522,602,473,02,A,00,2,0,75.90,
14523,602,508,02,A,00,2,0,75.90,
14524,602,914,02,A,00,3,0,69.50,
14525,602,1081,02,A,00,3,0,69.50,
14526,602,852,02,A,00,4,0,68.00,
14527,602,421,02,A,00,4,0,68.00,
14528,602,1232,02,A,00,5,0,64.00,
14529,602,839,02,A,00,5,0,64.00,
14530,602,1214,02,A,00,6,0,62.80,
14531,602,1314,02,A,00,6,0,62.80,
14532,602,1229,02,A,00,7,0,51.50,
14533,602,1422,02,A,00,7,0,51.50,
14534,602,163,02,A,00,8,0,50.60,
14535,602,1514,02,A,00,8,0,50.60,
14536,602,470,02,B,00,1,0,74.90,
14537,602,892,02,B,00,1,0,74.90,
14538,602,710,02,B,00,2,0,70.20,
14539,602,567,02,B,00,2,0,70.20,
14540,602,268,02,B,00,3,0,70.20,
14541,602,269,02,B,00,3,0,70.20,
14542,602,482,02,B,00,4,0,69.90,
14543,602,97,02,B,00,4,0,69.90,
14544,602,145,02,B,00,5,0,64.30,
14545,602,30,02,B,00,5,0,64.30,
14546,602,328,02,B,00,6,0,61.20,
14547,602,1244,02,B,00,6,0,61.20,
14548,602,701,02,B,00,7,0,58.70,
14549,602,533,02,B,00,7,0,58.70,
14550,602,911,02,B,00,8,0,58.20,
14551,602,1228,02,B,00,8,0,58.20,
14552,602,943,02,A,03,1,0,56.10,
14553,602,421,02,A,03,1,0,56.10,
14554,602,1255,02,A,03,2,0,56.10,
14555,602,923,02,A,03,2,0,56.10,
14556,602,1418,02,A,03,3,0,50.20,
14557,602,1423,02,A,03,3,0,50.20,
14558,602,71,02,A,03,4,0,48.40,
14559,602,710,02,A,03,4,0,48.40,
14560,602,1514,02,A,03,5,0,46.10,
14561,602,1401,02,A,03,5,0,46.10,
14562,602,2320,02,A,03,6,0,44.00,
14563,602,914,02,A,03,6,0,44.00,
14564,602,739,02,A,03,7,0,36.80,
14565,602,2238,02,A,03,7,0,36.80,
14566,602,367,02,B,03,1,0,74.60,
14567,602,269,02,B,03,1,0,74.60,
14568,602,163,02,B,03,2,0,63.40,
14569,602,268,02,B,03,2,0,63.40,
14570,602,486,02,B,03,3,0,56.60,
14571,602,887,02,B,03,3,0,56.60,
14572,602,1425,02,B,03,4,0,54.90,
14573,602,929,02,B,03,4,0,54.90,
14574,602,701,02,B,03,5,0,53.90,
14575,602,97,02,B,03,5,0,53.90,
14576,602,2253,02,B,03,6,0,51.10,
14577,602,911,02,B,03,6,0,51.10,
14578,602,962,02,B,03,7,0,40.20,
14579,602,708,02,B,03,7,0,40.20,
14580,602,367,02,A,01,1,0,58.40,
14581,602,163,02,A,01,1,0,58.40,
14582,602,1255,02,A,01,2,0,54.20,
14583,602,1425,02,A,01,2,0,54.20,
14584,602,486,02,A,01,3,0,51.20,
14585,602,943,02,A,01,3,0,51.20,
14586,602,1514,02,A,01,4,0,47.00,
14587,602,2237,02,A,01,4,0,47.00,
14588,602,2253,02,A,01,5,0,40.60,
14589,602,1418,02,A,01,5,0,40.60,
14590,602,2320,02,A,01,6,0,34.80,
14591,602,71,02,A,01,6,0,34.80,
14592,602,630,01,B,03,1,0,59.90,
14593,602,97,01,B,03,1,0,59.90,
14594,602,1514,01,B,03,2,0,58.90,
14595,602,1401,01,B,03,2,0,58.90,
14596,602,1425,01,B,03,3,0,56.10,
14597,602,44,01,B,03,3,0,56.10,
14598,602,71,01,B,03,4,0,54.30,
14599,602,710,01,B,03,4,0,54.30,
14600,602,962,01,B,03,5,0,49.30,
14601,602,708,01,B,03,5,0,49.30,
14602,602,1418,01,B,03,6,0,48.40,
14603,602,1423,01,B,03,6,0,48.40,
14604,602,2237,01,B,03,7,0,41.60,
14605,602,2238,01,B,03,7,0,41.60,
14606,602,2253,01,B,03,8,0,0.00,
14607,602,911,01,B,03,8,0,0.00,
14608,602,1425,00,,01,1,0,64.80,
14609,602,1255,00,,01,1,0,64.80,
14610,602,163,00,,01,2,0,58.60,
14611,602,367,00,,01,2,0,58.60,
14612,602,943,00,,01,3,0,52.10,
14613,602,486,00,,01,3,0,52.10,
14614,602,1514,00,,01,4,0,49.20,
14615,602,2237,00,,01,4,0,49.20,
14616,602,268,00,,00,1,0,66.90,
14617,602,269,00,,00,1,0,66.90,
14618,602,370,00,,00,2,0,65.50,
14619,602,923,00,,00,2,0,65.50,
14620,602,473,00,,00,3,0,65.40,
14621,602,508,00,,00,3,0,65.40,
14622,602,470,00,,00,4,0,64.70,
14623,602,892,00,,00,4,0,64.70,
14624,602,567,00,,00,5,0,61.60,
14625,602,710,00,,00,5,0,61.60,
14626,602,421,00,,00,6,0,61.30,
14627,602,852,00,,00,6,0,61.30,
14628,602,97,00,,00,7,0,60.20,
14629,602,482,00,,00,7,0,60.20,
14630,602,1081,00,,00,8,0,57.20,
14631,602,914,00,,00,8,0,57.20,
14632,602,1081,00,,02,1,0,71.40,
14633,602,914,00,,02,1,0,71.40,
14634,602,923,00,,02,1,0,71.40,
14635,602,470,00,,02,2,0,70.80,
14636,602,482,00,,02,2,0,70.80,
14637,602,508,00,,02,2,0,70.80,
14638,602,30,00,,02,3,0,70.50,
14639,602,1430,00,,02,3,0,70.50,
14640,602,892,00,,02,3,0,70.50,
14641,602,473,00,,02,4,0,70.30,
14642,602,567,00,,02,4,0,70.30,
14643,602,710,00,,02,4,0,70.30,
14644,602,97,00,,02,5,0,66.30,
14645,602,370,00,,02,5,0,66.30,
14646,602,421,00,,02,5,0,66.30,
14647,602,1214,00,,02,6,0,56.40,
14648,602,911,00,,02,6,0,56.40,
14649,602,1409,00,,02,6,0,56.40,
14650,602,1240,00,,02,7,0,55.80,
14651,602,1244,00,,02,7,0,55.80,
14652,602,1228,00,,02,7,0,55.80,
14653,602,1412,00,,02,8,0,55.60,
14654,602,1408,00,,02,8,0,55.60,
14655,602,1314,00,,02,8,0,55.60,
14656,602,367,00,,03,1,0,67.00,
14657,602,269,00,,03,1,0,67.00,
14658,602,163,00,,03,2,0,62.50,
14659,602,268,00,,03,2,0,62.50,
14660,602,1255,00,,03,3,0,61.40,
14661,602,923,00,,03,3,0,61.40,
14662,602,630,00,,03,4,0,56.40,
14663,602,97,00,,03,4,0,56.40,
14664,602,943,00,,03,5,0,53.90,
14665,602,421,00,,03,5,0,53.90,
14666,602,1514,00,,03,6,0,49.30,
14667,602,1401,00,,03,6,0,49.30,
14668,645,140,00,,00,2,0,0.00,
14669,645,832,00,,00,2,0,0.00,
14670,645,645,00,,00,3,0,0.00,
14671,645,994,00,,00,3,0,0.00,
14672,645,362,00,,00,4,0,0.00,
14673,645,884,00,,00,4,0,0.00,
14674,645,696,00,,00,5,0,0.00,
14675,645,968,00,,00,5,0,0.00,
14676,645,436,00,,00,6,0,0.00,
14677,645,775,00,,00,6,0,0.00,
14678,645,224,00,,00,7,0,0.00,
14679,645,875,00,,00,7,0,0.00,
14680,649,1240,04,A,00,1,0,18.39,
14681,649,1461,04,A,00,1,0,18.39,
14682,649,1532,04,A,00,2,0,18.12,
14683,649,1603,04,A,00,2,0,18.12,
14684,649,233,04,A,00,3,0,16.18,
14685,649,2264,04,A,00,3,0,16.18,
14686,649,2237,04,A,00,4,0,15.83,
14687,649,2238,04,A,00,4,0,15.83,
14688,649,1750,04,A,00,5,0,12.38,
14689,649,1751,04,A,00,5,0,12.38,
14690,649,1244,04,B,00,1,0,21.82,
14691,649,1246,04,B,00,1,0,21.82,
14692,649,1554,04,B,00,2,0,18.90,
14693,649,1424,04,B,00,2,0,18.90,
14694,649,2260,04,B,00,3,0,16.72,
14695,649,2261,04,B,00,3,0,16.72,
14696,649,1233,04,B,00,4,0,15.42,
14697,649,2295,04,B,00,4,0,15.42,
14698,649,2239,04,B,00,5,0,12.64,
14699,649,1438,04,B,00,5,0,12.64,
14700,649,1233,03,,00,1,0,14.29,
14701,649,2295,03,,00,1,0,14.29,
14702,649,2237,03,,00,2,0,13.91,
14703,649,2238,03,,00,2,0,13.91,
14704,649,2239,03,,00,3,0,12.90,
14705,649,1438,03,,00,3,0,12.90,
14706,649,1750,03,,00,4,0,12.57,
14707,649,1751,03,,00,4,0,12.57,
14708,649,1244,02,A,00,1,0,21.02,
14709,649,1246,02,A,00,1,0,21.02,
14710,649,2260,02,A,00,2,0,16.34,
14711,649,2261,02,A,00,2,0,16.34,
14712,649,1532,02,A,00,3,0,16.18,
14713,649,1603,02,A,00,3,0,16.18,
14714,649,2237,02,A,00,4,0,13.10,
14715,649,2238,02,A,00,4,0,13.10,
14716,649,1554,02,B,00,1,0,19.42,
14717,649,1424,02,B,00,1,0,19.42,
14718,649,1240,02,B,00,2,0,19.03,
14719,649,1461,02,B,00,2,0,19.03,
14720,649,2264,02,B,00,3,0,12.27,
14721,649,1438,02,B,00,3,0,12.27,
14722,649,1233,02,B,00,4,0,11.69,
14723,649,2295,02,B,00,4,0,11.69,
14724,649,1244,00,,00,1,0,21.26,"<A href=http://www.youtube.com/watch?v=UrjJdMRbSjI>video</a>"
14725,649,1246,00,,00,1,0,21.26,
14726,649,1554,00,,00,2,0,20.15,
14727,649,1424,00,,00,2,0,20.15,
14728,649,1240,00,,00,3,0,18.13,
14729,649,1461,00,,00,3,0,18.13,
14730,649,1532,00,,00,4,0,17.94,
14731,649,1603,00,,00,4,0,17.94,
14732,649,2260,00,,00,5,0,16.78,
14733,649,2261,00,,00,5,0,16.78,
14734,649,2264,00,,00,6,0,13.49,
14735,649,1438,00,,00,6,0,13.49,
14736,649,1554,02,A,02,1,0,17.12,
14737,649,1424,02,A,02,1,0,17.12,
14738,649,1438,02,A,02,1,0,17.12,
14739,649,1532,02,A,02,2,0,14.72,
14740,649,1603,02,A,02,2,0,14.72,
14741,649,1461,02,A,02,2,0,14.72,
14742,649,2237,02,A,02,3,0,10.11,
14743,649,1750,02,A,02,3,0,10.11,
14744,649,1751,02,A,02,3,0,10.11,
14745,649,1244,02,B,02,1,0,20.22,
14746,649,1246,02,B,02,1,0,20.22,
14747,649,1240,02,B,02,1,0,20.22,
14748,649,2264,02,B,02,2,0,15.13,
14749,649,2260,02,B,02,2,0,15.13,
14750,649,2261,02,B,02,2,0,15.13,
14751,649,1233,02,B,02,3,0,11.16,
14752,649,2295,02,B,02,3,0,11.16,
14753,649,2238,02,B,02,3,0,11.16,
14754,649,1244,00,,02,1,0,19.66,
14755,649,1246,00,,02,1,0,19.66,
14756,649,1240,00,,02,1,0,19.66,
14757,649,1554,00,,02,2,0,16.32,
14758,649,1424,00,,02,2,0,16.32,
14759,649,1438,00,,02,2,0,16.32,
14760,649,1532,00,,02,3,0,15.61,
14761,649,1603,00,,02,3,0,15.61,
14762,649,1461,00,,02,3,0,15.61,
14763,649,2264,00,,02,4,0,13.63,
14764,649,2260,00,,02,4,0,13.63,
14765,649,2261,00,,02,4,0,13.63,
14766,619,1109,00,,00,1,0,0.00,
14767,619,470,00,,00,1,0,0.00,
14768,619,2242,00,,00,2,0,0.00,
14769,619,1111,00,,00,2,0,0.00,
14770,619,2271,00,,00,3,0,0.00,
14771,619,2268,00,,00,4,0,0.00,
14772,619,2308,00,,00,4,0,0.00,
14773,619,2266,00,,00,5,0,0.00,
14774,619,2267,00,,00,5,0,0.00,
14775,619,2323,00,,00,3,0,0.00,
14776,681,823,00,1,06,1,0,0.00,
14777,681,824,00,1,06,1,0,0.00,
14778,681,126,00,1,06,2,0,0.00,
14779,681,1660,00,1,06,2,0,0.00,
14780,681,880,00,1,06,2,0,0.00,
14781,681,1075,00,1,06,3,0,0.00,
14782,681,280,00,1,06,3,0,0.00,
14783,681,370,00,1,06,3,0,0.00,
14784,681,1640,00,1,06,4,0,0.00,
14785,681,876,00,1,06,4,0,0.00,
14786,681,754,00,1,06,5,0,0.00,
14787,681,777,00,1,06,5,0,0.00,
14788,681,1074,00,1,06,6,0,0.00,
14789,681,677,00,1,06,6,0,0.00,
14790,681,212,00,1,06,7,0,0.00,
14791,681,1698,00,1,06,7,0,0.00,
14792,681,461,00,1,06,8,0,0.00,
14793,681,645,00,1,06,8,0,0.00,
14794,681,2324,00,1,06,4,0,0.00,
14795,681,1074,00,1,01,1,0,0.00,
14796,681,677,00,1,01,1,0,0.00,
14797,681,815,00,1,01,2,0,0.00,
14798,682,461,00,1,00,1,0,0.00,
14799,682,645,00,1,00,1,0,0.00,
14800,682,693,00,1,00,2,0,0.00,
14801,682,416,00,1,00,2,0,0.00,
14802,683,236,00,1,00,1,0,0.00,
14803,683,1188,00,1,00,1,0,0.00,
14804,683,427,00,1,00,2,0,0.00,
14805,683,1699,00,1,00,2,0,0.00,
14806,683,258,00,1,00,3,0,0.00,
14807,683,1664,00,1,00,3,0,0.00,
14808,683,645,00,1,00,4,0,0.00,
14809,683,461,00,1,00,4,0,0.00,
14810,683,533,00,1,00,5,0,0.00,
14811,683,1264,00,1,00,5,0,0.00,
14812,683,687,00,1,00,7,0,0.00,
14813,683,1186,00,1,00,8,0,0.00,
14814,683,1664,00,1,01,1,0,0.00,
14815,683,2326,00,1,01,1,0,0.00,
14816,683,426,00,1,01,2,0,0.00,
14817,683,2325,00,1,01,2,0,0.00,
14818,683,2330,00,1,06,2,0,0.00,
14819,683,1636,00,1,06,5,0,0.00,
14820,683,2328,00,1,06,7,0,0.00,
14821,683,2329,00,1,06,7,0,0.00,
14822,683,2331,00,1,06,8,0,0.00,
14823,683,2327,00,1,06,8,0,0.00,
14824,684,824,00,1,06,1,0,0.00,
14825,684,823,00,1,06,1,0,0.00,
14826,684,693,00,1,06,2,0,0.00,
14827,684,258,00,1,06,2,0,0.00,
14828,684,1664,00,1,06,3,0,0.00,
14829,684,2327,00,1,06,3,0,0.00,
14830,684,2324,00,1,06,4,0,0.00,
14831,684,1640,00,1,06,4,0,0.00,
14832,684,876,00,1,06,4,0,0.00,
14833,684,695,00,1,06,5,0,0.00,
14834,684,2333,00,1,06,5,0,0.00,
14835,684,1664,00,1,01,1,0,0.00,
14836,684,2325,00,1,01,1,0,0.00,
14837,684,2326,00,1,01,2,0,0.00,
14838,684,1693,00,1,01,2,0,0.00,
14840,684,2332,00,1,06,3,0,0.00,
14841,685,693,00,1,06,4,0,0.00,
14842,685,2331,00,1,06,4,0,0.00,
14843,685,737,00,1,06,5,0,0.00,
14844,685,1049,00,1,06,6,0,0.00,
14845,685,370,00,1,06,6,0,0.00,
14846,685,1075,00,1,06,1,0,0.00,
14847,685,280,00,1,06,1,0,0.00,
14848,685,821,00,1,06,2,0,0.00,
14849,685,1058,00,1,06,2,0,0.00,
14850,685,1071,00,1,06,3,0,0.00,
14851,685,1072,00,1,06,3,0,0.00,
14852,686,1660,00,1,00,1,0,0.00,
14853,686,126,00,1,00,1,0,0.00,
14854,686,363,00,1,00,2,0,0.00,
14855,686,1188,00,1,00,2,0,0.00,
14856,686,1073,00,1,00,3,0,0.00,
14857,686,880,00,1,00,3,0,0.00,
14858,686,677,00,1,00,4,0,0.00,
14859,686,370,00,1,00,4,0,0.00,
14860,686,693,00,1,00,5,0,0.00,
14861,686,2331,00,1,00,5,0,0.00,
14862,686,747,00,1,00,6,0,0.00,
14863,686,128,00,1,00,6,0,0.00,
14864,686,645,00,1,00,7,0,0.00,
14865,686,212,00,1,00,7,0,0.00,
14866,686,1664,00,1,00,8,0,0.00,
14867,686,1665,00,1,00,8,0,0.00,
14868,686,363,00,1,02,1,0,0.00,
14869,686,1073,00,1,02,1,0,0.00,
14870,686,1188,00,1,02,1,0,0.00,
14871,686,1660,00,1,02,2,0,0.00,
14872,686,880,00,1,02,2,0,0.00,
14873,686,126,00,1,02,2,0,0.00,
14874,686,747,00,1,02,3,0,0.00,
14875,686,370,00,1,02,3,0,0.00,
14876,686,128,00,1,02,3,0,0.00,
14877,686,212,00,1,02,4,0,0.00,
14878,686,1698,00,1,02,4,0,0.00,
14879,686,645,00,1,02,4,0,0.00,
14880,686,1664,00,1,01,1,0,0.00,
14881,686,677,00,1,01,2,0,0.00,
14882,686,1665,00,1,01,2,0,0.00,
14883,686,2334,00,1,01,1,0,0.00,
14884,687,1660,00,1,06,1,0,0.00,
14885,687,880,00,1,06,1,0,0.00,
14886,687,126,00,1,06,1,0,0.00,
14887,687,236,00,1,06,2,0,0.00,
14888,687,1188,00,1,06,2,0,0.00,
14889,687,384,00,1,06,3,0,0.00,
14890,687,1682,00,1,06,3,0,0.00,
14891,687,363,00,1,06,4,0,0.00,
14892,687,747,00,1,06,4,0,0.00,
14893,687,693,00,1,06,6,0,0.00,
14894,687,2331,00,1,06,6,0,0.00,
14895,687,645,00,1,06,6,0,0.00,
14896,687,876,00,1,06,7,0,0.00,
14897,687,362,00,1,06,7,0,0.00,
14898,687,1636,00,1,06,8,0,0.00,
14899,687,1635,00,1,06,8,0,0.00,
14900,687,2326,00,1,01,1,0,0.00,
14901,687,1637,00,1,01,1,0,0.00,
14902,687,1693,00,1,01,1,0,0.00,
14903,687,2335,00,1,01,2,0,0.00,
14904,688,823,00,1,06,1,0,0.00,
14905,688,824,00,1,06,1,0,0.00,
14906,688,821,00,1,06,2,0,0.00,
14907,688,1073,00,1,06,2,0,0.00,
14908,688,693,00,1,06,3,0,0.00,
14909,688,2331,00,1,06,3,0,0.00,
14910,688,204,00,1,06,3,0,0.00,
14911,688,645,00,1,06,4,0,0.00,
14912,688,1636,00,1,06,4,0,0.00,
14913,688,1635,00,1,06,4,0,0.00,
14914,688,362,00,1,06,5,0,0.00,
14915,688,876,00,1,06,5,0,0.00,
14916,688,1682,00,1,06,6,0,0.00,
14917,688,384,00,1,06,6,0,0.00,
14918,688,1661,00,1,06,7,0,0.00,
14919,688,2339,00,1,06,7,0,0.00,
14920,688,695,00,1,06,8,0,0.00,
14921,688,2333,00,1,06,8,0,0.00,
14922,688,1664,00,1,01,1,0,0.00,
14923,688,2325,00,1,01,1,0,0.00,
14924,688,2336,00,1,01,2,0,0.00,
14925,688,2326,00,1,01,3,0,0.00,
14926,688,1693,00,1,01,3,0,0.00,
14927,688,1637,00,1,01,2,0,0.00,
14928,689,821,00,1,06,1,0,0.00,
14929,689,427,00,1,06,1,0,0.00,
14930,689,204,00,1,06,1,0,0.00,
14931,689,823,00,1,06,2,0,0.00,
14932,689,824,00,1,06,2,0,0.00,
14933,689,693,00,1,06,3,0,0.00,
14934,689,645,00,1,06,3,0,0.00,
14935,689,2331,00,1,06,3,0,0.00,
14936,689,533,00,1,06,4,0,0.00,
14937,689,258,00,1,06,4,0,0.00,
14938,689,1636,00,1,06,5,0,0.00,
14939,689,1635,00,1,06,5,0,0.00,
14940,689,1640,00,1,06,6,0,0.00,
14941,689,876,00,1,06,6,0,0.00,
14942,689,362,00,1,06,6,0,0.00,
14943,689,1682,00,1,06,7,0,0.00,
14944,689,695,00,1,06,7,0,0.00,
14945,689,2333,00,1,06,7,0,0.00,
14946,690,533,00,1,00,1,0,0.00,
14947,690,1667,00,1,00,1,0,0.00,
14948,690,880,00,1,00,2,0,0.00,
14949,690,1188,00,1,00,2,0,0.00,
14950,690,387,00,1,00,3,0,0.00,
14951,690,280,00,1,00,3,0,0.00,
14952,690,370,00,1,00,4,0,0.00,
14953,690,1075,00,1,00,4,0,0.00,
14954,690,1072,00,1,00,5,0,0.00,
14955,690,777,00,1,00,5,0,0.00,
14956,690,1660,00,1,00,6,0,0.00,
14957,690,126,00,1,00,6,0,0.00,
14958,690,754,00,1,00,7,0,0.00,
14959,690,128,00,1,00,8,0,0.00,
14960,690,2338,00,1,00,7,0,0.00,
14961,690,2337,00,1,00,8,0,0.00,
14962,690,1664,00,1,01,1,0,0.00,
14963,690,1665,00,1,01,1,0,0.00,
14964,690,1074,00,1,01,2,0,0.00,
14965,690,677,00,1,01,2,0,0.00,
14966,690,1177,00,1,01,3,0,0.00,
14967,690,2334,00,1,01,3,0,0.00,
14968,691,1660,00,1,06,1,0,0.00,
14969,691,880,00,1,06,1,0,0.00,
14970,691,126,00,1,06,1,0,0.00,
14971,691,1188,00,1,06,2,0,0.00,
14972,691,427,00,1,06,2,0,0.00,
14973,691,1661,00,1,06,3,0,0.00,
14974,691,821,00,1,06,4,0,0.00,
14975,691,236,00,1,06,4,0,0.00,
14976,691,1073,00,1,06,4,0,0.00,
14977,691,677,00,1,01,1,0,0.00,
14978,691,1074,00,1,01,1,0,0.00,
14979,691,1664,00,1,01,2,0,0.00,
14980,691,1177,00,1,01,2,0,0.00,
14981,691,2339,00,1,06,3,0,0.00,
14982,687,1661,00,1,06,5,0,0.00,
14983,687,2339,00,1,06,5,0,0.00,
14984,692,693,00,1,06,1,0,0.00,
14985,692,2332,00,1,06,1,0,0.00,
14986,692,533,00,1,06,1,0,0.00,
14987,692,85,00,1,06,2,0,0.00,
14988,692,695,00,1,06,3,0,0.00,
14989,692,2333,00,1,06,3,0,0.00,
14990,693,1188,00,1,06,1,0,0.00,
14991,693,212,00,1,06,1,0,0.00,
14992,693,1660,00,1,06,2,0,0.00,
14993,693,880,00,1,06,2,0,0.00,
14994,693,126,00,1,06,2,0,0.00,
14995,693,363,00,1,06,3,0,0.00,
14996,693,1663,00,1,06,3,0,0.00,
14997,693,693,00,1,06,4,0,0.00,
14998,693,258,00,1,06,4,0,0.00,
14999,693,1075,00,1,06,5,0,0.00,
15000,693,370,00,1,06,5,0,0.00,
15001,693,754,00,1,06,6,0,0.00,
15002,693,777,00,1,06,6,0,0.00,
15003,693,533,00,1,06,7,0,0.00,
15004,693,1667,00,1,06,7,0,0.00,
15005,693,1661,00,1,06,8,0,0.00,
15006,693,2339,00,1,06,8,0,0.00,
15007,693,1665,00,1,01,1,0,0.00,
15008,693,677,00,1,01,1,0,0.00,
15009,693,1663,00,1,01,2,0,0.00,
15010,693,1543,00,1,01,2,0,0.00,
15011,693,1177,00,1,01,3,0,0.00,
15012,693,426,00,1,01,3,0,0.00,
15013,694,387,00,1,06,1,0,0.00,
15014,694,1071,00,1,06,1,0,0.00,
15015,694,1072,00,1,06,1,0,0.00,
15016,694,363,00,1,06,2,0,0.00,
15017,694,747,00,1,06,2,0,0.00,
15018,694,1660,00,1,06,3,0,0.00,
15019,694,880,00,1,06,3,0,0.00,
15020,694,126,00,1,06,3,0,0.00,
15021,694,1073,00,1,06,4,0,0.00,
15022,694,280,00,1,06,4,0,0.00,
15023,694,427,00,1,06,5,0,0.00,
15024,694,2338,00,1,06,5,0,0.00,
15025,694,236,00,1,06,6,0,0.00,
15026,694,1188,00,1,06,6,0,0.00,
15027,694,754,00,1,06,7,0,0.00,
15028,694,777,00,1,06,7,0,0.00,
15029,694,1661,00,1,06,8,0,0.00,
15030,694,2339,00,1,06,8,0,0.00,
15031,694,1665,00,1,01,1,0,0.00,
15032,694,677,00,1,01,1,0,0.00,
15033,694,1062,00,1,01,1,0,0.00,
15034,694,1663,00,1,01,2,0,0.00,
15035,694,1543,00,1,01,2,0,0.00,
15036,694,1177,00,1,01,3,0,0.00,
15037,694,426,00,1,01,3,0,0.00,
15038,694,2334,00,1,01,4,0,0.00,
15039,695,1188,00,1,00,1,0,0.00,
15040,695,427,00,1,00,1,0,0.00,
15041,695,1661,00,1,00,2,0,0.00,
15042,695,2339,00,1,00,2,0,0.00,
15043,695,387,00,1,00,3,0,0.00,
15044,695,551,00,1,00,3,0,0.00,
15045,695,533,00,1,00,4,0,0.00,
15046,695,1667,00,1,00,4,0,0.00,
15047,695,2,00,1,00,5,0,0.00,
15048,695,2251,00,1,00,5,0,0.00,
15049,695,693,00,1,00,6,0,0.00,
15050,695,2326,00,1,00,6,0,0.00,
15051,695,1188,00,1,03,1,0,0.00,
15052,695,1177,00,1,03,1,0,0.00,
15053,695,426,00,1,03,2,0,0.00,
15054,695,427,00,1,03,2,0,0.00,
15055,695,1663,00,1,03,3,0,0.00,
15056,695,533,00,1,03,3,0,0.00,
15057,695,387,00,1,03,4,0,0.00,
15058,695,2341,00,1,03,4,0,0.00,
15059,695,1663,00,1,01,1,0,0.00,
15060,695,426,00,1,01,1,0,0.00,
15061,695,2334,00,1,01,2,0,0.00,
15062,695,2326,00,1,01,3,0,0.00,
15063,695,1177,00,1,01,3,0,0.00,
15064,695,2342,00,1,01,2,0,0.00,
15065,695,1188,00,1,02,1,0,0.00,
15066,695,427,00,1,02,1,0,0.00,
15067,695,387,00,1,02,1,0,0.00,
15068,695,693,00,1,02,2,0,0.00,
15069,695,533,00,1,02,2,0,0.00,
15070,695,1667,00,1,02,2,0,0.00,
15071,695,2,00,1,02,3,0,0.00,
15072,695,551,00,1,02,3,0,0.00,
15073,695,1661,00,1,02,4,0,0.00,
15074,695,2339,00,1,02,4,0,0.00,
15075,695,841,00,1,02,4,0,0.00,
15076,695,2343,00,1,02,3,0,0.00,
15077,696,693,00,1,06,1,0,0.00,
15078,696,2326,00,1,06,1,0,0.00,
15079,696,594,00,1,06,2,0,0.00,
15080,696,2343,00,1,06,2,0,0.00,
15081,696,2344,00,1,06,3,0,0.00,
15082,696,2345,00,1,06,3,0,0.00,
15083,697,2326,00,1,01,1,0,0.00,
15084,697,1664,00,1,01,1,0,0.00,
15085,697,2325,00,1,01,1,0,0.00,
15086,697,1693,00,1,01,2,0,0.00,
15087,697,1694,00,1,01,2,0,0.00,
15088,697,236,00,1,06,1,0,0.00,
15089,697,1188,00,1,06,1,0,0.00,
15090,697,533,00,1,06,2,0,0.00,
15091,697,461,00,1,06,2,0,0.00,
15092,697,2324,00,1,06,2,0,0.00,
15093,697,2340,00,1,06,3,0,0.00,
15094,697,204,00,1,06,3,0,0.00,
15095,697,258,00,1,06,4,0,0.00,
15096,697,693,00,1,06,4,0,0.00,
15097,697,876,00,1,06,5,0,0.00,
15098,697,362,00,1,06,5,0,0.00,
15099,697,1662,00,1,06,5,0,0.00,
15100,697,1664,00,1,06,6,0,0.00,
15101,697,212,00,1,06,6,0,0.00,
15102,697,2329,00,1,06,7,0,0.00,
15103,697,2328,00,1,06,7,0,0.00,
15104,697,645,00,1,06,8,0,0.00,
15105,697,359,00,1,06,8,0,0.00,
15106,698,1660,00,1,06,1,0,0.00,
15107,698,880,00,1,06,1,0,0.00,
15108,698,126,00,1,06,1,0,0.00,
15109,698,693,00,1,06,2,0,0.00,
15110,698,1188,00,1,06,2,0,0.00,
15111,698,212,00,1,06,2,0,0.00,
15112,698,363,00,1,06,3,0,0.00,
15113,698,427,00,1,06,3,0,0.00,
15114,698,1661,00,1,06,4,0,0.00,
15115,698,2339,00,1,06,4,0,0.00,
15116,698,747,00,1,06,5,0,0.00,
15117,698,1667,00,1,06,5,0,0.00,
15118,698,370,00,1,06,5,0,0.00,
15119,698,2327,00,1,06,6,0,0.00,
15120,698,1710,00,1,06,6,0,0.00,
15121,698,754,00,1,06,7,0,0.00,
15122,698,777,00,1,06,7,0,0.00,
15123,698,2328,00,1,06,8,0,0.00,
15124,698,2329,00,1,06,8,0,0.00,
15125,698,2346,00,1,06,6,0,0.00,
15126,698,426,00,1,01,1,0,0.00,
15127,698,1177,00,1,01,1,0,0.00,
15128,698,1663,00,1,01,2,0,0.00,
15129,698,1543,00,1,01,2,0,0.00,
15130,698,2326,00,1,01,3,0,0.00,
15131,698,1668,00,1,01,3,0,0.00,
15132,698,2347,00,1,01,3,0,0.00,
15133,699,1660,00,1,06,1,0,0.00,
15134,699,880,00,1,06,1,0,0.00,
15135,699,126,00,1,06,1,0,0.00,
15136,699,363,00,1,06,2,0,0.00,
15137,699,747,00,1,06,2,0,0.00,
15138,699,427,00,1,06,2,0,0.00,
15139,699,693,00,1,06,3,0,0.00,
15140,699,258,00,1,06,3,0,0.00,
15141,699,533,00,1,06,4,0,0.00,
15142,699,823,00,1,06,4,0,0.00,
15143,699,1667,00,1,06,4,0,0.00,
15144,699,2327,00,1,06,5,0,0.00,
15145,699,2324,00,1,06,5,0,0.00,
15146,699,461,00,1,06,5,0,0.00,
15147,699,236,00,1,06,6,0,0.00,
15148,699,1188,00,1,06,6,0,0.00,
15149,699,212,00,1,06,6,0,0.00,
15150,699,99,00,1,06,7,0,0.00,
15151,699,1640,00,1,06,8,0,0.00,
15152,699,638,00,1,06,8,0,0.00,
15153,699,2328,00,1,06,8,0,0.00,
15154,699,1664,00,1,01,1,0,0.00,
15155,699,426,00,1,01,1,0,0.00,
15156,699,1665,00,1,01,1,0,0.00,
15157,699,2326,00,1,01,2,0,0.00,
15158,699,1694,00,1,01,2,0,0.00,
15159,699,1693,00,1,01,2,0,0.00,
15160,700,597,00,1,06,1,0,0.00,
15161,700,244,00,1,06,1,0,0.00,
15162,700,693,00,1,06,2,0,0.00,
15163,700,533,00,1,06,2,0,0.00,
15164,700,645,00,1,06,2,0,0.00,
15165,700,1694,00,1,06,3,0,0.00,
15166,700,1693,00,1,06,3,0,0.00,
15167,700,2353,00,1,06,4,0,0.00,
15168,700,1493,00,1,06,4,0,0.00,
15169,701,363,00,1,06,1,0,0.00,
15170,701,747,00,1,06,1,0,0.00,
15171,701,370,00,1,06,1,0,0.00,
15172,701,693,00,1,06,2,0,0.00,
15173,701,258,00,1,06,2,0,0.00,
15174,701,2340,00,1,06,3,0,0.00,
15175,701,204,00,1,06,3,0,0.00,
15176,701,821,00,1,06,3,0,0.00,
15177,701,1660,00,1,06,4,0,0.00,
15178,701,880,00,1,06,4,0,0.00,
15179,701,126,00,1,06,4,0,0.00,
15180,701,236,00,1,06,5,0,0.00,
15181,701,1188,00,1,06,5,0,0.00,
15182,701,461,00,1,06,6,0,0.00,
15183,701,533,00,1,06,6,0,0.00,
15184,701,2324,00,1,06,6,0,0.00,
15185,701,823,00,1,06,7,0,0.00,
15186,701,824,00,1,06,7,0,0.00,
15187,701,876,00,1,06,8,0,0.00,
15188,701,2,00,1,06,8,0,0.00,
15189,701,1698,00,1,06,8,0,0.00,
15190,701,1664,00,1,01,1,0,0.00,
15191,701,1665,00,1,01,1,0,0.00,
15192,701,677,00,1,01,1,0,0.00,
15193,701,2326,00,1,01,2,0,0.00,
15194,701,1694,00,1,01,2,0,0.00,
15195,701,1693,00,1,01,2,0,0.00,
15196,701,1673,00,1,01,3,0,0.00,
15197,701,2336,00,1,01,3,0,0.00,
15198,701,2325,00,1,01,4,0,0.00,
15199,701,1092,00,1,01,4,0,0.00,
15200,702,1660,00,1,06,1,0,0.00,
15201,702,880,00,1,06,1,0,0.00,
15202,702,126,00,1,06,1,0,0.00,
15203,702,693,00,1,06,2,0,0.00,
15204,702,461,00,1,06,2,0,0.00,
15205,702,2,00,1,06,3,0,0.00,
15206,702,1664,00,1,06,4,0,0.00,
15207,702,2334,00,1,06,4,0,0.00,
15208,702,363,00,1,06,5,0,0.00,
15209,702,236,00,1,06,5,0,0.00,
15210,702,1682,00,1,06,6,0,0.00,
15211,702,2333,00,1,06,6,0,0.00,
15212,702,2326,00,1,06,7,0,0.00,
15213,702,1673,00,1,06,7,0,0.00,
15214,702,1059,00,1,06,8,0,0.00,
15215,702,1678,00,1,06,8,0,0.00,
15216,702,2348,00,1,06,3,0,0.00,
15217,702,1664,00,1,01,1,0,0.00,
15218,702,2334,00,1,01,1,0,0.00,
15219,702,2326,00,1,01,2,0,0.00,
15220,702,1673,00,1,01,2,0,0.00,
15221,703,1660,00,1,02,1,0,0.00,
15222,703,880,00,1,02,1,0,0.00,
15223,703,126,00,1,02,1,0,0.00,
15224,703,693,00,1,02,2,0,0.00,
15225,703,258,00,1,02,2,0,0.00,
15226,703,533,00,1,02,2,0,0.00,
15227,703,363,00,1,02,3,0,0.00,
15228,703,1188,00,1,02,3,0,0.00,
15229,703,236,00,1,02,3,0,0.00,
15230,703,1188,00,1,03,1,0,0.00,
15231,703,1665,00,1,03,1,0,0.00,
15232,703,1664,00,1,03,2,0,0.00,
15233,703,363,00,1,03,2,0,0.00,
15234,703,693,00,1,03,3,0,0.00,
15235,703,2326,00,1,03,3,0,0.00,
15236,703,236,00,1,00,1,0,0.00,
15237,703,1188,00,1,00,1,0,0.00,
15238,703,1660,00,1,00,2,0,0.00,
15239,703,126,00,1,00,2,0,0.00,
15240,703,363,00,1,00,3,0,0.00,
15241,703,880,00,1,00,3,0,0.00,
15242,703,1664,00,1,00,4,0,0.00,
15243,703,1665,00,1,00,4,0,0.00,
15244,703,2,00,1,00,5,0,0.00,
15245,703,1698,00,1,00,5,0,0.00,
15246,703,258,00,1,00,6,0,0.00,
15247,703,533,00,1,00,6,0,0.00,
15248,703,2334,00,1,00,7,0,0.00,
15249,703,2342,00,1,00,7,0,0.00,
15250,703,1691,00,1,00,8,0,0.00,
15251,703,2349,00,1,00,8,0,0.00,
15252,704,693,00,1,06,1,0,0.00,
15253,704,204,00,1,06,1,0,0.00,
15254,704,2340,00,1,06,1,0,0.00,
15255,704,1226,00,1,06,2,0,0.00,
15256,704,2326,00,1,06,3,0,0.00,
15257,704,1664,00,1,06,3,0,0.00,
15258,704,1444,00,1,06,3,0,0.00,
15259,705,823,00,1,06,1,0,0.00,
15260,705,824,00,1,06,1,0,0.00,
15261,705,204,00,1,06,2,0,0.00,
15262,705,2340,00,1,06,2,0,0.00,
15263,705,1667,00,1,06,2,0,0.00,
15264,705,99,00,1,06,3,0,0.00,
15265,705,693,00,1,06,4,0,0.00,
15266,705,258,00,1,06,4,0,0.00,
15267,705,461,00,1,06,5,0,0.00,
15268,705,533,00,1,06,5,0,0.00,
15269,705,2324,00,1,06,5,0,0.00,
15270,706,693,00,1,00,1,0,0.00,
15271,706,258,00,1,00,1,0,0.00,
15272,706,99,00,1,00,2,0,0.00,
15273,706,221,00,1,00,2,0,0.00,
15274,706,362,00,1,00,3,0,0.00,
15275,706,99,00,1,02,1,0,0.00,
15276,706,221,00,1,02,1,0,0.00,
15277,706,693,00,1,02,2,0,0.00,
15278,706,258,00,1,02,2,0,0.00,
15279,706,362,00,1,02,2,0,0.00,
15280,494,1177,00,1,01,4,0,0.00,
15281,494,426,00,1,01,4,0,0.00,
15282,494,112,00,,02,4,0,0.00,
15283,494,2339,00,,02,4,0,0.00,
15284,494,1667,00,,02,4,0,0.00,
15285,494,821,00,,02,5,0,0.00,
15286,494,280,00,,02,5,0,0.00,
15287,494,1073,00,,02,5,0,0.00,
15288,494,1072,00,,02,6,0,0.00,
15289,494,754,00,,02,6,0,0.00,
15290,494,777,00,,02,6,0,0.00,
15291,494,1663,00,,02,7,0,0.00,
15292,494,2346,00,,02,7,0,0.00,
15293,494,1710,00,,02,7,0,0.00,
15294,494,645,00,,02,8,0,0.00,
15295,494,48,00,,02,8,0,0.00,
15296,494,2350,00,,02,8,0,0.00,
15297,494,236,00,,03,5,0,0.00,
15298,494,1543,00,,03,5,0,0.00,
15299,494,363,00,,03,6,0,0.00,
15300,494,1665,00,,03,6,0,0.00,
15301,494,1660,00,,03,7,0,0.00,
15302,494,884,00,,03,7,0,0.00,
15303,494,754,00,,03,8,0,0.00,
15304,494,2351,00,,03,8,0,0.00,
15305,494,1177,00,,01,4,0,0.00,
15306,494,426,00,,01,4,0,0.00,
15307,492,236,02,1,06,1,0,0.00,
15308,492,1188,02,1,06,1,0,0.00,
15309,492,212,02,1,06,1,0,0.00,
15310,492,1660,02,1,06,2,0,0.00,
15311,492,880,02,1,06,2,0,0.00,
15312,492,126,02,1,06,2,0,0.00,
15313,492,1662,02,1,06,3,0,0.00,
15314,492,362,02,1,06,3,0,0.00,
15315,492,876,02,1,06,3,0,0.00,
15316,492,693,02,1,06,4,0,0.00,
15317,492,258,02,1,06,4,0,0.00,
15318,492,363,02,2,06,1,0,0.00,
15319,492,747,02,2,06,1,0,0.00,
15320,492,387,02,2,06,1,0,0.00,
15321,492,1661,02,2,06,2,0,0.00,
15322,492,2339,02,2,06,2,0,0.00,
15323,492,370,02,2,06,2,0,0.00,
15324,492,823,02,2,06,3,0,0.00,
15325,492,824,02,2,06,3,0,0.00,
15326,492,427,02,2,06,3,0,0.00,
15327,492,533,02,2,06,4,0,0.00,
15328,492,461,02,2,06,4,0,0.00,
15329,492,2324,02,2,06,4,0,0.00,
15330,707,823,00,,06,1,0,0.00,
15331,707,824,00,,06,1,0,0.00,
15332,707,693,00,,06,2,0,0.00,
15333,707,876,00,,06,2,0,0.00,
15334,707,236,00,,06,2,0,0.00,
15335,707,638,00,,06,3,0,0.00,
15336,707,2324,00,,06,3,0,0.00,
15337,707,2328,00,,06,3,0,0.00,
15338,708,823,00,,00,1,0,0.00,
15339,708,824,00,,00,1,0,0.00,
15340,708,693,00,,00,2,0,0.00,
15341,708,258,00,,00,2,0,0.00,
15342,708,638,00,,00,3,0,0.00,
15343,708,2328,00,,00,3,0,0.00,
15344,708,695,00,,00,4,0,0.00,
15345,708,2333,00,,00,4,0,0.00,
15346,708,1691,00,,00,5,0,0.00,
15347,708,2349,00,,00,5,0,0.00,
15348,709,2326,00,,01,1,0,0.00,
15349,709,1664,00,,01,1,0,0.00,
15350,709,1694,00,,01,2,0,0.00,
15351,709,1693,00,,01,2,0,0.00,
15352,709,693,00,,00,1,0,0.00,
15353,709,1188,00,,00,1,0,0.00,
15354,709,1730,00,,00,2,0,0.00,
15355,709,545,00,,00,2,0,0.00,
15356,709,823,00,,00,3,0,0.00,
15357,709,824,00,,00,3,0,0.00,
15358,709,236,00,,00,4,0,0.00,
15359,709,2340,00,,00,4,0,0.00,
15360,709,461,00,,00,5,0,0.00,
15361,709,533,00,,00,5,0,0.00,
15362,709,645,00,,00,6,0,0.00,
15363,709,359,00,,00,6,0,0.00,
15364,709,876,00,,00,7,0,0.00,
15365,709,1664,00,,00,7,0,0.00,
15366,709,128,00,,00,8,0,0.00,
15367,709,244,00,,00,8,0,0.00,
15368,709,693,00,,02,1,0,0.00,
15369,709,1188,00,,02,1,0,0.00,
15370,709,2340,00,,02,1,0,0.00,
15371,709,545,00,,02,2,0,0.00,
15372,709,1730,00,,02,2,0,0.00,
15373,709,533,00,,02,2,0,0.00,
15374,709,823,00,,02,3,0,0.00,
15375,709,236,00,,02,3,0,0.00,
15376,709,824,00,,02,3,0,0.00,
15377,709,258,00,,02,4,0,0.00,
15378,709,645,00,,02,4,0,0.00,
15379,709,359,00,,02,4,0,0.00,
15380,710,693,00,,00,1,0,0.00,
15381,710,1188,00,,00,1,0,0.00,
15382,710,461,00,,00,2,0,0.00,
15383,710,2326,00,,00,4,0,0.00,
15384,710,1694,00,,00,4,0,0.00,
15387,710,2326,00,,01,1,0,0.00,
15386,710,2352,00,,00,2,0,0.00,
15388,710,1693,00,,01,1,0,0.00,
15389,710,1694,00,,01,1,0,0.00,
15390,710,1673,00,,01,2,0,0.00,
15391,711,1672,00,,00,1,0,0.00,
15392,711,545,00,,00,1,0,0.00,
15393,711,48,00,,00,2,0,0.00,
15394,711,747,00,,00,2,0,0.00,
15395,711,693,00,,00,3,0,0.00,
15396,711,1188,00,,00,3,0,0.00,
15397,711,1660,00,,00,4,0,0.00,
15398,711,370,00,,00,4,0,0.00,
15399,711,126,00,,00,5,0,0.00,
15400,711,880,00,,00,6,0,0.00,
15401,711,212,00,,00,6,0,0.00,
15402,711,363,00,,00,7,0,0.00,
15403,711,2350,00,,00,7,0,0.00,
15404,711,1671,00,,00,8,0,0.00,
15405,711,2353,00,,00,8,0,0.00,
15406,711,2326,00,,01,1,0,0.00,
15407,711,884,00,,01,1,0,0.00,
15408,711,1693,00,,01,2,0,0.00,
15409,711,1694,00,,01,2,0,0.00,
15410,711,2342,00,,01,3,0,0.00,
15411,711,693,00,,02,1,0,0.00,
15412,711,1188,00,,02,1,0,0.00,
15413,711,212,00,,02,1,0,0.00,
15414,711,1660,00,,02,2,0,0.00,
15415,711,880,00,,02,2,0,0.00,
15416,711,126,00,,02,2,0,0.00,
15417,711,363,00,,02,3,0,0.00,
15418,711,2350,00,,02,3,0,0.00,
15419,711,48,00,,02,3,0,0.00,
15420,711,545,00,,02,4,0,0.00,
15421,711,1672,00,,02,4,0,0.00,
15422,711,123,00,,02,4,0,0.00,
15423,712,693,00,,00,1,0,0.00,
15424,712,2340,00,,00,1,0,0.00,
15425,712,1691,00,,00,2,0,0.00,
15426,712,526,00,,00,2,0,0.00,
15427,712,461,00,,00,3,0,0.00,
15428,712,533,00,,00,3,0,0.00,
15429,712,899,00,,00,4,0,0.00,
15430,712,2349,00,,00,4,0,0.00,
15431,712,695,00,,00,5,0,0.00,
15432,712,2333,00,,00,5,0,0.00,
15433,712,36,00,,00,6,0,0.00,
15434,712,2354,00,,00,6,0,0.00,
15435,713,693,00,,02,1,0,0.00,
15436,713,1188,00,,02,1,0,0.00,
15437,713,212,00,,02,1,0,0.00,
15438,713,545,00,,02,2,0,0.00,
15439,713,1672,00,,02,2,0,0.00,
15440,713,1730,00,,02,2,0,0.00,
15441,713,1661,00,,02,3,0,0.00,
15442,713,2339,00,,02,3,0,0.00,
15443,713,1660,00,,02,4,0,0.00,
15444,713,880,00,,02,4,0,0.00,
15445,713,126,00,,02,4,0,0.00,
15446,713,1660,00,,00,1,0,0.00,
15447,713,880,00,,00,1,0,0.00,
15448,713,126,00,,00,2,0,0.00,
15449,713,370,00,,00,2,0,0.00,
15450,713,363,00,,00,3,0,0.00,
15451,713,747,00,,00,3,0,0.00,
15452,713,1188,00,,00,4,0,0.00,
15453,713,212,00,,00,4,0,0.00,
15454,713,693,00,,00,5,0,0.00,
15455,713,2340,00,,00,5,0,0.00,
15456,713,645,00,,00,6,0,0.00,
15457,713,359,00,,00,6,0,0.00,
15458,713,363,00,,03,1,0,0.00,
15459,713,1663,00,,03,1,0,0.00,
15460,713,880,00,,03,2,0,0.00,
15461,713,1177,00,,03,2,0,0.00,
15462,713,545,00,,03,3,0,0.00,
15463,713,693,00,,03,4,0,0.00,
15464,713,2326,00,,03,4,0,0.00,
15465,713,48,00,,03,5,0,0.00,
15466,713,2355,00,,03,3,0,0.00,
15467,713,1672,00,,00,7,0,0.00,
15468,713,891,00,,00,8,0,0.00,
15469,713,790,00,,00,8,0,0.00,
15470,713,2356,00,,00,7,0,0.00,
15471,714,693,00,,00,1,0,0.00,
15472,714,2340,00,,00,1,0,0.00,
15473,714,1660,00,,00,2,0,0.00,
15474,714,126,00,,00,2,0,0.00,
15475,714,880,00,,00,3,0,0.00,
15476,714,370,00,,00,3,0,0.00,
15477,714,545,00,,00,4,0,0.00,
15478,714,1730,00,,00,4,0,0.00,
15479,714,386,00,,00,5,0,0.00,
15480,714,384,00,,00,5,0,0.00,
15481,714,645,00,,00,6,0,0.00,
15482,714,212,00,,00,6,0,0.00,
15483,714,1188,00,,00,7,0,0.00,
15484,714,359,00,,00,7,0,0.00,
15485,714,1660,00,,02,1,0,0.00,
15486,714,880,00,,02,1,0,0.00,
15487,714,126,00,,02,1,0,0.00,
15488,714,693,00,,02,2,0,0.00,
15489,714,1188,00,,02,2,0,0.00,
15490,714,2340,00,,02,2,0,0.00,
15491,714,545,00,,02,3,0,0.00,
15492,714,370,00,,02,3,0,0.00,
15493,714,1730,00,,02,3,0,0.00,
15494,714,645,00,,02,4,0,0.00,
15495,714,359,00,,02,4,0,0.00,
15496,714,1671,00,,02,4,0,0.00,
15497,714,212,00,,02,5,0,0.00,
15498,714,384,00,,02,5,0,0.00,
15499,714,386,00,,02,5,0,0.00,
15500,714,2326,00,,02,6,0,0.00,
15501,714,1694,00,,02,6,0,0.00,
15502,714,1693,00,,02,6,0,0.00,
15503,714,1693,00,,01,1,0,0.00,
15504,714,1694,00,,01,1,0,0.00,
15505,715,693,00,,00,1,0,0.00,
15506,715,2340,00,,00,1,0,0.00,
15507,715,1670,00,,00,2,0,0.00,
15508,715,2326,00,,00,3,0,0.00,
15509,715,1694,00,,00,3,0,0.00,
15510,715,2357,00,,00,2,0,0.00,
15511,715,693,00,,02,1,0,0.00,
15512,715,2340,00,,02,1,0,0.00,
15513,715,1670,00,,02,1,0,0.00,
15514,715,384,00,,02,2,0,0.00,
15515,715,386,00,,02,2,0,0.00,
15516,715,2326,00,,02,3,0,0.00,
15517,715,1693,00,,02,3,0,0.00,
15518,715,1694,00,,02,3,0,0.00,
15519,715,2358,00,,02,2,0,0.00,
15520,716,363,00,,00,1,0,0.00,
15521,716,48,00,,00,1,0,0.00,
15522,716,880,00,,00,2,0,0.00,
15523,716,370,00,,00,2,0,0.00,
15524,716,693,00,,00,3,0,0.00,
15525,716,2340,00,,00,3,0,0.00,
15526,716,1660,00,,00,4,0,0.00,
15527,716,126,00,,00,4,0,0.00,
15528,716,387,00,,00,5,0,0.00,
15529,716,280,00,,00,5,0,0.00,
15530,716,645,00,,00,6,0,0.00,
15531,716,359,00,,00,6,0,0.00,
15532,716,1075,00,,00,7,0,0.00,
15533,716,677,00,,00,7,0,0.00,
15534,716,790,00,,00,8,0,0.00,
15535,716,2359,00,,00,8,0,0.00,
15536,716,1663,00,,01,1,0,0.00,
15537,716,1543,00,,01,1,0,0.00,
15538,716,1693,00,,01,2,0,0.00,
15539,716,1694,00,,01,2,0,0.00,
15540,713,1668,00,,03,5,0,0.00,
15541,717,693,00,,06,1,0,0.00,
15542,717,1188,00,,06,1,0,0.00,
15543,717,2340,00,,06,1,0,0.00,
15544,717,258,00,,06,2,0,0.00,
15545,717,1691,00,,06,2,0,0.00,
15546,717,526,00,,06,2,0,0.00,
15547,717,1662,00,,06,3,0,0.00,
15548,717,337,00,,06,3,0,0.00,
15549,717,1089,00,,06,3,0,0.00,
15550,718,693,00,,06,1,0,0.00,
15551,718,2340,00,,06,1,0,0.00,
15552,718,823,00,,06,1,0,0.00,
15553,718,1662,00,,06,2,0,0.00,
15554,718,461,00,,06,2,0,0.00,
15555,718,2328,00,,06,2,0,0.00,
15556,718,693,00,,03,1,0,0.00,
15557,718,2326,00,,03,1,0,0.00,
15558,718,650,00,,03,2,0,0.00,
15559,718,823,00,,03,3,0,0.00,
15560,718,2360,00,,03,2,0,0.00,
15561,719,693,00,,06,1,0,0.00,
15562,719,204,00,,06,1,0,0.00,
15563,719,2340,00,,06,1,0,0.00,
15564,719,337,00,,06,2,0,0.00,
15565,719,650,00,,06,2,0,0.00,
15566,719,2360,00,,06,2,0,0.00,
15567,719,2326,00,,01,1,0,0.00,
15568,719,2360,00,,01,1,0,0.00,
15569,719,1444,00,,01,2,0,0.00,
15570,720,693,00,,00,1,0,0.00,
15571,720,236,00,,00,1,0,0.00,
15572,720,597,00,,00,2,0,0.00,
15573,720,244,00,,00,2,0,0.00,
15574,720,1680,00,,00,3,0,0.00,
15575,720,157,00,,00,4,0,0.00,
15576,720,1684,00,,00,4,0,0.00,
15577,720,650,00,,00,5,0,0.00,
15578,720,2360,00,,00,5,0,0.00,
15579,720,2361,00,,00,3,0,0.00,
15580,721,693,00,,00,1,0,0.00,
15581,721,48,00,,00,1,0,0.00,
15582,721,1188,00,,00,2,0,0.00,
15583,721,359,00,,00,2,0,0.00,
15584,721,212,00,,00,3,0,0.00,
15585,721,1730,00,,00,3,0,0.00,
15586,721,880,00,,00,4,0,0.00,
15587,721,370,00,,00,4,0,0.00,
15588,721,545,00,,00,5,0,0.00,
15589,721,144,00,,00,6,0,0.00,
15590,721,262,00,,00,6,0,0.00,
15591,721,255,00,,00,7,0,0.00,
15592,721,710,00,,00,8,0,0.00,
15593,721,2364,00,,00,5,0,0.00,
15594,721,2363,00,,00,7,0,0.00,
15595,721,2362,00,,00,8,0,0.00,
15596,721,545,00,,02,3,0,0.00,
15597,721,880,00,,02,3,0,0.00,
15598,721,48,00,,02,3,0,0.00,
15599,721,1675,00,,02,4,0,0.00,
15600,721,2365,00,,02,4,0,0.00,
15601,721,1673,00,,02,4,0,0.00,
15602,722,1188,00,,00,1,0,0.00,
15603,722,359,00,,00,1,0,0.00,
15604,722,823,00,,00,2,0,0.00,
15605,722,824,00,,00,2,0,0.00,
15606,722,693,00,,00,3,0,0.00,
15607,722,545,00,,00,3,0,0.00,
15608,722,1672,00,,00,4,0,0.00,
15609,722,1730,00,,00,4,0,0.00,
15610,722,244,00,,00,5,0,0.00,
15611,722,650,00,,00,5,0,0.00,
15612,722,1684,00,,00,7,0,0.00,
15613,722,157,00,,00,7,0,0.00,
15614,722,1671,00,,00,8,0,0.00,
15615,722,1673,00,,00,8,0,0.00,
15616,722,545,00,,02,1,0,0.00,
15617,722,1672,00,,02,1,0,0.00,
15618,722,1730,00,,02,1,0,0.00,
15619,722,1188,00,,02,2,0,0.00,
15620,722,1671,00,,02,2,0,0.00,
15621,722,359,00,,02,2,0,0.00,
15622,722,693,00,,02,3,0,0.00,
15623,722,823,00,,02,3,0,0.00,
15624,722,824,00,,02,3,0,0.00,
15625,722,461,00,,02,4,0,0.00,
15626,722,157,00,,02,4,0,0.00,
15627,722,1684,00,,02,4,0,0.00,
15628,723,693,00,,06,1,0,0.00,
15629,723,823,00,,06,1,0,0.00,
15630,723,824,00,,06,1,0,0.00,
15631,723,597,00,,06,2,0,0.00,
15632,723,650,00,,06,2,0,0.00,
15633,723,1680,00,,06,3,0,0.00,
15634,723,1681,00,,06,3,0,0.00,
15635,723,1671,00,,06,4,0,0.00,
15636,723,2353,00,,06,4,0,0.00,
15637,723,1684,00,,06,5,0,0.00,
15638,723,157,00,,06,5,0,0.00,
15639,723,1683,00,,06,7,0,0.00,
15640,723,2366,00,,06,7,0,0.00,
15641,723,2367,00,,06,7,0,0.00,
15642,723,2370,00,,06,8,0,0.00,
15643,723,2368,00,,06,8,0,0.00,
15644,723,2369,00,,06,8,0,0.00,
15645,723,693,00,,03,1,0,0.00,
15646,723,2326,00,,03,1,0,0.00,
15647,723,650,00,,03,2,0,0.00,
15648,723,2360,00,,03,2,0,0.00,
15649,723,2367,00,,03,3,0,0.00,
15650,723,1684,00,,03,3,0,0.00,
15651,723,2368,00,,03,4,0,0.00,
15652,723,2371,00,,03,4,0,0.00,
15653,724,545,00,,00,1,0,0.00,
15654,724,1672,00,,00,1,0,0.00,
15655,724,693,00,,00,2,0,0.00,
15656,724,645,00,,00,2,0,0.00,
15657,724,1660,00,,00,3,0,0.00,
15658,724,370,00,,00,3,0,0.00,
15659,724,880,00,,00,4,0,0.00,
15660,724,386,00,,00,4,0,0.00,
15661,724,1671,00,,00,5,0,0.00,
15662,724,2353,00,,00,5,0,0.00,
15663,724,126,00,,00,6,0,0.00,
15664,724,99,00,,00,6,0,0.00,
15665,724,1684,00,,00,7,0,0.00,
15666,724,157,00,,00,7,0,0.00,
15667,724,363,00,,00,8,0,0.00,
15668,724,2372,00,,00,8,0,0.00,
15669,724,1660,00,,03,1,0,0.00,
15670,724,884,00,,03,1,0,0.00,
15671,724,693,00,,03,2,0,0.00,
15672,724,1693,00,,03,2,0,0.00,
15673,724,48,00,,03,3,0,0.00,
15674,724,1673,00,,03,3,0,0.00,
15675,724,370,00,,03,4,0,0.00,
15676,724,545,00,,02,1,0,0.00,
15677,724,1672,00,,02,1,0,0.00,
15678,724,1730,00,,02,1,0,0.00,
15679,724,363,00,,02,2,0,0.00,
15680,724,48,00,,02,2,0,0.00,
15681,724,645,00,,02,2,0,0.00,
15682,724,1660,00,,02,3,0,0.00,
15683,724,880,00,,02,3,0,0.00,
15684,724,126,00,,02,3,0,0.00,
15685,724,370,00,,02,4,0,0.00,
15686,724,387,00,,02,4,0,0.00,
15687,724,280,00,,02,4,0,0.00,
15688,724,1684,00,,02,6,0,0.00,
15689,724,157,00,,02,6,0,0.00,
15690,724,2344,00,,02,6,0,0.00,
15691,725,693,00,,06,1,0,0.00,
15692,725,1691,00,,06,1,0,0.00,
15693,725,526,00,,06,1,0,0.00,
15694,725,384,00,,06,2,0,0.00,
15695,725,1682,00,,06,2,0,0.00,
15696,725,2,00,,06,4,0,0.00,
15697,725,719,00,,06,4,0,0.00,
15698,725,695,00,,06,5,0,0.00,
15699,725,2333,00,,06,5,0,0.00,
15700,725,2349,00,,06,6,0,0.00,
15701,725,2374,00,,06,7,0,0.00,
15702,725,1694,00,,06,8,0,0.00,
15703,725,1693,00,,06,8,0,0.00,
15704,725,2373,00,,06,6,0,0.00,
15705,725,2375,00,,06,7,0,0.00,
15706,726,823,00,,00,1,0,0.00,
15707,726,824,00,,00,1,0,0.00,
15708,726,693,00,,00,2,0,0.00,
15709,726,236,00,,00,2,0,0.00,
15710,726,597,00,,00,3,0,0.00,
15711,726,244,00,,00,3,0,0.00,
15712,726,693,00,,02,1,0,0.00,
15713,726,236,00,,02,1,0,0.00,
15714,726,823,00,,02,1,0,0.00,
15715,727,693,00,,00,1,0,0.00,
15716,727,533,00,,00,1,0,0.00,
15717,727,693,00,,03,1,0,0.00,
15718,727,1693,00,,03,1,0,0.00,
15719,728,693,00,,00,1,0,0.00,
15720,728,533,00,,00,1,0,0.00,
15721,728,693,00,,03,2,0,0.00,
15722,728,1693,00,,03,2,0,0.00,
15723,728,693,00,,02,2,0,0.00,
15724,728,533,00,,02,2,0,0.00,
15725,728,2376,00,,02,2,0,0.00,
15726,729,693,00,,06,3,0,0.00,
15727,729,533,00,,06,3,0,0.00,
15728,730,693,00,,06,1,0,0.00,
15729,730,2376,00,,06,1,0,0.00,
15730,731,693,00,,00,1,0,0.00,
15731,731,533,00,,00,1,0,0.00,
15732,731,693,00,,02,1,0,0.00,
15733,731,533,00,,02,1,0,0.00,
15734,731,864,00,,02,1,0,0.00,
15735,732,693,00,,06,1,0,0.00,
15736,732,533,00,,06,1,0,0.00,
15737,733,693,00,,06,1,0,0.00,
15738,733,533,00,,06,1,0,0.00,
15739,721,693,00,,02,1,0,0.00,
15740,721,1188,00,,02,1,0,0.00,
15741,721,1730,00,,02,1,0,0.00,
15742,721,370,00,,02,2,0,0.00,
15743,721,212,00,,02,2,0,0.00,
15744,721,359,00,,02,2,0,0.00,
15745,667,470,00,,00,1,0,47.50,
15746,667,923,00,,00,1,0,47.50,http://youtube.com/watch?v=0zXZwVhijV4
15747,667,145,00,,00,2,0,45.40,http://youtube.com/watch?v=EPBD-SDvuk0
15748,667,1717,00,,00,2,0,45.40,
15749,667,911,00,,00,3,0,42.10,http://youtube.com/watch?v=XkMzsLtfsVY
15750,667,140,00,,00,3,0,42.10,
15751,667,421,00,,00,4,0,41.20,http://youtube.com/watch?v=ijb-duMbhfM
15752,667,892,00,,00,4,0,41.20,
15753,667,1409,00,,00,5,0,39.80,http://youtube.com/watch?v=25T8NPCSMME
15754,667,1408,00,,00,5,0,39.80,
15755,667,1730,00,,00,6,0,39.30,http://youtube.com/watch?v=b9fMfeHLgyk
15756,667,328,00,,00,6,0,39.30,
15757,667,1228,00,,00,7,0,38.00,http://youtube.com/watch?v=6zzD74Khs4I
15758,667,1244,00,,00,7,0,38.00,
15759,667,1614,00,,00,8,0,35.60,
15760,667,1613,00,,00,8,0,35.60,
15761,738,823,00,,06,1,0,0.00,
15762,738,824,00,,06,1,0,0.00,
15763,738,236,00,,06,2,0,0.00,
15764,738,1660,00,,06,2,0,0.00,
15765,738,362,00,,06,3,0,0.00,
15766,738,880,00,,06,4,0,0.00,
15767,738,126,00,,06,4,0,0.00,
15768,738,1664,00,,01,1,0,0.00,
15769,738,1665,00,,01,1,0,0.00,
15770,738,1627,00,,01,2,0,0.00,
15771,738,1626,00,,01,2,0,0.00,
15772,738,907,00,,11,1,0,0.00,
15773,738,2379,00,,11,2,0,0.00,
15774,738,2378,00,,06,3,0,0.00,
15775,739,363,00,,06,1,0,0.00,
15776,739,747,00,,06,1,0,0.00,
15777,739,1660,00,,06,2,0,0.00,
15778,739,880,00,,06,2,0,0.00,
15779,739,126,00,,06,2,0,0.00,
15780,739,1640,00,,06,3,0,0.00,
15781,739,876,00,,06,3,0,0.00,
15782,739,1664,00,,01,1,0,0.00,
15783,739,1665,00,,01,1,0,0.00,
15784,739,2325,00,,01,2,0,0.00,
15785,739,2379,00,,11,1,0,0.00,
15786,739,2381,00,,01,2,0,0.00,
15787,739,2380,00,,11,1,0,0.00,
15788,741,1660,00,,06,1,0,0.00,
15789,741,880,00,,06,1,0,0.00,
15790,741,126,00,,06,1,0,0.00,
15791,741,823,00,,06,2,0,0.00,
15792,741,824,00,,06,2,0,0.00,
15793,741,337,00,,06,3,0,0.00,
15794,741,1089,00,,06,3,0,0.00,
15795,741,2382,00,,01,1,0,0.00,
15796,741,2383,00,,01,1,0,0.00,
15797,741,1634,00,,11,1,0,0.00,
15798,741,2384,00,,11,2,0,0.00,
15799,742,2326,00,,01,1,0,0.00,
15800,742,1664,00,,01,1,0,0.00,
15801,657,1246,02,A,00,1,0,34.20,
15802,657,911,02,A,00,1,0,34.20,
15803,657,1229,02,A,00,2,0,34.00,
15804,657,1228,02,A,00,2,0,34.00,
15805,657,1401,02,A,00,3,0,33.00,
15806,657,1438,02,A,00,3,0,33.00,
15807,657,2302,02,A,00,4,0,32.00,
15808,657,1461,02,A,00,4,0,32.00,
15809,657,1532,02,A,00,5,0,28.00,
15810,657,1778,02,A,00,5,0,28.00,
15811,657,2238,02,A,00,6,0,22.20,
15812,657,1602,02,A,00,7,0,21.00,
15813,657,2265,02,A,00,7,0,21.00,
15814,657,1232,02,B,00,1,0,38.10,
15815,657,1554,02,B,00,1,0,38.10,
15816,657,1240,02,B,00,2,0,36.90,
15817,657,1241,02,B,00,2,0,36.90,
15818,657,1457,02,B,00,3,0,35.00,
15819,657,1458,02,B,00,3,0,35.00,
15820,657,1066,02,B,00,4,4,30.60,
15821,657,2270,02,B,00,4,4,30.60,
15822,657,2260,02,B,00,5,4,30.60,
15823,657,2261,02,B,00,5,4,30.60,
15824,657,1245,02,B,00,6,0,27.60,
15825,657,1603,02,B,00,6,0,27.60,
15826,657,1460,02,B,00,7,0,24.00,
15827,657,2388,02,B,00,8,0,23.70,
15828,657,1532,06,,00,1,0,37.60,
15829,657,1778,06,,00,1,0,37.60,
15830,657,2302,06,,00,2,0,34.40,
15831,657,1461,06,,00,2,0,34.40,
15832,657,1245,06,,00,3,0,32.20,
15833,657,1603,06,,00,3,0,32.20,
15834,657,2270,06,,00,4,0,28.10,
15835,657,1066,06,,00,4,0,28.10,
15836,657,2260,06,,00,5,0,26.90,
15837,657,2261,06,,00,5,0,26.90,
15838,657,2387,06,,00,6,0,23.40,
15839,657,2238,06,,00,6,0,23.40,
15840,657,1246,00,,00,1,0,40.20,
15841,657,911,00,,00,1,0,40.20,
15842,657,1229,00,,00,2,0,37.40,
15843,657,1228,00,,00,2,0,37.40,
15844,657,1232,00,,00,3,0,36.60,
15845,657,1554,00,,00,3,0,36.60,
15846,657,1240,00,,00,4,0,36.00,
15847,657,1241,00,,00,4,0,36.00,
15848,657,2302,00,,00,5,0,34.50,
15849,657,1461,00,,00,5,0,34.50,
15850,657,1401,00,,00,6,0,34.10,
15851,657,1438,00,,00,6,0,34.10,
15852,657,1532,00,,00,7,0,33.70,
15853,657,1778,00,,00,7,0,33.70,
15854,657,1458,00,,00,8,0,32.70,
15855,657,1457,00,,00,8,0,32.70,
15856,657,2387,02,A,00,6,0,22.20,
15857,657,2389,02,B,00,7,0,24.00,
15858,657,2390,02,B,00,8,0,23.70,
15859,513,2391,00,,00,6,0,0.00,
15860,754,866,00,,06,1,0,0.00,
15861,754,2391,00,,06,1,0,0.00,
15862,754,157,00,,06,1,0,0.00,
15863,754,177,00,,06,2,0,0.00,"w Peter DeRaymond"
15867,720,1695,00,,00,6,0,0.00,"w Derek Miller"
15865,754,1684,00,,06,3,0,0.00,
15866,754,871,00,,06,3,0,0.00,
15868,720,58,00,,00,7,0,0.00,"w Marcus Wittich"
15872,755,693,00,,00,1,0,0.00,
15870,720,1694,00,,00,8,0,0.00,
15871,720,533,00,,00,8,0,0.00,
15873,755,533,00,,00,1,0,0.00,
15874,755,823,00,,00,2,0,0.00,
15875,755,824,00,,00,2,0,0.00,
15876,755,157,00,,00,3,0,0.00,
15877,755,1684,00,,00,3,0,0.00,
15878,755,244,00,,00,4,0,0.00,
15879,755,597,00,,00,4,0,0.00,
15880,755,2391,00,,00,5,0,0.00,
15881,755,1695,00,,00,5,0,0.00,
15882,755,1536,00,,00,6,0,0.00,
15883,755,2360,00,,00,6,0,0.00,
15884,755,1680,00,,00,7,0,0.00,"w Jon Genes"
15885,755,260,00,,00,7,0,0.00,
15886,755,58,00,,00,8,0,0.00,"w Marcus Wittich"
15887,755,1693,00,,01,1,0,0.00,
15888,755,2326,00,,01,1,0,0.00,
15889,755,1673,00,,01,2,0,0.00,
15890,755,2360,00,,01,2,0,0.00,
15891,755,693,00,,02,1,0,0.00,
15892,755,533,00,,02,1,0,0.00,
15893,755,461,00,,02,1,0,0.00,
15894,755,823,00,,02,2,0,0.00,
15895,755,824,00,,02,2,0,0.00,
15896,755,2360,00,,02,2,0,0.00,
15897,755,244,00,,02,3,0,0.00,
15898,755,597,00,,02,3,0,0.00,
15899,755,650,00,,02,3,0,0.00,
15900,755,1684,00,,02,4,0,0.00,
15901,755,157,00,,02,4,0,0.00,
15902,751,1229,02,A,00,1,0,20.50,
15903,751,1776,02,A,00,1,0,20.50,
15904,751,1603,02,A,00,2,0,19.50,
15905,751,1532,02,A,00,2,0,19.50,
15906,751,2302,02,A,00,3,0,16.40,
15907,751,2260,02,A,00,3,0,16.40,
15908,751,2237,02,A,00,4,0,14.70,
15909,751,2385,02,A,00,4,0,14.70,
15910,751,1438,02,B,00,1,0,19.95,
15911,751,1232,02,B,00,1,0,19.95,
15912,751,1228,02,B,00,2,0,17.60,
15913,751,1554,02,B,00,2,0,17.60,
15914,751,1245,02,B,00,3,0,17.55,
15915,751,2269,02,B,00,3,0,17.55,
15916,751,2392,02,B,00,4,0,13.40,
15917,751,2387,02,B,00,4,0,13.40,
15918,751,2302,01,,00,1,0,18.90,
15919,751,2260,01,,00,1,0,18.90,
15920,751,1245,01,,00,2,0,16.75,
15921,751,2269,01,,00,2,0,16.75,
15922,751,2237,01,,00,3,0,16.00,
15923,751,2385,01,,00,3,0,16.00,
15924,751,2392,01,,00,4,0,13.85,
15925,751,2387,01,,00,4,0,13.85,
15926,751,2302,00,,00,1,0,20.45,
15927,751,2260,00,,00,1,0,20.45,
15928,751,1229,00,,00,2,0,20.05,
15929,751,1776,00,,00,2,0,20.05,
15930,751,1438,00,,00,3,0,19.85,
15931,751,1232,00,,00,3,0,19.85,
15932,751,1228,00,,00,4,0,19.30,
15933,751,1554,00,,00,4,0,19.30,
15934,751,1603,00,,00,5,0,18.75,
15935,751,1532,00,,00,5,0,18.75,
15936,675,1717,02,A,00,1,1,43.00,
15937,675,145,02,A,00,1,1,43.00,
15938,675,892,02,A,00,2,2,40.00,
15939,675,2261,02,A,00,2,2,40.00,
15940,675,1613,02,A,00,3,3,39.00,
15941,675,1614,02,A,00,3,3,39.00,
15942,675,1229,02,A,00,4,4,35.00,
15943,675,1438,02,A,00,4,4,35.00,
15944,675,2268,02,A,00,5,5,29.00,
15945,675,2311,02,A,00,5,5,29.00,
15946,675,2307,02,A,00,6,6,28.00,
15947,675,2393,02,A,00,6,6,28.00,
15948,675,982,02,A,00,7,7,26.00,
15949,675,1729,02,A,00,7,7,26.00,
15950,675,911,02,B,00,1,1,42.00,
15951,675,923,02,B,00,1,1,42.00,
15952,675,30,02,B,00,2,2,41.00,
15953,675,1193,02,B,00,2,2,41.00,
15954,675,1554,02,B,00,3,3,37.00,
15955,675,1228,02,B,00,3,3,37.00,
15956,675,2271,02,B,00,4,4,36.00,
15957,675,1776,02,B,00,4,4,36.00,
15958,675,2266,02,B,00,5,5,34.00,
15959,675,2267,02,B,00,5,5,34.00,
15960,675,1255,02,B,00,6,6,30.00,
15961,675,2302,02,B,00,6,6,30.00,
15962,675,2310,02,B,00,7,7,28.00,
15963,675,2396,02,B,00,7,7,28.00,
15964,675,923,00,,00,1,1,44.00,
15965,675,911,00,,00,1,1,44.00,
15966,675,1717,00,,00,2,2,44.00,
15967,675,145,00,,00,2,2,44.00,
15968,675,30,00,,00,3,3,42.00,
15969,675,1193,00,,00,3,3,42.00,
15970,675,1614,00,,00,4,4,40.00,
15971,675,1613,00,,00,4,4,40.00,
15972,675,2271,00,,00,5,5,38.00,
15973,675,1776,00,,00,5,5,38.00,
15974,675,2261,00,,00,6,6,38.00,
15975,675,892,00,,00,6,6,38.00,
15976,675,1228,00,,00,7,7,35.00,
15977,675,1554,00,,00,7,7,35.00,
15978,675,1229,00,,00,8,8,30.00,
15979,675,1438,00,,00,8,8,30.00,
15980,675,923,00,,03,1,1,47.00,
15981,675,1255,00,,03,1,1,47.00,
15982,675,1717,00,,03,2,2,41.00,
15983,675,2300,00,,03,2,2,41.00,
15984,675,2302,00,,03,3,3,38.00,
15985,675,1776,00,,03,3,3,38.00,
15986,675,1229,00,,03,4,4,34.00,
15987,675,2394,00,,03,4,4,34.00,
15988,675,2266,00,,03,5,5,26.00,
15989,675,2396,00,,03,5,5,26.00,
15990,675,1613,00,,03,6,6,25.00,
15991,675,2395,00,,03,6,6,25.00,
15992,655,268,04,A,00,1,0,66.40,
15993,655,269,04,A,00,1,0,66.40,
15994,655,482,04,A,00,2,0,60.80,
15995,655,737,04,A,00,2,0,60.80,
15996,655,1240,04,A,00,3,0,58.60,
15997,655,1244,04,A,00,3,0,58.60,
15998,655,1408,04,A,00,4,0,58.00,
15999,655,1409,04,A,00,4,0,58.00,
16000,655,1605,04,A,00,5,0,55.70,
16001,655,1080,04,A,00,5,0,55.70,
16002,655,2377,04,A,00,6,0,44.80,
16003,655,738,04,A,00,6,0,44.80,
16004,655,2260,04,A,00,7,0,43.90,
16005,655,2261,04,A,00,7,0,43.90,
16006,655,1608,04,A,00,8,0,42.70,
16007,655,1115,04,A,00,8,0,42.70,
16008,655,370,04,B,00,1,0,68.40,
16009,655,923,04,B,00,1,0,68.40,
16010,655,470,04,B,00,2,0,67.20,
16011,655,710,04,B,00,2,0,67.20,
16012,655,97,04,B,00,3,0,60.30,
16013,655,887,04,B,00,3,0,60.30,
16014,655,1229,04,B,00,4,0,56.80,
16015,655,1401,04,B,00,4,0,56.80,
16016,655,2271,04,B,00,5,0,51.40,
16017,655,982,04,B,00,5,0,51.40,
16018,655,1429,04,B,00,6,0,49.80,
16019,655,1428,04,B,00,6,0,49.80,
16020,655,2308,04,B,00,7,0,43.40,
16021,655,2268,04,B,00,7,0,43.40,
16022,655,1760,04,B,00,8,0,40.60,
16023,655,946,04,B,00,8,0,40.60,
16024,655,473,04,C,00,1,0,69.10,
16025,655,508,04,C,00,1,0,69.10,
16026,655,911,04,C,00,2,0,61.90,
16027,655,2252,04,C,00,2,0,61.90,
16028,655,421,04,C,00,3,0,60.60,
16029,655,892,04,C,00,3,0,60.60,
16030,655,2266,04,C,00,4,0,55.00,
16031,655,2267,04,C,00,4,0,55.00,
16032,655,1228,04,C,00,5,0,53.20,
16033,655,1778,04,C,00,5,0,53.20,
16034,655,1424,04,C,00,6,0,51.90,
16035,655,1230,04,C,00,6,0,51.90,
16036,655,1759,04,C,00,7,0,48.10,
16037,655,2254,04,C,00,7,0,48.10,
16038,655,2302,04,C,00,8,0,48.00,
16039,655,1438,04,C,00,8,0,48.00,
16040,655,1081,04,D,00,1,0,65.30,
16041,655,914,04,D,00,1,0,65.30,
16042,655,30,04,D,00,2,0,64.00,
16043,655,1193,04,D,00,2,0,64.00,
16044,655,442,04,D,00,3,0,61.00,
16045,655,701,04,D,00,3,0,61.00,
16046,655,1717,04,D,00,4,0,57.90,
16047,655,145,04,D,00,4,0,57.90,
16048,655,1413,04,D,00,5,0,57.10,
16049,655,1412,04,D,00,5,0,57.10,
16050,655,328,04,D,00,6,0,50.90,
16051,655,460,04,D,00,6,0,50.90,
16052,655,1253,04,D,00,7,0,48.70,
16053,655,1256,04,D,00,7,0,48.70,
16054,655,2309,04,D,00,8,0,46.20,
16055,655,2311,04,D,00,8,0,46.20,
16056,655,367,02,A,01,1,0,59.70,
16057,655,441,02,A,01,1,0,59.70,
16058,655,630,02,A,01,2,0,54.90,
16059,655,47,02,A,01,2,0,54.90,
16060,655,1425,02,A,01,3,0,52.20,
16061,655,1255,02,A,01,3,0,52.20,
16062,655,2302,02,A,01,4,0,49.70,
16063,655,1514,02,A,01,4,0,49.70,
16064,655,937,02,A,01,5,0,48.50,
16065,655,1746,02,A,01,5,0,48.50,
16066,655,30,04,A,02,1,0,67.30,
16067,655,145,04,A,02,1,0,67.30,
16068,655,892,04,A,02,1,0,67.30,
16069,655,421,04,A,02,2,0,66.50,
16070,655,710,04,A,02,2,0,66.50,
16071,655,47,04,A,02,2,0,66.50,
16072,655,370,04,A,02,3,0,62.70,
16073,655,460,04,A,02,3,0,62.70,
16074,655,887,04,A,02,3,0,62.70,
16075,655,2260,04,A,02,4,0,50.90,
16076,655,2261,04,A,02,4,0,50.90,
16077,655,1193,04,A,02,4,0,50.90,
16078,655,1778,04,A,02,5,0,46.00,
16079,655,2266,04,A,02,5,0,46.00,
16080,655,2267,04,A,02,5,0,46.00,
16081,655,1717,04,B,02,1,0,64.10,
16082,655,470,04,B,02,1,0,64.10,
16083,655,1080,04,B,02,1,0,64.10,
16084,655,97,04,B,02,2,0,61.60,
16085,655,367,04,B,02,2,0,61.60,
16086,655,701,04,B,02,2,0,61.60,
16087,655,328,04,B,02,3,0,56.10,
16088,655,1240,04,B,02,3,0,56.10,
16089,655,1244,04,B,02,3,0,56.10,
16090,655,1759,04,B,02,4,0,53.40,
16091,655,2254,04,B,02,4,0,53.40,
16092,655,1425,04,B,02,5,0,46.50,
16093,655,163,04,B,02,5,0,46.50,
16094,655,1255,04,B,02,5,0,46.50,
16095,655,2271,04,B,02,6,0,40.30,
16096,655,1438,04,B,02,6,0,40.30,
16097,655,982,04,B,02,6,0,40.30,
16098,655,2397,04,B,02,4,0,53.40,
16099,655,1595,04,C,02,1,0,58.40,
16100,655,269,04,C,02,1,0,58.40,
16101,655,923,04,C,02,1,0,58.40,
16102,655,1413,04,C,02,2,0,57.00,
16103,655,1412,04,C,02,2,0,57.00,
16104,655,1408,04,C,02,2,0,57.00,
16105,655,911,04,C,02,3,0,55.40,
16106,655,482,04,C,02,3,0,55.40,
16107,655,1409,04,C,02,3,0,55.40,
16108,655,1229,04,C,02,4,0,50.20,
16109,655,1424,04,C,02,4,0,50.20,
16110,655,1228,04,C,02,4,0,50.20,
16111,655,2321,04,C,02,5,0,43.70,
16112,655,1253,04,C,02,5,0,43.70,
16113,655,1256,04,C,02,5,0,43.70,
16114,655,2308,04,C,02,6,0,41.30,
16115,655,2268,04,C,02,6,0,41.30,
16116,655,946,04,C,02,6,0,41.30,
16117,655,473,04,D,02,1,0,64.20,
16118,655,508,04,D,02,1,0,64.20,
16119,655,737,04,D,02,1,0,64.20,
16120,655,1081,04,D,02,2,0,62.70,
16121,655,914,04,D,02,2,0,62.70,
16122,655,918,04,D,02,2,0,62.70,
16123,655,1429,04,D,02,3,0,52.10,
16124,655,1428,04,D,02,3,0,52.10,
16125,655,2252,04,D,02,3,0,52.10,
16126,655,1230,04,D,02,4,0,47.30,
16127,655,442,04,D,02,4,0,47.30,
16128,655,1514,04,D,02,4,0,47.30,
16129,655,1608,04,D,02,5,0,40.60,
16130,655,1115,04,D,02,5,0,40.60,
16131,655,1760,04,D,02,5,0,40.60,
16132,655,2309,04,D,02,6,0,39.10,
16133,655,2311,04,D,02,6,0,39.10,
16134,655,738,04,D,02,6,0,39.10,
16135,655,367,02,A,03,1,0,63.90,
16136,655,269,02,A,03,1,0,63.90,
16137,655,163,02,A,03,2,0,63.00,
16138,655,268,02,A,03,2,0,63.00,
16139,655,1425,02,A,03,3,0,61.70,
16140,655,421,02,A,03,3,0,61.70,
16141,655,630,02,A,03,4,0,56.50,
16142,655,97,02,A,03,4,0,56.50,
16143,655,2397,02,A,03,5,0,52.20,
16144,655,1428,02,A,03,5,0,52.20,
16145,655,2302,02,A,03,6,0,51.80,
16146,655,1244,02,A,03,6,0,51.80,
16147,655,2321,02,A,03,7,0,44.40,
16148,655,946,02,A,03,7,0,44.40,
16149,655,47,02,B,03,1,0,72.00,
16150,655,710,02,B,03,1,0,72.00,
16151,655,441,02,B,03,2,0,63.70,
16152,655,737,02,B,03,2,0,63.70,
16153,655,1255,02,B,03,3,0,58.90,
16154,655,923,02,B,03,3,0,58.90,
16155,655,2300,02,B,03,4,0,55.80,
16156,655,1717,02,B,03,4,0,55.80,
16157,655,937,02,B,03,5,0,53.50,
16158,655,1193,02,B,03,5,0,53.50,
16159,655,1514,02,B,03,6,0,48.40,
16160,655,1081,02,B,03,6,0,48.40,
16161,655,421,02,A,02,1,0,65.00,
16162,655,47,02,A,02,1,0,65.00,
16163,655,710,02,A,02,1,0,65.00,
16164,655,30,02,A,02,2,0,64.10,
16165,655,145,02,A,02,2,0,64.10,
16166,655,892,02,A,02,2,0,64.10,
16167,655,97,02,A,02,3,0,59.40,
16168,655,367,02,A,02,3,0,59.40,
16169,655,701,02,A,02,3,0,59.40,
16170,655,1595,02,A,02,4,0,57.30,
16171,655,269,02,A,02,4,0,57.30,
16172,655,923,02,A,02,4,0,57.30,
16173,655,911,02,A,02,5,0,56.00,
16174,655,482,02,A,02,5,0,56.00,
16175,655,1409,02,A,02,5,0,56.00,
16176,655,1230,02,A,02,6,0,53.50,
16177,655,442,02,A,02,6,0,53.50,
16178,655,1514,02,A,02,6,0,53.50,
16179,655,1429,02,A,02,7,0,51.10,
16180,655,1428,02,A,02,7,0,51.10,
16181,655,2252,02,A,02,7,0,51.10,
16182,655,2260,02,A,02,8,0,39.50,
16183,655,2261,02,A,02,8,0,39.50,
16184,655,1193,02,A,02,8,0,39.50,
16185,655,473,02,B,02,1,0,60.40,
16186,655,508,02,B,02,1,0,60.40,
16187,655,737,02,B,02,1,0,60.40,
16188,655,1717,02,B,02,2,0,59.80,
16189,655,470,02,B,02,2,0,59.80,
16190,655,1080,02,B,02,2,0,59.80,
16191,655,370,02,B,02,3,0,58.90,
16192,655,460,02,B,02,3,0,58.90,
16193,655,887,02,B,02,3,0,58.90,
16194,655,1081,02,B,02,4,0,56.50,
16195,655,914,02,B,02,4,0,56.50,
16196,655,918,02,B,02,4,0,56.50,
16197,655,1413,02,B,02,5,0,54.60,
16198,655,1412,02,B,02,5,0,54.60,
16199,655,1408,02,B,02,5,0,54.60,
16200,655,328,02,B,02,6,0,52.60,
16201,655,1240,02,B,02,6,0,52.60,
16202,655,1244,02,B,02,6,0,52.60,
16203,655,1229,02,B,02,7,0,45.90,
16204,655,1424,02,B,02,7,0,45.90,
16205,655,1228,02,B,02,7,0,45.90,
16206,655,2397,02,B,02,8,0,36.50,
16207,655,1759,02,B,02,8,0,36.50,
16208,655,2254,02,B,02,8,0,36.50,
16209,655,470,02,A,00,1,0,69.10,
16210,655,710,02,A,00,1,0,69.10,
16211,655,268,02,A,00,2,0,66.70,
16212,655,269,02,A,00,2,0,66.70,
16213,655,1081,02,A,00,3,0,66.10,
16214,655,914,02,A,00,3,0,66.10,
16215,655,1240,02,A,00,4,0,65.10,
16216,655,1244,02,A,00,4,0,65.10,
16217,655,442,02,A,00,5,0,58.10,
16218,655,701,02,A,00,5,0,58.10,
16219,655,30,02,A,00,6,0,57.70,
16220,655,1193,02,A,00,6,0,57.70,
16221,655,1717,02,A,00,7,0,54.80,
16222,655,145,02,A,00,7,0,54.80,
16223,655,2266,02,A,00,8,0,42.80,
16224,655,2267,02,A,00,8,0,42.80,
16225,655,370,02,B,00,1,0,70.10,
16226,655,923,02,B,00,1,0,70.10,
16227,655,473,02,B,00,2,0,69.60,
16228,655,508,02,B,00,2,0,69.60,
16229,655,421,02,B,00,3,0,69.50,
16230,655,892,02,B,00,3,0,69.50,
16231,655,482,02,B,00,4,0,68.20,
16232,655,737,02,B,00,4,0,68.20,
16233,655,911,02,B,00,5,0,66.30,
16234,655,2252,02,B,00,5,0,66.30,
16235,655,97,02,B,00,6,0,64.80,
16236,655,887,02,B,00,6,0,64.80,
16237,655,1229,02,B,00,7,0,54.90,
16238,655,1401,02,B,00,7,0,54.90,
16239,655,1408,02,B,00,8,0,50.00,
16240,655,1409,02,B,00,8,0,50.00,
16241,655,367,00,,01,1,0,64.40,
16242,655,441,00,,01,1,0,64.40,
16243,655,630,00,,01,2,0,61.40,
16244,655,47,00,,01,2,0,61.40,
16245,655,2302,00,,01,3,0,54.60,
16246,655,1514,00,,01,3,0,54.60,
16247,655,1425,00,,01,4,0,48.40,
16248,655,1255,00,,01,4,0,48.40,
16249,655,937,00,,01,5,0,47.40,
16250,655,1746,00,,01,5,0,47.40,
16251,655,470,00,,00,1,0,69.50,
16252,655,710,00,,00,1,0,69.50,
16253,655,473,00,,00,2,0,68.80,
16254,655,508,00,,00,2,0,68.80,
16255,655,370,00,,00,3,0,68.70,
16256,655,923,00,,00,3,0,68.70,
16257,655,268,00,,00,4,0,65.40,
16258,655,269,00,,00,4,0,65.40,
16259,655,421,00,,00,5,0,62.70,
16260,655,892,00,,00,5,0,62.70,
16261,655,482,00,,00,6,0,62.40,
16262,655,737,00,,00,6,0,62.40,
16263,655,1081,00,,00,7,0,59.80,
16264,655,914,00,,00,7,0,59.80,
16265,655,1240,00,,00,8,0,0.00,
16266,655,1244,00,,00,8,0,0.00,"Did not finish due to injury"
16267,655,47,00,,03,1,0,68.40,
16268,655,710,00,,03,1,0,68.40,
16269,655,367,00,,03,2,0,65.30,
16270,655,269,00,,03,2,0,65.30,
16271,655,1255,00,,03,3,0,59.90,
16272,655,923,00,,03,3,0,59.90,
16273,655,441,00,,03,4,0,59.70,
16274,655,737,00,,03,4,0,59.70,
16275,655,163,00,,03,5,0,53.90,
16276,655,268,00,,03,5,0,53.90,
16277,655,1425,00,,03,6,0,0.00,Scratch
16278,655,421,00,,03,6,0,0.00,Scratch
16279,655,30,00,,02,1,0,72.50,
16280,655,145,00,,02,1,0,72.50,
16281,655,892,00,,02,1,0,72.50,
16282,655,473,00,,02,2,0,68.20,
16283,655,508,00,,02,2,0,68.20,
16284,655,737,00,,02,2,0,68.20,
16285,655,370,00,,02,3,0,64.90,
16286,655,460,00,,02,3,0,64.90,
16287,655,887,00,,02,3,0,64.90,
16288,655,421,00,,02,4,0,63.30,
16289,655,47,00,,02,4,0,63.30,
16290,655,710,00,,02,4,0,63.30,
16291,655,97,00,,02,5,0,59.50,
16292,655,367,00,,02,5,0,59.50,
16293,655,701,00,,02,5,0,59.50,
16294,655,1717,00,,02,6,0,56.70,
16295,655,470,00,,02,6,0,56.70,
16296,655,1080,00,,02,6,0,56.70,
16297,753,943,00,,03,1,0,0.00,
16298,753,482,00,,03,1,0,0.00,
16299,753,2250,00,,03,2,0,0.00,
16300,753,97,00,,03,2,0,0.00,
16301,753,508,00,,03,3,0,0.00,
16302,753,2398,00,,03,3,0,0.00,
16303,753,508,00,,00,1,0,0.00,
16304,753,482,00,,00,1,0,0.00,
16305,753,712,00,,00,2,0,0.00,
16306,753,1323,00,,00,2,0,0.00,
16307,753,25,00,,00,3,0,0.00,
16308,753,1230,00,,00,3,0,0.00,
16309,753,2251,00,,00,4,0,0.00,
16310,753,1032,00,,00,4,0,0.00,
16311,756,1244,02,A,00,1,0,19.98,
16312,756,1246,02,A,00,1,0,19.98,
16313,756,1438,02,A,00,2,0,18.87,
16314,756,1554,02,A,00,2,0,18.87,
16315,756,2260,02,A,00,3,0,18.70,
16316,756,1228,02,A,00,3,0,18.70,
16317,756,2264,02,A,00,4,0,15.32,
16318,756,2258,02,A,00,4,0,15.32,
16319,756,1233,02,A,00,5,0,14.37,
16320,756,2265,02,A,00,5,0,14.37,
16321,756,1776,02,B,00,1,0,22.35,
16322,756,1240,02,B,00,1,0,22.35,
16323,756,1532,02,B,00,2,0,21.50,
16324,756,1778,02,B,00,2,0,21.50,
16325,756,1232,02,B,00,3,0,19.95,
16326,756,1401,02,B,00,3,0,19.95,
16327,756,2302,02,B,00,4,0,16.52,
16328,756,2385,02,B,00,4,0,16.52,
16329,756,2238,02,B,00,5,0,14.45,
16330,756,2392,02,B,00,5,0,14.45,
16331,756,2264,01,,00,1,0,14.95,
16332,756,2258,01,,00,1,0,14.95,
16333,756,2385,01,,00,2,0,14.56,
16334,756,2302,01,,00,2,0,14.56,
16335,756,1233,01,,00,3,0,13.54,
16336,756,2265,01,,00,3,0,13.54,
16337,756,2392,01,,00,4,0,11.05,
16338,756,2238,01,,00,4,0,11.05,
16339,756,1244,00,,00,1,0,22.65,
16340,756,1246,00,,00,1,0,22.65,
16341,756,1776,00,,00,2,0,21.95,
16342,756,1240,00,,00,2,0,21.95,
16343,756,1232,00,,00,3,0,20.00,
16344,756,1401,00,,00,3,0,20.00,
16345,756,1532,00,,00,4,0,19.85,
16346,756,1778,00,,00,4,0,19.85,
16347,756,1438,00,,00,5,0,19.40,
16348,756,1554,00,,00,5,0,19.40,
16349,756,2260,00,,00,6,0,15.95,
16350,756,1228,00,,00,6,0,15.95,
16351,756,2264,00,,00,7,0,14.93,
16352,756,2258,00,,00,7,0,14.93,
16353,756,1240,06,,02,1,0,19.90,
16354,756,2260,06,,02,1,0,19.90,
16355,756,2385,06,,02,1,0,19.90,
16356,756,1532,06,,02,2,0,19.00,
16357,756,1438,06,,02,2,0,19.00,
16358,756,2392,06,,02,2,0,19.00,
16359,756,1246,06,,02,3,0,18.70,
16360,756,1232,06,,02,3,0,18.70,
16361,756,1401,06,,02,3,0,18.70,
16362,756,1554,06,,02,4,0,18.50,
16363,756,2265,06,,02,4,0,18.50,
16364,756,2238,06,,02,4,0,18.50,
16365,756,2237,06,,02,5,0,17.10,
16366,756,1233,06,,02,5,0,17.10,
16367,756,2302,06,,02,5,0,17.10,
16368,756,1776,06,,02,6,0,16.80,
16369,756,1228,06,,02,6,0,16.80,
16370,756,1778,06,,02,6,0,16.80,
16371,756,1244,06,,02,7,0,0.00,
16372,756,2258,06,,02,7,0,0.00,
16373,756,2264,06,,02,7,0,0.00,
16374,750,1230,04,A,00,1,0,48.90,
16375,750,1401,04,A,00,1,0,48.90,
16376,750,1246,04,A,00,2,0,42.20,
16377,750,1245,04,A,00,2,0,42.20,
16378,750,1514,04,A,00,3,0,40.50,
16379,750,1438,04,A,00,3,0,40.50,
16380,750,2237,04,A,00,4,0,39.80,
16381,750,2264,04,A,00,4,0,39.80,
16382,750,2265,04,A,00,5,0,35.90,
16383,750,2404,04,A,00,5,0,35.90,
16384,750,2400,04,A,00,6,0,35.60,
16385,750,2258,04,A,00,6,0,35.60,
16386,750,2238,04,A,00,7,0,28.20,
16387,750,2389,04,A,00,7,0,28.20,
16388,750,2302,04,B,00,1,0,41.20,
16389,750,1461,04,B,00,1,0,41.20,
16390,750,1228,04,B,00,2,0,41.10,
16391,750,1229,04,B,00,2,0,41.10,
16392,750,1776,04,B,00,3,0,39.30,
16393,750,2385,04,B,00,3,0,39.30,
16394,750,1429,04,B,00,4,0,36.10,
16395,750,1241,04,B,00,4,0,36.10,
16396,750,1532,04,B,00,5,0,35.60,
16397,750,1778,04,B,00,5,0,35.60,
16398,750,2401,04,B,00,6,0,31.00,
16399,750,2270,04,B,00,6,0,31.00,
16400,750,1232,04,C,00,1,0,44.90,
16401,750,1240,04,C,00,1,0,44.90,
16402,750,1457,04,C,00,2,0,42.60,
16403,750,1458,04,C,00,2,0,42.60,
16404,750,1603,04,C,00,3,0,36.70,
16405,750,1459,04,C,00,3,0,36.70,
16406,750,1066,04,C,00,4,0,36.20,
16407,750,2387,04,C,00,4,0,36.20,
16408,750,2261,04,C,00,5,0,35.70,
16409,750,2260,04,C,00,5,0,35.70,
16410,750,2402,04,C,00,6,0,23.10,
16411,750,2403,04,C,00,6,0,23.10,
16412,750,1246,02,A,02,1,0,35.30,
16413,750,1461,02,A,02,1,0,35.30,
16414,750,1240,02,A,02,1,0,35.30,
16415,750,2237,02,A,02,2,0,35.10,
16416,750,2385,02,A,02,2,0,35.10,
16417,750,2264,02,A,02,2,0,35.10,
16418,750,1228,02,A,02,3,0,30.90,
16419,750,1438,02,A,02,3,0,30.90,
16420,750,1230,02,A,02,3,0,30.90,
16421,750,1514,02,A,02,4,0,30.30,
16422,750,1778,02,A,02,4,0,30.30,
16423,750,1401,02,A,02,4,0,30.30,
16424,750,2238,02,A,02,5,0,29.80,
16425,750,1429,02,A,02,5,0,29.80,
16426,750,2404,02,A,02,5,0,29.80,
16427,750,1245,02,A,02,6,0,29.40,
16428,750,2260,02,A,02,6,0,29.40,
16429,750,2261,02,A,02,6,0,29.40,
16430,750,2403,02,A,02,7,0,18.50,
16431,750,2402,02,A,02,7,0,18.50,
16432,750,2389,02,A,02,7,0,18.50,
16433,750,1232,02,B,02,1,0,41.40,
16434,750,1229,02,B,02,1,0,41.40,
16435,750,1776,02,B,02,1,0,41.40,
16436,750,2302,02,B,02,2,0,36.80,
16437,750,1457,02,B,02,2,0,36.80,
16438,750,1458,02,B,02,2,0,36.80,
16439,750,1532,02,B,02,3,0,33.10,
16440,750,1459,02,B,02,3,0,33.10,
16441,750,1603,02,B,02,3,0,33.10,
16442,750,1066,02,B,02,4,0,26.60,
16443,750,2265,02,B,02,4,0,26.60,
16444,750,2400,02,B,02,4,0,26.60,
16445,750,2401,02,B,02,5,0,25.10,
16446,750,2270,02,B,02,5,0,25.10,
16447,750,2387,02,B,02,5,0,25.10,
16448,750,2406,02,B,02,6,0,21.20,
16449,750,1241,02,B,02,6,0,21.20,
16450,750,2258,02,B,02,6,0,21.20,
16451,750,2407,02,B,02,7,0,18.60,
16452,750,1233,02,B,02,7,0,18.60,
16453,750,2405,02,B,02,7,0,18.60,
16454,750,1230,02,A,00,1,0,37.20,
16455,750,1401,02,A,00,1,0,37.20,
16456,750,1228,02,A,00,2,0,35.10,
16457,750,1229,02,A,00,2,0,35.10,
16458,750,1457,02,A,00,3,0,35.00,
16459,750,1458,02,A,00,3,0,35.00,
16460,750,1776,02,A,00,4,0,34.30,
16461,750,2385,02,A,00,4,0,34.30,
16462,750,1066,02,A,00,5,0,31.30,
16463,750,2387,02,A,00,5,0,31.30,
16464,750,2237,02,A,00,6,0,28.60,
16465,750,2264,02,A,00,6,0,28.60,
16466,750,1232,02,B,00,1,0,43.30,
16467,750,1240,02,B,00,1,0,43.30,
16468,750,1246,02,B,00,2,0,42.30,
16469,750,1245,02,B,00,2,0,42.30,
16470,750,2302,02,B,00,3,0,41.20,
16471,750,1461,02,B,00,3,0,41.20,
16472,750,1603,02,B,00,4,0,36.10,
16473,750,1459,02,B,00,4,0,36.10,
16474,750,1514,02,B,00,5,0,34.80,
16475,750,1438,02,B,00,5,0,34.80,
16476,750,1429,02,B,00,6,0,32.90,
16477,750,1241,02,B,00,6,0,32.90,
16478,750,1246,00,,02,1,0,37.80,
16479,750,1461,00,,02,1,0,37.80,
16480,750,1240,00,,02,1,0,37.80,
16481,750,1229,00,,02,2,0,37.10,
16482,750,1232,00,,02,2,0,37.10,
16483,750,1776,00,,02,2,0,37.10,
16484,750,2302,00,,02,3,0,36.70,
16485,750,1457,00,,02,3,0,36.70,
16486,750,1458,00,,02,3,0,36.70,
16487,750,1459,00,,02,4,0,35.10,
16488,750,1532,00,,02,4,0,35.10,
16489,750,1603,00,,02,4,0,35.10,
16490,750,1514,00,,02,5,0,33.20,
16491,750,1778,00,,02,5,0,33.20,
16492,750,1401,00,,02,5,0,33.20,
16493,750,1228,00,,02,6,0,32.60,
16494,750,1438,00,,02,6,0,32.60,
16495,750,1230,00,,02,6,0,32.60,
16496,750,2237,00,,02,7,0,30.30,
16497,750,2385,00,,02,7,0,30.30,
16498,750,2264,00,,02,7,0,30.30,
16499,750,1066,00,,02,8,0,22.00,
16500,750,2400,00,,02,8,0,22.00,
16501,750,2265,00,,02,8,0,22.00,
16502,750,1228,00,,00,1,0,47.90,
16503,750,1229,00,,00,1,0,47.90,
16504,750,1232,00,,00,2,0,42.60,
16505,750,1240,00,,00,2,0,42.60,
16506,750,2302,00,,00,3,0,39.40,
16507,750,1461,00,,00,3,0,39.40,
16508,750,1457,00,,00,4,0,38.20,
16509,750,1458,00,,00,4,0,38.20,
16510,750,1459,00,,00,5,0,37.80,
16511,750,1603,00,,00,5,0,37.80,
16512,750,2385,00,,00,6,0,36.50,
16513,750,1776,00,,00,6,0,36.50,
16514,750,1246,00,,00,7,0,36.30,
16515,750,1245,00,,00,7,0,36.30,
16516,750,1230,00,,00,8,0,35.10,
16517,750,1401,00,,00,8,0,35.10,
16518,746,482,00,,06,1,0,0.00,
16519,746,508,00,,06,1,0,0.00,
16520,746,370,00,,06,2,0,0.00,
16521,746,268,00,,06,2,0,0.00,
16522,746,421,00,,06,2,0,0.00,
16523,746,968,00,,06,3,0,0.00,
16524,746,708,00,,06,3,0,0.00,
16525,746,217,00,,06,4,0,0.00,
16526,746,1726,00,,06,4,0,0.00,
16527,746,590,00,,06,4,0,0.00,
16528,746,1487,00,,06,5,0,0.00,
16529,746,738,00,,06,5,0,0.00,
16530,746,962,00,,03,1,0,0.00,
16531,746,708,00,,03,1,0,0.00,
16532,746,1123,00,,03,2,0,0.00,
16533,746,738,00,,03,2,0,0.00,
16534,746,2409,00,,03,3,0,0.00,"The legendary MOM!!"
16535,746,421,00,,03,3,0,0.00,
16536,746,2408,00,,06,3,0,0.00,
16537,788,2265,02,A,00,1,0,20.70,
16538,788,1244,02,A,00,1,0,20.70,
16539,788,2410,02,A,00,2,0,15.90,
16540,788,1711,02,A,00,2,0,15.90,
16541,788,2413,02,A,00,3,0,14.30,
16542,788,2301,02,A,00,3,0,14.30,"Rainer's surname spells Dörr or Doerr..."
16543,788,1245,02,B,00,1,0,15.40,
16544,788,2404,02,B,00,1,0,15.40,
16545,788,2387,02,B,00,2,0,15.20,
16546,788,1602,02,B,00,2,0,15.20,
16547,788,2411,02,B,00,3,0,11.90,
16548,788,2412,02,B,00,3,0,11.90,
16549,788,2265,00,,00,1,0,19.50,
16550,788,1244,00,,00,1,0,19.50,
16551,788,2387,00,,00,2,0,16.90,
16552,788,1602,00,,00,2,0,16.90,
16553,788,1245,00,,00,3,0,16.00,
16554,788,2404,00,,00,3,0,16.00,
16555,788,2410,00,,00,4,0,11.80,
16556,788,1711,00,,00,4,0,11.80,
16557,748,1244,00,,00,1,0,45.10,
16558,748,1246,00,,00,1,0,45.10,
16559,748,911,00,,00,2,0,41.20,
16560,748,1240,00,,00,2,0,41.20,
16561,748,1429,00,,00,3,0,40.50,
16562,748,1776,00,,00,3,0,40.50,
16563,748,2302,00,,00,4,0,39.30,
16564,748,1461,00,,00,4,0,39.30,
16565,748,1457,00,,00,5,0,38.30,
16566,748,1458,00,,00,5,0,38.30,
16567,748,1242,00,,00,6,0,34.40,
16568,748,1729,00,,00,6,0,34.40,
16569,748,2260,00,,00,7,0,33.50,
16570,748,1532,00,,00,7,0,33.50,
16571,748,2261,00,,00,8,0,32.70,
16572,748,1245,00,,00,8,0,32.70,
16573,789,421,00,,06,1,0,0.00,
16574,789,567,00,,06,1,0,0.00,
16575,789,370,00,,06,2,0,0.00,
16576,789,880,00,,06,2,0,0.00,
16577,789,864,00,,06,2,0,0.00,
16578,789,140,00,,06,3,0,0.00,
16579,789,614,00,,06,3,0,0.00,
16580,789,163,00,,06,4,0,0.00,
16581,789,268,00,,06,4,0,0.00,
16582,789,85,00,,06,5,0,0.00,
16583,789,2415,00,,06,5,0,0.00,
16584,789,2416,00,,06,5,0,0.00,
16585,770,421,00,,00,1,0,0.00,
16586,770,923,00,,00,1,0,0.00,
16587,770,1717,00,,00,2,0,0.00,
16588,770,145,00,,00,2,0,0.00,
16589,770,1614,00,,00,3,0,0.00,
16590,770,1613,00,,00,3,0,0.00,
16591,770,140,00,,00,4,0,0.00,
16592,770,737,00,,00,4,0,0.00,
16593,770,911,00,,00,5,0,0.00,
16594,770,2252,00,,00,5,0,0.00,
16595,770,30,00,,00,6,0,0.00,
16596,770,892,00,,00,6,0,0.00,
16597,770,1244,00,,00,7,0,0.00,
16598,770,470,00,,00,7,0,0.00,
16599,770,1408,00,,00,8,0,0.00,
16600,770,1409,00,,00,8,0,0.00,
16601,770,2302,00,,03,1,0,0.00,
16602,770,1244,00,,03,1,0,0.00,
16603,770,1255,00,,03,2,0,0.00,
16604,770,923,00,,03,2,0,0.00,
16605,770,2253,00,,03,3,0,0.00,
16606,770,737,00,,03,3,0,0.00,
16607,770,2321,00,,03,4,0,0.00,
16608,770,911,00,,03,4,0,0.00,
16609,770,2417,00,,03,5,0,0.00,
16610,770,2418,00,,03,5,0,0.00,
16611,770,30,00,,02,1,0,0.00,
16612,770,892,00,,02,1,0,0.00,
16613,770,145,00,,02,1,0,0.00,
16614,770,1717,00,,02,2,0,0.00,
16615,770,911,00,,02,2,0,0.00,
16616,770,923,00,,02,2,0,0.00,
16617,770,140,00,,02,3,0,0.00,
16618,770,1408,00,,02,3,0,0.00,
16619,770,1409,00,,02,3,0,0.00,
16620,770,1429,00,,02,4,0,0.00,
16621,770,1428,00,,02,4,0,0.00,
16622,770,2252,00,,02,4,0,0.00,
16623,770,421,00,,02,5,0,0.00,
16624,770,1614,00,,02,5,0,0.00,
16625,770,1613,00,,02,5,0,0.00,
16626,770,1244,00,,02,6,0,0.00,
16627,770,470,00,,02,6,0,0.00,
16628,770,739,00,,02,6,0,0.00,
16629,796,1408,02,A,00,1,0,40.75,
16630,796,1081,02,A,00,1,0,40.75,
16631,796,1244,02,A,00,2,0,39.84,
16632,796,1776,02,A,00,2,0,39.84,
16633,796,1228,02,A,00,3,0,39.77,
16634,796,1438,02,A,00,3,0,39.77,
16635,796,1514,02,A,00,4,0,36.09,
16636,796,1554,02,A,00,4,0,36.09,
16637,796,2425,02,A,00,5,0,29.79,
16638,796,2404,02,A,00,5,0,29.79,
16639,796,233,02,A,00,6,0,28.18,
16640,796,2427,02,A,00,6,0,28.18,
16641,796,2406,02,A,00,7,0,27.42,
16642,796,2265,02,A,00,7,0,27.42,
16643,796,2419,02,A,00,8,0,26.65,
16644,796,2420,02,A,00,8,0,26.65,
16645,796,2421,02,A,00,9,0,21.15,
16646,796,2412,02,A,00,9,0,21.15,
16647,796,1429,02,B,00,1,0,39.80,
16648,796,1717,02,B,00,1,0,39.80,
16649,796,2385,02,B,00,2,0,39.20,
16650,796,2264,02,B,00,2,0,39.20,
16651,796,2302,02,B,00,3,0,38.50,
16652,796,1240,02,B,00,3,0,38.50,
16653,796,1246,02,B,00,4,0,36.50,
16654,796,1603,02,B,00,4,0,36.50,
16655,796,1401,02,B,00,5,0,34.30,
16656,796,1778,02,B,00,5,0,34.30,
16657,796,1461,02,B,00,6,0,31.60,
16658,796,2260,02,B,00,6,0,31.60,
16659,796,2424,02,B,00,7,0,31.50,
16660,796,1233,02,B,00,7,0,31.50,
16661,796,2237,02,B,00,8,0,30.80,
16662,796,2426,02,B,00,8,0,30.80,
16663,796,2405,02,B,00,10,0,23.80,
16664,796,2423,02,B,00,10,0,23.80,
16665,796,2422,02,B,00,11,0,23.70,
16666,796,2428,02,B,00,11,0,23.70,
16667,796,1532,02,B,00,9,0,26.80,
16668,796,2429,02,B,00,9,0,26.80,
16669,796,1429,00,,00,1,0,45.60,
16670,796,1717,00,,00,1,0,45.60,
16671,796,1244,00,,00,2,0,40.60,
16672,796,1776,00,,00,2,0,40.60,
16673,796,1408,00,,00,3,0,36.90,
16674,796,1081,00,,00,3,0,36.90,
16675,796,2385,00,,00,4,0,36.70,
16676,796,2264,00,,00,4,0,36.70,
16677,796,1228,00,,00,5,0,35.00,
16678,796,1438,00,,00,5,0,35.00,
16679,796,2302,00,,00,6,0,33.70,
16680,796,1240,00,,00,6,0,33.70,
16681,796,1514,00,,00,7,0,33.40,
16682,796,1554,00,,00,7,0,33.40,
16683,796,1246,00,,00,8,0,32.90,
16684,796,1603,00,,00,8,0,32.90,
16685,796,1408,02,A,06,1,0,43.24,
16686,796,1081,02,A,06,1,0,43.24,
16687,796,1514,02,A,06,2,0,41.30,
16688,796,1554,02,A,06,2,0,41.30,
16689,796,1244,02,A,06,3,0,41.06,
16690,796,1776,02,A,06,3,0,41.06,
16691,796,1228,02,A,06,4,0,37.60,
16692,796,1438,02,A,06,4,0,37.60,
16693,796,1461,02,A,06,5,0,37.14,
16694,796,2260,02,A,06,5,0,37.14,
16695,796,2425,02,A,06,6,0,33.80,
16696,796,2404,02,A,06,6,0,33.80,
16697,796,2406,02,A,06,7,0,29.00,
16698,796,2265,02,A,06,7,0,29.00,
16699,796,2419,02,A,06,8,0,27.90,
16700,796,2420,02,A,06,8,0,27.90,
16701,796,2421,02,A,06,9,0,26.70,
16702,796,2412,02,A,06,9,0,26.70,
16703,796,1246,02,B,06,1,0,43.20,
16704,796,1603,02,B,06,1,0,43.20,
16705,796,1401,02,B,06,2,0,42.10,
16706,796,1778,02,B,06,2,0,42.10,
16707,796,2302,02,B,06,3,0,40.55,
16708,796,1240,02,B,06,3,0,40.55,
16709,796,2385,02,B,06,4,0,39.55,
16710,796,2264,02,B,06,4,0,39.55,
16711,796,1429,02,B,06,5,0,36.60,
16712,796,1717,02,B,06,5,0,36.60,
16713,796,2237,02,B,06,6,0,35.90,
16714,796,2426,02,B,06,6,0,35.90,
16715,796,2424,02,B,06,7,0,32.60,
16716,796,1233,02,B,06,7,0,32.60,
16717,796,2423,02,B,06,8,0,32.00,
16718,796,2405,02,B,06,8,0,32.00,
16719,796,2422,02,B,06,9,0,27.60,
16720,796,2428,02,B,06,9,0,27.60,
16721,796,1408,00,,06,1,0,42.83,
16722,796,1081,00,,06,1,0,42.83,
16723,796,1244,00,,06,2,0,40.38,
16724,796,1776,00,,06,2,0,40.38,
16725,796,1514,00,,06,3,0,37.65,
16726,796,1554,00,,06,3,0,37.65,
16727,796,2302,00,,06,4,0,36.55,
16728,796,1240,00,,06,4,0,36.55,
16729,796,1246,00,,06,5,0,36.86,
16730,796,1603,00,,06,5,0,36.86,
16731,796,1228,00,,06,6,0,36.63,
16732,796,1438,00,,06,6,0,36.63,
16733,796,1401,00,,06,7,0,33.49,
16734,796,1778,00,,06,7,0,33.49,
16735,796,2385,00,,06,8,0,33.36,
16736,796,2264,00,,06,8,0,33.36,
16737,803,2237,00,,00,1,0,36.20,
16738,803,1244,00,,00,1,0,36.20,
16739,803,2302,00,,00,2,2,34.60,
16740,803,1066,00,,00,2,2,34.60,
16741,803,1246,00,,00,3,2,34.60,
16742,803,2261,00,,00,3,2,34.60,
16743,803,2264,00,,00,4,0,34.10,
16744,803,1458,00,,00,4,0,34.10,
16745,798,421,00,,02,1,0,0.00,
16746,798,268,00,,02,1,0,0.00,
16747,798,911,00,,02,1,0,0.00,
16748,798,923,00,,02,2,0,0.00,
16749,798,470,00,,02,2,0,0.00,
16750,798,1613,00,,02,2,0,0.00,
16751,798,1244,00,,02,3,0,0.00,
16752,798,2252,00,,02,3,0,0.00,
16753,798,145,00,,02,3,0,0.00,
16754,798,1717,00,,02,4,0,0.00,
16755,798,2271,00,,02,4,0,0.00,
16756,798,1614,00,,02,4,0,0.00,
16757,798,1776,00,,02,5,0,0.00,
16758,798,1229,00,,02,5,0,0.00,
16759,798,1429,00,,02,5,0,0.00,
16760,798,737,00,,02,6,0,0.00,
16761,798,914,00,,02,6,0,0.00,
16762,798,1081,00,,02,6,0,0.00,
16763,798,2268,00,,02,7,0,0.00,
16764,798,328,00,,02,7,0,0.00,
16765,798,1590,00,,02,7,0,0.00,
16766,798,1532,00,,02,8,0,0.00,
16767,798,2264,00,,02,8,0,0.00,
16768,798,1438,00,,02,8,0,0.00,
16769,798,1255,00,,03,1,0,0.00,
16770,798,923,00,,03,1,0,0.00,
16771,798,2396,00,,03,2,0,0.00,
16772,798,737,00,,03,2,0,0.00,
16773,798,1717,00,,03,3,0,0.00,
16774,798,2302,00,,03,4,0,0.00,
16775,798,1244,00,,03,4,0,0.00,
16776,798,2237,00,,03,5,0,0.00,
16777,798,2252,00,,03,5,0,0.00,
16778,798,328,00,,03,6,0,0.00,
16779,798,1717,00,,00,1,0,0.00,
16780,798,923,00,,00,1,0,0.00,
16781,798,737,00,,00,2,0,0.00,
16782,798,421,00,,00,2,0,0.00,
16783,798,2271,00,,00,3,0,0.00,
16784,798,268,00,,00,3,0,0.00,
16785,798,1614,00,,00,4,0,0.00,
16786,798,1613,00,,00,4,0,0.00,
16787,798,914,00,,00,5,0,0.00,
16788,798,1081,00,,00,5,0,0.00,
16789,798,1429,00,,00,6,0,0.00,
16790,798,145,00,,00,6,0,0.00,
16791,798,1244,00,,00,7,0,0.00,
16792,798,911,00,,00,7,0,0.00,
16793,798,2512,00,,00,8,0,0.00,"9.  Jan Mahony Zahradnicek"
16794,798,1776,00,,00,8,0,0.00,"9. Jiri Weiss"
16795,823,421,00,,00,1,0,0.00,
16796,823,2430,00,,00,1,0,0.00,"PK's 1st partner ever!"
16797,823,2431,00,,00,2,0,0.00,
16798,823,2432,00,,00,2,0,0.00,
16799,828,1244,00,,00,1,0,67.00,
16800,828,1246,00,,00,1,0,67.00,
16801,828,1532,00,,00,2,0,60.00,
16802,828,2429,00,,00,2,0,60.00,
16803,828,1461,00,,00,3,0,55.50,
16804,828,2260,00,,00,3,0,55.50,
16805,828,2302,00,,00,4,0,46.00,
16806,828,2420,00,,00,4,0,46.00,
16807,828,1458,00,,00,5,0,36.00,
16808,828,2433,00,,00,5,0,36.00,
16809,801,441,00,,03,1,1,0.00,"tie for 1st"
16810,801,163,00,,03,1,1,0.00,"kruger/imperiale, daniels/gauthier"
16811,801,268,00,,03,2,1,0.00,"see notes for 1st place"
16812,801,370,00,,03,2,1,0.00,
16813,801,367,00,,03,3,0,0.00,
16814,801,567,00,,03,3,0,0.00,
16815,801,630,00,,03,4,0,0.00,
16816,801,421,00,,03,4,0,0.00,
16817,801,962,00,,03,5,0,0.00,
16818,801,708,00,,03,5,0,0.00,
16819,801,482,00,,06,1,0,0.00,
16820,801,567,00,,06,1,0,0.00,
16821,801,370,00,,06,1,0,0.00,
16822,801,1730,00,,06,2,0,0.00,
16823,801,268,00,,06,2,0,0.00,
16824,801,421,00,,06,2,0,0.00,
16825,801,217,00,,06,3,0,0.00,
16826,801,614,00,,06,3,0,0.00,
16827,801,163,00,,06,3,0,0.00,
16828,801,2435,00,,06,4,0,0.00,
16829,801,855,00,,06,4,0,0.00,
16830,801,2434,00,,06,5,0,0.00,
16831,801,441,00,,06,5,0,0.00,
16832,801,367,00,,06,5,0,0.00,
16833,801,708,00,,06,6,0,0.00,
16834,801,746,00,,06,6,0,0.00,
16835,801,1487,00,,06,7,0,0.00,
16836,801,962,00,,06,7,0,0.00,
16837,797,140,00,,00,1,0,70.60,
16838,797,911,00,,00,1,0,70.60,
16839,797,473,00,,00,2,0,70.00,
16840,797,567,00,,00,2,0,70.00,
16841,797,268,00,,00,3,0,67.60,
16842,797,269,00,,00,3,0,67.60,
16843,797,737,00,,00,4,0,67.20,
16844,797,421,00,,00,4,0,67.20,
16845,797,145,00,,00,5,0,66.80,
16846,797,1429,00,,00,5,0,66.80,
16847,797,710,00,,00,6,0,66.10,
16848,797,470,00,,00,6,0,66.10,
16849,797,2436,00,,00,7,0,61.20,
16850,797,442,00,,00,7,0,61.20,
16851,797,508,00,,00,8,0,60.40,
16852,797,887,00,,00,8,0,60.40,
16853,797,441,00,,01,1,0,64.40,
16854,797,367,00,,01,1,0,64.40,
16855,797,884,00,,01,2,0,63.40,
16856,797,47,00,,01,2,0,63.40,
16857,797,2396,00,,01,3,0,52.80,
16858,797,2302,00,,01,3,0,52.80,
16859,797,943,00,,01,4,0,51.40,
16860,797,163,00,,01,4,0,51.40,
16861,797,145,00,,02,1,0,72.30,
16862,797,30,00,,02,1,0,72.30,
16863,797,892,00,,02,1,0,72.30,
16864,797,421,00,,02,2,0,70.05,
16865,797,268,00,,02,2,0,70.05,
16866,797,911,00,,02,2,0,70.05,
16867,797,737,00,,02,3,0,67.70,
16868,797,508,00,,02,3,0,67.70,
16869,797,470,00,,02,3,0,67.70,
16870,797,473,00,,02,4,0,65.70,
16871,797,567,00,,02,4,0,65.70,
16872,797,97,00,,02,4,0,65.70,
16873,797,1717,00,,02,5,0,64.65,
16874,797,140,00,,02,5,0,64.65,
16875,797,269,00,,02,5,0,64.65,
16876,797,370,00,,02,6,0,62.40,
16877,797,880,00,,02,6,0,62.40,
16878,797,710,00,,02,6,0,62.40,
16879,797,47,00,,03,1,0,74.00,
16880,797,710,00,,03,1,0,74.00,
16881,797,367,00,,03,2,0,69.70,
16882,797,567,00,,03,2,0,69.70,
16883,797,163,00,,03,3,0,67.50,
16884,797,268,00,,03,3,0,67.50,
16885,797,441,00,,03,4,0,67.00,
16886,797,269,00,,03,4,0,67.00,
16887,797,2396,00,,03,5,0,64.00,
16888,797,737,00,,03,5,0,64.00,
16889,797,630,00,,03,6,0,56.50,
16890,797,421,00,,03,6,0,56.50,
16891,797,473,01,A,00,1,0,74.90,
16892,797,567,01,A,00,1,0,74.90,
16893,797,911,01,A,00,2,0,73.20,
16894,797,140,01,A,00,2,0,73.20,
16895,797,421,01,A,00,3,0,70.40,
16896,797,737,01,A,00,3,0,70.40,
16897,797,508,01,A,00,4,0,69.00,
16898,797,887,01,A,00,4,0,69.00,
16899,797,614,01,A,00,5,0,67.50,
16900,797,675,01,A,00,5,0,67.50,
16901,797,97,01,A,00,6,0,60.80,
16902,797,1776,01,A,00,6,0,60.80,
16903,797,258,01,A,00,7,0,58.50,
16904,797,649,01,A,00,7,0,58.50,
16905,797,1727,01,A,00,8,0,55.70,
16906,797,1736,01,A,00,8,0,55.70,
16907,797,145,02,B,00,1,0,69.90,
16908,797,1429,02,B,00,1,0,69.90,
16909,797,268,02,B,00,2,0,65.20,
16910,797,268,02,B,00,2,0,65.20,
16911,797,470,02,B,00,3,0,63.60,
16912,797,710,02,B,00,3,0,63.60,
16913,797,442,02,B,00,4,0,60.80,
16914,797,2436,02,B,00,4,0,60.80,
16915,797,892,02,B,00,5,0,59.10,
16916,797,30,02,B,00,5,0,59.10,
16917,797,370,02,B,00,6,0,51.80,
16918,797,112,02,B,00,6,0,51.80,
16919,797,2434,02,B,00,7,0,51.40,
16920,797,2435,02,B,00,7,0,51.40,
16921,797,880,02,B,00,8,0,49.90,
16922,797,280,02,B,00,8,0,49.90,
16923,797,367,02,,01,1,0,65.20,
16924,797,441,02,,01,1,0,65.20,
16925,797,47,02,,01,2,0,63.30,
16926,797,884,02,,01,2,0,63.30,
16927,797,163,02,,01,3,0,55.70,
16928,797,943,02,,01,3,0,55.70,
16929,797,2396,02,,01,4,0,55.00,
16930,797,2302,02,,01,4,0,55.00,
16931,797,937,02,,01,5,0,51.40,
16932,797,1255,02,,01,5,0,51.40,
16933,797,486,02,,01,6,0,46.80,
16934,797,630,02,,01,6,0,46.80,
16935,797,815,02,,01,7,0,31.90,
16936,797,1664,02,,01,7,0,31.90,
16937,797,441,02,A,03,1,0,69.00,
16938,797,269,02,A,03,1,0,69.00,
16939,797,47,02,A,03,2,0,67.20,
16940,797,710,02,A,03,2,0,67.20,
16941,797,737,02,A,03,3,0,62.80,
16942,797,2396,02,A,03,3,0,62.80,
16943,797,2302,02,A,03,4,0,57.50,
16944,797,1429,02,A,03,4,0,57.50,
16945,797,486,02,A,03,5,0,56.90,
16946,797,695,02,A,03,5,0,56.90,
16947,797,943,02,A,03,6,0,43.50,
16948,797,968,02,A,03,6,0,43.50,
16949,797,1664,02,A,03,7,0,42.40,
16950,797,880,02,A,03,7,0,42.40,
16951,797,367,02,B,03,1,0,65.80,
16952,797,567,02,B,03,1,0,65.80,
16953,797,163,02,B,03,2,0,63.30,
16954,797,268,02,B,03,2,0,63.30,
16955,797,630,02,B,03,3,0,60.70,
16956,797,421,02,B,03,3,0,60.70,
16957,797,614,02,B,03,4,0,55.00,
16958,797,1255,02,B,03,4,0,55.00,
16959,797,937,02,B,03,5,0,46.60,
16960,797,15,02,B,03,5,0,46.60,
16961,797,962,02,B,03,6,0,46.50,
16962,797,708,02,B,03,6,0,46.50,
16963,797,884,02,B,03,7,0,44.90,
16964,797,363,02,B,03,7,0,44.90,
16965,797,815,02,B,03,8,0,41.70,
16966,797,590,02,B,03,8,0,41.70,
16967,797,473,02,A,02,1,0,64.40,
16968,797,567,02,A,02,1,0,64.40,
16969,797,97,02,A,02,1,0,64.40,
16970,797,470,02,A,02,2,0,63.50,
16971,797,737,02,A,02,2,0,63.50,
16972,797,508,02,A,02,2,0,63.50,
16973,797,268,02,A,02,3,0,63.30,
16974,797,421,02,A,02,3,0,63.30,
16975,797,911,02,A,02,3,0,63.30,
16976,797,363,02,A,02,4,0,60.20,
16977,797,533,02,A,02,4,0,60.20,
16978,797,864,02,A,02,4,0,60.20,
16979,797,887,02,A,02,5,0,55.90,
16980,797,442,02,A,02,5,0,55.90,
16981,797,1730,02,A,02,5,0,55.90,
16982,797,1727,02,A,02,6,0,52.20,
16983,797,441,02,A,02,6,0,52.20,
16984,797,112,02,A,02,6,0,52.20,
16985,797,258,02,A,02,7,0,51.50,
16986,797,2434,02,A,02,7,0,51.50,
16987,797,2435,02,A,02,7,0,51.50,
16988,797,2302,02,A,02,8,0,51.30,
16989,797,163,02,A,02,8,0,51.30,
16990,797,410,02,A,02,8,0,51.30,
16991,797,145,02,B,02,1,0,71.10,
16992,797,30,02,B,02,1,0,71.10,
16993,797,892,02,B,02,1,0,71.10,
16994,797,269,02,B,02,2,0,64.20,
16995,797,1717,02,B,02,2,0,64.20,
16996,797,140,02,B,02,2,0,64.20,
16997,797,710,02,B,02,3,0,61.80,
16998,797,880,02,B,02,3,0,61.80,
16999,797,370,02,B,02,3,0,61.80,
17000,797,1429,02,B,02,4,0,61.30,
17001,797,367,02,B,02,4,0,61.30,
17002,797,1776,02,B,02,4,0,61.30,
17003,797,968,02,B,02,5,0,56.80,
17004,797,328,02,B,02,5,0,56.80,
17005,797,486,02,B,02,5,0,56.80,
17006,797,1230,02,B,02,6,0,52.50,
17007,797,614,02,B,02,6,0,52.50,
17008,797,2436,02,B,02,6,0,52.50,
17009,797,280,02,B,02,7,0,49.00,
17010,797,855,02,B,02,7,0,49.00,
17011,797,590,02,B,02,7,0,49.00,
17012,797,712,02,B,02,8,0,42.30,
17013,797,118,02,B,02,8,0,42.30,
17014,797,866,02,B,02,8,0,42.30,
17015,797,567,04,A,00,1,0,0.00,
17016,797,473,04,A,00,1,0,0.00,
17017,797,737,04,A,00,2,0,0.00,
17018,797,421,04,A,00,2,0,0.00,
17019,797,258,04,A,00,3,0,0.00,
17020,797,649,04,A,00,3,0,0.00,
17021,797,97,04,A,00,4,0,0.00,
17022,797,1776,04,A,00,4,0,0.00,
17023,797,363,04,A,00,5,0,0.00,
17024,797,533,04,A,00,5,0,0.00,
17025,797,1082,04,A,00,6,0,0.00,
17026,797,489,04,A,00,6,0,0.00,
17027,797,1115,04,A,00,7,0,0.00,
17028,797,1608,04,A,00,7,0,0.00,
17029,797,268,04,B,00,1,0,0.00,
17030,797,269,04,B,00,1,0,0.00,
17031,797,145,04,B,00,2,0,0.00,
17032,797,1429,04,B,00,2,0,0.00,
17033,797,112,04,B,00,3,0,0.00,
17034,797,370,04,B,00,3,0,0.00,
17035,797,2434,04,B,00,4,0,0.00,
17036,797,2435,04,B,00,4,0,0.00,
17037,797,1255,04,B,00,5,0,0.00,
17038,797,2396,04,B,00,5,0,0.00,
17039,797,1730,04,B,00,6,0,0.00,
17040,797,1230,04,B,00,6,0,0.00,
17041,797,118,04,B,00,7,0,0.00,
17042,797,866,04,B,00,7,0,0.00,
17043,797,140,04,C,00,1,0,0.00,
17044,797,911,04,C,00,1,0,0.00,
17045,797,614,04,C,00,2,0,0.00,
17046,797,675,04,C,00,2,0,0.00,
17047,797,508,04,C,00,3,0,0.00,
17048,797,887,04,C,00,3,0,0.00,
17049,797,280,04,C,00,4,0,0.00,
17050,797,880,04,C,00,4,0,0.00,
17051,797,590,04,C,00,5,0,0.00,
17052,797,864,04,C,00,5,0,0.00,
17053,797,410,04,C,00,6,0,0.00,
17054,797,695,04,C,00,6,0,0.00,
17055,797,2236,04,C,00,7,0,0.00,
17056,797,328,04,C,00,7,0,0.00,
17057,797,470,04,D,00,1,0,0.00,
17058,797,710,04,D,00,1,0,0.00,
17059,797,30,04,D,00,2,0,0.00,
17060,797,892,04,D,00,2,0,0.00,
17061,797,1727,04,D,00,3,0,0.00,
17062,797,1736,04,D,00,3,0,0.00,
17063,797,442,04,D,00,4,0,0.00,
17064,797,2436,04,D,00,4,0,0.00,
17065,797,968,04,D,00,5,0,0.00,
17066,797,712,04,D,00,5,0,0.00,
17067,797,946,04,D,00,6,0,0.00,
17068,797,855,04,D,00,6,0,0.00,
17069,797,470,04,A,02,1,0,0.00,
17070,797,508,04,A,02,1,0,0.00,
17071,797,737,04,A,02,1,0,0.00,
17072,797,1730,04,A,02,2,0,0.00,
17073,797,442,04,A,02,2,0,0.00,
17074,797,887,04,A,02,2,0,0.00,
17075,797,1727,04,A,02,3,0,0.00,
17076,797,112,04,A,02,3,0,0.00,
17077,797,441,04,A,02,3,0,0.00,
17078,797,855,04,A,02,4,0,0.00,
17079,797,590,04,A,02,4,0,0.00,
17080,797,280,04,A,02,4,0,0.00,
17081,797,1608,04,A,02,5,0,0.00,
17082,797,1115,04,A,02,5,0,0.00,
17083,797,946,04,A,02,5,0,0.00,
17084,797,30,04,B,02,1,0,0.00,
17085,797,892,04,B,02,1,0,0.00,
17086,797,145,04,B,02,1,0,0.00,
17087,797,1429,04,B,02,2,0,0.00,
17088,797,367,04,B,02,2,0,0.00,
17089,797,1776,04,B,02,2,0,0.00,
17090,797,363,04,B,02,3,0,0.00,
17091,797,533,04,B,02,3,0,0.00,
17092,797,864,04,B,02,3,0,0.00,
17093,797,258,04,B,02,4,0,0.00,
17094,797,2434,04,B,02,4,0,0.00,
17095,797,2435,04,B,02,4,0,0.00,
17096,797,645,04,B,02,5,0,0.00,
17097,797,460,04,B,02,5,0,0.00,
17098,797,489,04,B,02,5,0,0.00,
17099,797,97,04,C,02,1,0,0.00,
17100,797,567,04,C,02,1,0,0.00,
17101,797,473,04,C,02,1,0,0.00,
17102,797,268,04,C,02,2,0,0.00,
17103,797,421,04,C,02,2,0,0.00,
17104,797,911,04,C,02,2,0,0.00,
17105,797,968,04,C,02,3,0,0.00,
17106,797,486,04,C,02,3,0,0.00,
17107,797,328,04,C,02,3,0,0.00,
17108,797,163,04,C,02,4,0,0.00,
17109,797,410,04,C,02,4,0,0.00,
17110,797,2302,04,C,02,4,0,0.00,
17111,797,1717,04,D,02,1,0,0.00,
17112,797,269,04,D,02,1,0,0.00,
17113,797,140,04,D,02,1,0,0.00,
17114,797,370,04,D,02,2,0,0.00,
17115,797,710,04,D,02,2,0,0.00,
17116,797,880,04,D,02,2,0,0.00,
17117,797,118,04,D,02,3,0,0.00,
17118,797,712,04,D,02,3,0,0.00,
17119,797,866,04,D,02,3,0,0.00,
17120,797,1230,04,D,02,4,0,0.00,
17121,797,2436,04,D,02,4,0,0.00,
17122,797,614,04,D,02,4,0,0.00,
17123,812,737,00,,06,1,0,292.50,"Final Overall Results"
17124,812,268,00,,06,2,0,290.50,
17125,812,269,00,,06,3,0,288.50,
17126,812,567,00,,06,4,0,286.50,
17127,812,145,00,,06,5,0,286.50,
17128,812,911,00,,06,6,0,285.50,
17129,812,140,00,,06,7,0,282.50,
17130,812,470,00,,06,8,0,280.50,
17131,812,1717,00,,06,9,0,272.50,
17132,812,1727,00,,06,10,0,272.00,
17133,812,1776,00,,06,11,0,269.00,
17134,812,2436,00,,06,12,0,265.50,
17135,812,367,00,,06,13,0,265.00,
17136,812,370,00,,06,14,0,265.00,
17137,812,441,00,,06,15,0,253.00,
17138,812,421,00,,06,16,0,246.50,
17139,812,1230,00,,06,17,0,245.00,
17140,812,2435,00,,06,18,0,241.00,
17141,812,855,00,,06,19,0,239.50,
17142,812,328,00,,06,20,0,236.00,
17143,812,442,00,,06,21,0,235.00,
17144,812,163,00,,06,22,0,228.00,
17145,812,943,00,,06,23,0,227.50,
17146,812,2434,00,,06,24,0,227.50,
17147,812,2396,00,,06,25,0,225.00,
17148,812,1255,00,,06,26,0,224.00,
17149,812,946,00,,06,27,0,221.00,
17150,812,968,00,,06,28,0,220.00,
17151,812,708,00,,06,29,0,219.50,
17152,812,630,00,,06,30,0,204.00,
17153,812,962,00,,06,31,0,202.50,
17154,812,614,00,,06,32,0,192.00,
17155,812,112,00,,06,33,0,191.50,
17156,812,486,00,,06,34,0,189.50,
17157,812,1736,00,,06,35,0,182.50,
17158,812,2302,00,,06,36,0,174.50,
17159,812,746,00,,06,37,0,174.50,
17160,812,815,00,,06,38,0,167.50,
17161,812,828,00,,06,39,0,133.50,
17162,812,268,00,,00,1,0,0.00,
17163,812,269,00,,00,1,0,0.00,
17164,812,145,00,,00,2,0,0.00,
17165,812,737,00,,00,2,0,0.00,
17166,812,470,00,,00,3,0,0.00,
17167,812,567,00,,00,3,0,0.00,
17168,812,140,00,,00,4,0,0.00,
17169,812,911,00,,00,4,0,0.00,
17170,812,1727,00,,00,5,0,0.00,
17171,812,1717,00,,00,5,0,0.00,
17172,812,112,00,,00,6,0,0.00,
17173,812,370,00,,00,6,0,0.00,
17174,812,367,00,,00,7,7,0.00,Tie
17175,812,441,00,,00,7,7,0.00,
17176,812,1776,00,,00,8,7,0.00,Tie
17177,812,2436,00,,00,8,7,0.00,
17178,812,268,04,A,00,1,0,0.00,
17179,812,269,04,A,00,1,0,0.00,
17180,812,1776,04,A,00,2,0,0.00,
17181,812,2436,04,A,00,2,0,0.00,
17182,812,421,04,A,00,3,0,0.00,
17183,812,946,04,A,00,3,0,0.00,
17184,812,2302,04,A,00,4,0,0.00,
17185,812,2396,04,A,00,4,0,0.00,
17186,812,442,04,B,00,1,0,0.00,
17187,812,1736,04,B,00,1,0,0.00,
17188,812,746,04,B,00,2,0,0.00,
17189,812,328,04,B,00,2,0,0.00,
17190,812,943,04,B,00,3,3,0.00,Tie
17191,812,968,04,B,00,3,3,0.00,
17192,812,962,04,B,00,4,3,0.00,Tie
17193,812,708,04,B,00,4,3,0.00,
17194,812,737,04,C,00,1,0,0.00,
17195,812,145,04,C,00,1,0,0.00,
17196,812,112,04,C,00,2,0,0.00,
17197,812,370,04,C,00,2,0,0.00,
17198,812,163,04,C,00,3,0,0.00,
17199,812,614,04,C,00,3,0,0.00,
17200,812,2434,04,C,00,4,0,0.00,
17201,812,2435,04,C,00,4,0,0.00,
17202,812,140,04,D,00,1,0,0.00,
17203,812,911,04,D,00,1,0,0.00,
17204,812,367,04,D,00,2,0,0.00,
17205,812,441,04,D,00,2,0,0.00,
17206,812,1230,04,D,00,3,0,0.00,
17207,812,855,04,D,00,3,0,0.00,
17208,812,1255,04,D,00,4,0,0.00,
17209,812,486,04,D,00,4,0,0.00,
17210,812,815,04,D,00,5,0,0.00,
17211,812,630,04,D,00,5,0,0.00,
17212,812,140,00,,04,1,0,0.00,"Turboshred Finals"
17213,812,567,00,,04,2,0,0.00,
17214,812,911,00,,04,3,0,0.00,
17215,812,470,00,,04,4,0,0.00,
17216,812,737,00,,04,5,0,0.00,
17217,812,1717,00,,04,6,0,0.00,
17218,812,145,00,,04,7,0,0.00,
17219,812,269,00,,04,8,0,0.00,
17220,812,370,00,,04,9,0,0.00,
17221,812,268,00,,04,10,0,0.00,
17222,812,140,04,A,04,1,0,0.00,"Turboshred Preliminaries"
17223,812,145,04,A,04,2,0,0.00,
17224,812,268,04,A,04,3,0,0.00,
17225,812,737,04,A,04,4,0,0.00,
17226,812,370,04,A,04,5,0,0.00,
17227,812,421,04,A,04,6,0,0.00,
17228,812,968,04,A,04,7,0,0.00,
17229,812,1776,04,A,04,8,0,0.00,
17230,812,2435,04,A,04,9,0,0.00,
17231,812,2436,04,A,04,10,0,0.00,
17232,812,855,04,A,04,11,0,0.00,
17233,812,328,04,A,04,12,12,0.00,Tie
17234,812,441,04,A,04,13,12,0.00,Tie
17235,812,163,04,A,04,14,0,0.00,
17236,812,630,04,A,04,15,0,0.00,
17237,812,962,04,A,04,16,0,0.00,
17238,812,470,04,B,04,1,0,0.00,
17239,812,269,04,B,04,2,0,0.00,
17240,812,1717,04,B,04,3,0,0.00,
17241,812,911,04,B,04,4,0,0.00,
17242,812,567,04,B,04,5,0,0.00,
17243,812,1727,04,B,04,6,0,0.00,
17244,812,442,04,B,04,7,0,0.00,
17245,812,367,04,B,04,8,0,0.00,
17246,812,943,04,B,04,9,0,0.00,
17247,812,708,04,B,04,10,10,0.00,Tie
17248,812,1230,04,B,04,11,10,0.00,Tie
17249,812,1255,04,B,04,12,12,0.00,Tie
17250,812,2434,04,B,04,13,12,0.00,Tie
17251,812,946,04,B,04,14,0,0.00,
17252,812,2396,04,B,04,15,0,0.00,
17253,812,268,00,,19,1,0,0.00,"Mob-Op Results (Top 4 Jammed as Final)"
17254,812,737,00,,19,2,0,0.00,
17255,812,2436,00,,19,3,0,0.00,
17256,812,1776,00,,19,4,0,0.00,
17257,812,269,00,,19,5,0,0.00,
17258,812,145,00,,19,6,0,0.00,
17259,812,911,00,,19,7,0,0.00,
17260,812,367,00,,19,8,0,0.00,
17261,812,567,00,,19,9,0,0.00,
17262,812,1727,00,,19,10,0,0.00,
17263,812,441,00,,19,11,0,0.00,
17264,812,140,00,,19,12,0,0.00,
17265,812,470,00,,19,13,0,0.00,
17266,812,328,00,,19,14,0,0.00,
17267,812,1717,00,,19,15,0,0.00,
17268,812,2435,00,,19,16,0,0.00,
17269,812,370,00,,19,17,0,0.00,
17270,812,1230,00,,19,18,0,0.00,
17271,812,485,00,,19,19,0,0.00,
17272,812,2396,00,,19,20,0,0.00,
17273,812,855,00,,19,21,0,0.00,
17274,812,943,00,,19,22,22,0.00,Tie
17275,812,2434,00,,19,23,22,0.00,Tie
17276,812,421,00,,19,24,24,0.00,Tie
17277,812,614,00,,19,25,24,0.00,Tie
17278,812,1255,00,,19,26,0,0.00,
17279,812,163,00,,19,27,0,0.00,
17280,812,708,00,,19,28,0,0.00,
17281,816,1776,00,,00,1,0,43.20,"video: http://www.youtube.com/watch?v=4JMWT1PVL0o"
17282,816,1429,00,,00,1,0,43.20,
17283,816,1532,00,,00,2,0,40.50,"video: http://www.youtube.com/watch?v=C3GawmXj4hI"
17284,816,1778,00,,00,2,0,40.50,
17285,816,2271,00,,00,3,0,37.80,"video: http://www.youtube.com/watch?v=C2jHgiuD5ns"
17286,816,2404,00,,00,3,0,37.80,
17287,816,2237,00,,00,4,0,37.40,
17288,816,1514,00,,00,4,0,37.40,
17289,816,2258,00,,00,5,0,34.10,
17290,816,1603,00,,00,5,0,34.10,
17291,816,2260,00,,00,6,0,33.20,
17292,816,2405,00,,00,7,0,32.20,
17293,816,2264,00,,00,7,0,32.20,
17294,816,2424,00,,00,8,0,28.10,
17295,816,1233,00,,00,8,0,28.10,
17296,816,2437,00,,00,6,0,33.20,
17297,816,1778,02,A,00,1,0,37.40,
17298,816,1532,02,A,00,1,0,37.40,
17299,816,1603,02,A,00,2,0,33.10,
17300,816,2258,02,A,00,2,0,33.10,
17301,816,2404,02,A,00,3,0,32.40,
17302,816,2271,02,A,00,3,0,32.40,
17303,816,1233,02,A,00,4,0,30.80,
17304,816,2424,02,A,00,4,0,30.80,
17305,816,2385,02,A,00,5,0,30.40,
17306,816,2425,02,A,00,5,0,30.40,
17307,816,2419,02,A,00,6,0,26.60,
17308,816,2238,02,A,00,6,0,26.60,
17309,816,2438,02,A,00,7,0,26.20,
17310,816,2439,02,A,00,7,0,26.20,
17311,816,2291,02,A,00,8,0,24.60,
17312,816,2294,02,A,00,8,0,24.60,
17313,816,2412,02,A,00,9,0,20.30,
17314,816,2411,02,A,00,9,0,20.30,
17315,816,1776,02,B,00,1,0,45.60,
17316,816,1429,02,B,00,1,0,45.60,
17317,816,2437,02,B,00,2,0,35.10,
17318,816,2260,02,B,00,2,0,35.10,
17319,816,2264,02,B,00,3,0,34.90,
17320,816,2405,02,B,00,3,0,34.90,
17321,816,2237,02,B,00,4,0,34.80,
17322,816,1514,02,B,00,4,0,34.80,
17323,816,2302,02,B,00,5,0,34.50,
17324,816,2433,02,B,00,5,0,34.50,
17325,816,2429,02,B,00,6,0,34.40,
17326,816,2387,02,B,00,6,0,34.40,
17327,816,2309,02,B,00,7,0,32.00,
17328,816,2440,02,B,00,7,0,32.00,
17329,816,2427,02,B,00,8,0,27.90,
17330,816,2442,02,B,00,8,0,27.90,
17331,816,2421,02,B,00,9,0,26.80,
17332,816,2441,02,B,00,9,0,26.80,
17333,852,1461,02,A,00,1,0,35.00,
17334,852,1245,02,A,00,1,0,35.00,
17335,852,1246,02,A,00,2,0,34.00,
17336,852,2442,02,A,00,2,0,34.00,
17337,852,2429,02,A,00,3,0,32.00,
17338,852,2433,02,A,00,3,0,32.00,
17339,852,2385,02,A,00,4,0,31.00,
17340,852,2445,02,A,00,4,0,31.00,
17341,852,2302,02,B,00,1,0,37.00,
17342,852,1458,02,B,00,1,0,37.00,
17343,852,1244,02,B,00,2,0,30.00,
17344,852,2443,02,B,00,2,0,30.00,
17345,852,2404,02,B,00,3,0,25.00,
17346,852,2421,02,B,00,3,0,25.00,
17347,852,2401,02,B,00,4,0,24.00,
17348,852,2444,02,B,00,4,0,24.00,
17349,852,1461,00,,00,1,0,38.00,
17350,852,1245,00,,00,1,0,38.00,
17351,852,2302,00,,00,2,0,37.00,
17352,852,1458,00,,00,2,0,37.00,
17353,852,1246,00,,00,3,0,30.00,
17354,852,2442,00,,00,3,0,30.00,
17355,852,1244,00,,00,4,0,28.00,
17356,852,2443,00,,00,4,0,28.00,
17357,868,2260,02,A,00,1,0,34.00,
17358,868,2404,02,A,00,1,0,34.00,
17359,868,1461,02,A,00,2,0,30.00,
17360,868,2412,02,A,00,2,0,30.00,
17361,868,2441,02,A,00,3,0,28.00,
17362,868,2385,02,A,00,3,0,28.00,
17363,868,2446,02,A,00,4,0,16.00,"jüngste Turnierteilnehmer"
17364,868,2421,02,A,00,4,0,16.00,
17365,868,1244,02,B,00,1,0,41.00,
17366,868,2429,02,B,00,1,0,41.00,
17367,868,2302,02,B,00,2,0,37.00,
17368,868,1245,02,B,00,2,0,37.00,
17369,868,2419,02,B,00,3,0,31.00,
17370,868,2265,02,B,00,3,0,31.00,
17371,868,2445,02,B,00,4,0,27.00,
17372,868,2387,02,B,00,4,0,27.00,
17373,868,1244,00,A,00,1,0,39.00,
17374,868,2429,00,A,00,1,0,39.00,
17375,868,2302,00,A,00,2,0,36.00,
17376,868,1245,00,A,00,2,0,36.00,
17377,868,2412,00,A,00,3,0,34.00,
17378,868,1461,00,A,00,3,0,34.00,
17379,868,2441,00,A,00,4,0,33.00,
17380,868,2385,00,A,00,4,0,33.00,
17381,868,2404,00,A,00,5,0,30.00,
17382,868,2260,00,A,00,5,0,30.00,
17383,848,2252,00,,02,1,0,0.00,
17384,848,923,00,,02,1,0,0.00,
17385,848,421,00,,02,1,0,0.00,
17386,848,470,00,,02,2,0,0.00,
17387,848,911,00,,02,2,0,0.00,
17388,848,140,00,,02,2,0,0.00,
17389,848,1244,00,,02,3,0,0.00,
17390,848,1246,00,,02,3,0,0.00,
17391,848,1458,00,,02,3,0,0.00,
17392,848,1429,00,,02,4,0,0.00,
17393,848,1428,00,,02,4,0,0.00,
17394,848,887,00,,02,4,0,0.00,
17395,848,2267,00,,02,5,0,0.00,
17396,848,370,00,,02,5,0,0.00,
17397,848,1614,00,,02,5,0,0.00,
17398,848,892,00,,02,6,0,0.00,
17399,848,145,00,,02,6,0,0.00,
17400,848,30,00,,02,6,0,0.00,
17401,848,2252,00,,00,1,0,0.00,
17402,848,1717,00,,00,1,0,0.00,
17403,848,911,00,,00,2,0,0.00,
17404,848,421,00,,00,2,0,0.00,
17405,848,1244,00,,00,3,0,0.00,
17406,848,1614,00,,00,3,0,0.00,
17407,848,892,00,,00,4,0,0.00,
17408,848,30,00,,00,4,0,0.00,
17409,848,2267,00,,00,5,0,0.00,
17410,848,370,00,,00,5,0,0.00,
17411,848,140,00,,00,6,0,0.00,
17412,848,470,00,,00,6,0,0.00,
17413,848,1429,00,,00,7,0,0.00,
17414,848,145,00,,00,7,0,0.00,
17415,848,1595,00,,00,8,0,0.00,
17416,848,923,00,,00,8,0,0.00,
17417,848,2253,00,,03,1,0,0.00,
17418,848,145,00,,03,1,0,0.00,
17419,848,1244,00,,03,2,0,0.00,
17420,848,2302,00,,03,2,0,0.00,
17421,848,2396,00,,03,3,0,0.00,
17422,848,2252,00,,03,3,0,0.00,
17423,848,923,00,,03,4,0,0.00,
17424,848,1255,00,,03,4,0,0.00,
17425,848,2321,00,,03,5,0,0.00,
17426,848,1614,00,,03,5,0,0.00,
17427,848,2401,00,,03,6,0,0.00,
17428,848,2301,00,,03,6,0,0.00,
17429,848,948,00,,03,7,0,0.00,
17430,848,946,00,,03,7,0,0.00,
17431,848,2417,00,,03,8,0,0.00,
17432,848,2418,00,,03,8,0,0.00,
17433,878,1461,02,A,00,1,2,35.00,
17434,878,1245,02,A,00,1,2,35.00,
17435,878,2429,02,A,00,2,0,35.00,
17436,878,2401,02,A,00,2,0,35.00,
17437,878,1246,02,A,00,3,0,33.00,
17438,878,2440,02,A,00,3,0,33.00,
17439,878,2301,02,A,00,4,0,23.00,
17440,878,2411,02,A,00,4,0,23.00,
17441,878,1244,02,B,00,1,0,37.00,
17442,878,2264,02,B,00,1,0,37.00,
17443,878,2265,02,B,00,2,0,25.00,
17444,878,2421,02,B,00,2,0,25.00,
17445,878,2404,02,B,00,3,0,21.00,
17446,878,2445,02,B,00,3,0,21.00,
17447,878,1244,00,A,00,1,0,37.00,
17448,878,2264,00,A,00,1,0,37.00,
17449,878,2429,00,A,00,2,0,31.00,
17450,878,2401,00,A,00,2,0,31.00,
17451,878,1461,00,A,00,3,0,30.00,
17452,878,1245,00,A,00,3,0,30.00,
17453,878,2265,00,A,00,4,0,23.00,
17454,878,2421,00,A,00,4,0,23.00,
17455,67,1071,00,,06,4,0,0.00,
17456,67,1072,00,,06,4,0,0.00,
17457,67,387,00,,06,4,0,0.00,
17458,885,1230,00,A,00,1,0,104.00,
17459,885,2264,00,A,00,1,0,104.00,
17460,885,2434,00,A,00,2,0,101.00,
17461,885,2271,00,A,00,2,0,101.00,
17462,885,1532,00,A,00,3,0,99.00,
17463,885,1229,00,A,00,3,0,99.00,
17464,885,1401,00,A,00,4,0,93.00,
17465,885,1082,00,A,00,4,0,93.00,
17466,885,2404,00,A,00,5,0,72.00,
17467,885,2309,00,A,00,5,0,72.00,
17468,885,2258,00,A,00,6,0,72.00,
17469,885,2445,00,A,00,6,0,72.00,
17470,885,1438,00,A,00,7,0,58.00,
17471,885,2425,00,A,00,7,0,58.00,
17472,885,2448,00,A,00,8,0,58.00,
17473,885,1233,00,A,00,8,0,58.00,
17474,898,1246,00,,00,1,0,7.21,
17475,898,2301,00,,00,1,0,7.21,
17476,898,1711,00,,00,2,0,6.25,
17477,898,1245,00,,00,2,0,6.25,
17478,898,2309,00,,00,3,3,5.29,
17479,898,460,00,,00,3,3,5.29,
17480,898,2310,00,,00,4,3,5.29,
17481,898,2445,00,,00,4,3,5.29,
17482,898,2264,00,,00,5,0,4.54,
17483,898,2451,00,,00,6,5,3.29,
17484,898,2260,00,,00,6,5,3.29,
17485,898,2237,00,,00,7,5,3.29,
17486,898,2307,00,,00,7,5,3.29,
17487,898,2450,00,,00,5,0,4.54,
17622,10054,22,02,A,00,1,0,98.00,
17623,10054,370,02,A,00,1,0,98.00,
17624,10054,611,02,A,00,2,0,90.00,
17619,10054,22,00,,00,1,0,100.00,
17632,10049,140,00,,00,1,0,11.75,"Him too"
17633,9610,269,00,,00,1,0,1.00,
17634,9610,140,00,,00,1,0,1.00,
17635,9610,268,00,,00,2,0,0.00,
17636,9610,47,00,,00,2,0,0.00,
17637,9610,710,00,,00,3,0,0.00,
17638,9610,370,00,,00,3,0,0.00,
17639,10077,1212,00,,00,123,0,12.00,
17640,10080,268,00,,00,1,0,45.00,
17641,10080,269,00,,00,1,0,45.00,
17642,10080,2271,00,,00,2,0,44.00,
17643,10080,2252,00,,00,2,0,44.00,
17644,10080,1532,00,,00,3,0,43.00,
17606,10054,370,00,,00,1,0,100.00,
17626,10054,675,02,B,00,3,0,85.00,
17627,10054,1071,02,B,00,3,0,85.00,
17628,10054,47,00,,01,1,0,100.00,
17629,10054,367,00,,01,1,0,100.00,
17630,10054,47,00,,01,1,0,100.00,
17612,10054,398,00,,00,2,0,99.00,
17625,10054,316,02,A,00,2,0,90.00,
17614,10054,837,00,,00,2,0,99.00,
17631,10054,367,00,,01,1,0,100.00,
17645,10080,737,00,,00,3,0,43.00,
17646,10080,2436,00,,00,4,0,43.00,
17647,10080,421,00,,00,4,0,43.00,
17648,10080,1429,00,,00,5,0,42.00,
17649,10080,1246,00,,00,5,0,42.00,
17650,10080,1614,00,,00,6,0,42.00,
17651,10080,923,00,,00,6,0,42.00,
17652,10080,2435,00,,00,7,0,39.00,
17653,10080,470,00,,00,7,0,39.00,
17654,10080,1244,00,,00,8,0,38.00,
17655,10080,2429,00,,00,8,0,38.00,
17656,10080,421,00,,02,1,0,46.00,
17657,10080,2435,00,,02,1,0,46.00,
17658,10080,1272,00,,02,1,0,46.00,
17659,10080,2436,00,,02,2,0,46.00,
17660,10080,1595,00,,02,2,0,40.00,
17661,10080,1272,00,,02,2,0,40.00,
17662,10080,1272,00,,03,1,0,43.00,
17663,10080,2271,00,,03,1,0,43.00,
17664,10080,2237,00,,03,2,0,38.00,
17665,10080,2435,00,,03,2,0,38.00,
17666,10080,1514,00,,03,3,0,37.00,
17667,10080,2387,00,,03,3,0,37.00,
17668,10080,2396,00,,03,4,0,36.00,
17669,10080,421,00,,03,4,0,36.00,
17670,10080,1639,00,,03,5,0,36.00,
17671,10080,1595,00,,03,5,0,36.00,
17672,10080,1639,00,,03,6,0,29.00,
17673,10080,1272,00,,03,6,0,29.00,
17674,10080,2436,00,,02,3,0,40.00,
17675,10080,1595,00,,02,3,0,40.00,
17676,10080,2429,00,,02,3,0,40.00,
17677,10080,1244,00,,02,4,0,39.00,
17678,10080,1532,00,,02,4,0,39.00,
17679,10080,269,00,,02,4,0,39.00,
17680,10080,2306,00,,02,5,0,38.00,
17681,10080,2252,00,,02,5,0,38.00,
17682,10080,737,00,,02,5,0,38.00,
17683,10080,1429,00,,02,6,0,37.00,
17684,10080,268,00,,02,6,0,37.00,
17685,10080,1614,00,,02,6,0,37.00,
17686,10080,2387,00,,02,7,0,36.00,
17687,10080,1246,00,,02,7,0,36.00,
17688,10080,1639,00,,02,7,0,36.00,
17689,10080,1554,00,,02,8,0,33.00,
17690,10080,1639,00,,02,8,0,33.00,
17691,10080,258,00,,02,8,0,33.00,
17692,10080,1228,00,,02,9,0,29.00,
17693,10080,2437,00,,02,9,0,29.00,
17694,10080,1272,00,,02,9,0,29.00,
17698,9285,1639,00,,00,4,0,0.00,
17760,0,367,00,F,01,2,2,67.60,
17701,10049,370,00,,00,2,0,11.50,Shredded
17702,10049,880,00,,00,1,0,0.00,
17703,0,2237,00,,01,1,1,68.60,
17704,0,1514,00,,01,1,1,68.60,
17705,0,163,00,,01,2,2,67.60,
17706,0,367,00,,01,2,2,67.60,
17707,0,630,00,,01,3,3,59.80,
17708,0,1255,00,,01,4,4,46.40,
17709,0,1514,00,,01,1,1,68.60,
17710,0,2237,00,,01,1,1,68.60,
17711,0,163,00,,01,2,2,67.60,
17712,0,367,00,,01,2,2,67.60,
17713,0,630,00,,01,3,3,59.80,
17714,0,1255,00,,01,4,4,46.40,
17715,0,367,00,,03,1,1,74.80,
17716,0,269,00,,03,1,1,74.80,
17717,0,1255,00,,03,2,2,73.70,
17718,0,923,00,,03,2,2,73.70,
17719,0,163,00,,03,3,3,68.20,
17720,0,268,00,,03,3,3,68.20,
17721,0,370,00,,03,4,4,67.60,
17722,0,1514,00,,03,5,5,67.40,
17723,0,2436,00,,03,5,5,67.40,
17724,0,2237,00,,03,6,6,57.50,
17725,0,2387,00,,03,6,26,57.50,
17726,0,2466,00,,01,4,4,46.40,
17727,0,2465,00,,01,3,3,59.80,
17728,39,2465,00,,01,5,0,0.00,
17867,0,1230,02,B,00,1,0,79.00,
17731,39,2466,00,,01,5,0,0.00,
17732,0,269,00,,03,1,0,0.00,
17733,0,367,00,,03,1,0,0.00,
17734,10124,899,00,,00,1,0,0.00,
17735,10124,3,00,,00,1,0,0.00,
17736,10124,900,00,,00,2,0,0.00,
17737,10124,901,00,,00,2,0,0.00,
17738,10124,1,00,,00,3,0,0.00,
17739,10124,902,00,,00,3,0,0.00,
17740,10125,421,00,,04,1,0,84.00,
17741,10125,567,00,,04,2,0,83.00,
17742,10125,710,00,,04,3,0,79.30,
17743,10125,47,00,,04,4,0,75.30,
17744,10125,675,00,,04,5,0,74.00,
17745,10125,79,00,,04,6,0,71.66,
17746,10125,436,00,,04,7,0,0.00,"not finals"
17747,10125,645,00,,04,8,0,0.00,"not finals"
17757,0,2237,00,F,01,1,1,68.60,
17758,0,1514,00,F,01,1,1,68.60,
17759,0,163,00,F,01,2,2,67.60,
17761,0,2465,00,F,01,3,3,59.80,
17762,0,630,00,F,01,3,3,59.80,
17763,0,1255,00,F,01,4,4,46.40,
17764,0,2466,00,F,01,4,4,46.40,
17765,0,1664,00,F,01,5,5,0.00,
17766,0,815,00,F,01,5,5,0.00,
17866,0,1229,02,A,00,1,0,85.00,
17865,0,2268,02,A,00,1,0,85.00,
17864,0,1004,02,A,00,4,0,64.00,
17863,0,2512,02,A,00,4,0,64.00,
17862,0,2518,02,A,00,5,0,62.00,
17861,0,1532,02,A,00,5,0,62.00,
17860,11355,367,00,,01,1,0,0.00,
17859,11355,2512,00,,01,1,0,0.00,
17858,0,367,00,,01,1,0,0.00,
17857,0,2512,00,,01,1,0,0.00,
17856,11243,2512,00,,03,2,0,0.00,
17855,11243,2268,00,,03,2,0,0.00,
17854,0,2512,00,,03,4,0,73.60,
17853,0,2268,00,,03,4,0,73.60,
17781,0,367,00,F,03,1,1,74.80,
17782,0,269,00,F,03,1,1,74.80,
17783,0,1255,00,F,03,2,2,73.70,
17784,0,923,00,F,03,2,2,73.70,
17785,0,163,00,F,03,3,3,68.20,
17786,0,268,00,F,03,3,3,68.20,
17787,0,2465,00,F,03,4,4,67.60,
17788,0,370,00,F,03,4,4,67.60,
17789,0,1514,00,F,03,5,5,67.40,
17790,0,2436,00,F,03,5,5,67.40,
17791,0,2237,00,F,03,6,6,57.50,
17792,0,2387,00,F,03,6,6,57.50,
17793,0,421,00,F,02,1,1,84.00,
17794,0,2435,00,F,02,1,1,84.00,
17795,0,140,00,F,02,2,2,82.50,
17796,0,269,00,F,02,2,2,82.50,
17797,0,268,00,F,02,2,2,82.50,
17798,0,97,00,F,02,5,5,60.00,
17799,0,2387,00,F,02,5,5,60.00,
17800,0,2436,00,F,02,5,5,60.00,
17801,0,370,00,F,02,3,3,81.10,
17802,0,737,00,F,02,3,3,81.10,
17803,0,880,00,F,02,3,3,81.10,
17804,0,1244,00,F,02,4,4,73.80,
17805,0,2429,00,F,02,4,4,73.80,
17806,0,923,00,F,02,4,4,73.80,
17807,0,482,00,F,02,6,6,55.20,
17808,0,547,00,F,02,6,6,55.20,
17809,0,887,00,F,02,6,6,55.20,
17852,0,367,00,,01,1,0,0.00,
17851,0,2512,00,,01,1,0,0.00,
17813,0,370,02,1,03,1,0,70.00,"(4 minutes)"
17817,10211,1270,00,1,00,1,1,70.00,Test
17899,12215,280,00,,02,1,0,0.00,
17898,12215,470,00,,02,1,0,0.00,
17828,11159,2498,00,,00,2,0,0.00,
17827,11159,2500,00,,00,1,0,0.00,
17869,0,2437,02,B,00,2,0,69.00,
17868,0,1778,02,B,00,1,0,79.00,
17850,0,2511,02,A,00,5,0,20.10,test
17847,0,2268,02,A,00,1,0,57.90,
17846,0,2252,02,A,00,3,0,53.80,
17845,0,1081,02,A,00,3,0,53.80,
17844,0,1409,02,A,00,2,0,55.50,
17843,0,2271,02,A,00,2,0,55.50,
17842,0,2387,02,A,00,1,0,57.90,
17841,0,2268,02,A,00,1,0,57.90,"Epic shred"
17870,0,2440,02,B,00,2,0,69.00,
17871,0,2268,00,,00,1,0,87.00,
17872,0,1229,00,,00,1,0,87.00,
17873,0,1230,00,,00,3,0,78.00,
17874,0,1778,00,,00,3,0,78.00,
17875,0,2437,00,,00,4,0,66.00,
17876,0,2440,00,,00,4,0,66.00,
17877,11603,2268,00,,00,1,0,87.90,
17878,11603,1229,00,,00,1,0,87.90,
17879,11603,1778,00,,00,3,0,78.30,
17880,11603,1230,00,,00,3,0,78.30,
17881,11603,2437,00,,00,4,0,66.20,
17882,11603,2440,00,,00,4,0,66.20,
17883,12208,1671,00,,02,1,0,0.00,
17884,12208,363,00,,02,1,0,0.00,
17885,12208,370,00,,02,1,0,0.00,
17886,12209,880,00,,00,1,0,0.00,
17887,12209,370,00,,00,1,0,0.00,
17888,12209,280,00,,00,2,0,0.00,
17889,12209,701,00,,00,2,0,0.00,
17890,742,880,00,,00,1,0,0.00,
17891,742,370,00,,00,1,0,0.00,
17892,12212,470,00,,02,1,0,0.00,
17893,12212,280,00,,02,1,0,0.00,
17894,12212,370,00,,02,1,0,0.00,
17895,12213,387,00,,02,1,0,0.00,
17896,12213,280,00,,02,1,0,0.00,
17897,12213,370,00,,02,1,0,0.00,
17900,12215,370,00,,02,1,0,0.00,
17901,0,421,00,,00,1,0,0.00,
17902,0,370,00,,00,1,0,0.00,
17903,0,2434,00,,00,2,0,0.00,
17904,0,470,00,,00,2,0,0.00,
17905,11296,421,00,,00,1,0,0.00,
17906,11296,370,00,,00,1,0,0.00,
17907,11296,2434,00,,00,2,0,0.00,
17908,11296,470,00,,00,2,0,0.00,
17909,12216,470,00,,02,1,0,0.00,
17910,12216,280,00,,02,1,0,0.00,
17911,12216,370,00,,02,1,0,0.00,
17912,893,1605,00,,00,1,0,0.00,
17913,893,145,00,,00,1,0,0.00,
17914,12233,521,00,,01,1,0,0.00,
17915,12233,884,00,,01,1,0,0.00,
17916,12209,521,00,,01,1,0,0.00,
17917,12209,884,00,,01,1,0,0.00,
17918,12236,1177,00,,01,1,0,0.00,
17919,12236,521,00,,01,1,0,0.00,
17920,12236,884,00,,01,1,0,0.00,
17921,12237,521,00,,01,1,0,0.00,
17922,12237,884,00,,01,1,0,0.00,
17923,12208,521,00,,01,1,0,0.00,
17924,12208,884,00,,01,1,0,0.00,
17925,12238,370,00,,00,3,0,0.00,
17926,12238,363,00,,00,3,0,0.00,
17927,12238,521,00,,01,1,0,0.00,
17928,12238,884,00,,01,1,0,0.00,
17929,12239,884,00,,01,1,0,0.00,
17930,12239,521,00,,01,1,0,0.00,
17931,12240,126,00,,03,1,0,0.00,
17932,12240,521,00,,03,1,0,0.00,
17933,12241,521,00,,01,1,0,0.00,
17934,12241,884,00,,01,1,0,0.00,
17935,12212,521,00,,01,1,0,0.00,
17936,12212,884,00,,01,1,0,0.00,
17937,12242,521,00,,01,1,0,0.00,
17938,12242,884,00,,01,1,0,0.00,
17939,12243,1663,00,,01,1,0,0.00,
17940,12243,521,00,,01,1,0,0.00,
17941,12215,521,00,,01,1,0,0.00,
17942,12215,47,00,,01,1,0,0.00,
17943,12245,140,00,,00,1,0,0.00,
17944,12245,268,00,,00,1,0,0.00,
17945,12245,140,00,,02,1,0,0.00,
17946,12245,269,00,,02,1,0,0.00,
17947,12245,567,00,,02,1,0,0.00,
17948,12245,421,00,,02,2,0,0.00,
17949,12245,268,00,,02,2,0,0.00,
17950,12245,579,00,,02,2,0,0.00,
17951,12245,737,00,,02,3,0,0.00,
17952,12245,880,00,,02,3,0,0.00,
17953,12245,370,00,,02,3,0,0.00,
17954,12246,140,00,,02,1,0,0.00,
17955,12246,269,00,,02,1,0,0.00,
17956,12246,567,00,,02,1,0,0.00,
17957,12246,2551,00,,02,2,0,0.00,
17958,12246,421,00,,02,2,0,0.00,
17959,12246,268,00,,02,2,0,0.00,
17960,12246,737,00,,02,3,0,0.00,
17961,12246,880,00,,02,3,0,0.00,
17962,12246,370,00,,02,3,0,0.00,
17963,10196,140,00,,00,1,0,0.00,
17964,10196,268,00,,00,1,0,0.00,
17965,10196,421,00,,02,1,0,0.00,
17966,10196,2435,00,,02,1,0,0.00,
17967,10196,2434,00,,02,1,0,0.00,
17968,10196,370,00,,02,3,0,0.00,
17969,10196,880,00,,02,3,0,0.00,
17970,10196,737,00,,02,3,0,0.00,
17976,12248,470,00,,02,1,0,0.00,
17975,12248,140,00,,02,1,0,0.00,
17974,12248,737,00,,02,1,0,0.00,
17977,12248,911,00,,00,1,0,0.00,
17978,12248,470,00,,00,1,0,0.00,
17979,12248,887,00,,00,7,0,0.00,
17980,12248,370,00,,00,7,0,0.00,
17981,0,421,00,,00,1,0,0.00,
17982,0,710,00,,00,1,0,0.00,
17983,0,473,00,,00,2,0,0.00,
17984,0,140,00,,00,2,0,0.00,
17985,0,268,00,,00,3,0,0.00,
17986,0,269,00,,00,3,0,0.00,
17987,0,880,00,,00,4,0,0.00,
17988,0,864,00,,00,4,0,0.00,
17989,0,370,00,,00,4,0,0.00,
17990,0,47,00,,00,5,0,0.00,
17991,0,630,00,,00,5,0,0.00,
17992,0,968,00,,00,6,0,0.00,
17993,0,2236,00,,00,6,0,0.00,
17994,0,328,00,,00,6,0,0.00,
17995,0,421,00,,00,1,0,0.00,
17996,0,1532,00,,00,1,0,0.00,
17997,0,421,00,,02,1,0,0.00,
17998,0,2252,00,,02,1,0,0.00,
17999,0,1614,00,,02,1,0,0.00,
