52,players
8066,old-event-meta
137,example-tournament-post
51,gallery
21,results
23,join
9840,join
247,login-page
16,sport
9,home
13,contact
14,about-fpa
43,43
28,store
50,learn
48,48
44,44
45,45
58,fpa-press
60,moves
62,62
63,63
154,normal__dsc9224
66,66
67,about
68,events
69,how-where
70,70
71,resources
73,73
75,page-description
9862,discraft_2013
9863,discovering-the-world_ad
9864,dtw_primary
9865,the-wright-life_ad
9866,wrightlife
9867,wrightlife-2
9868,basic-toe-tip
9869,joey-tipping-combo
9870,nail-delay-1
9871,nail-delay-2
9872,nail-delay-3
9873,crankcenter-delay-spin
82,another-blog-post
86,about-freestyle-feature
89,about-freestyle-content
95,slide-content
96,lorem-ipsum-dolor-sit-amet-consectetur-adipiscing-elit
97,slide-1
98,latest-videos
99,slide-2
103,sidebar
109,news-source
110,seattles-world-frisbee-champions-turn-moves-into-poetry-in-motion
111,628x471
164,instructional
118,resource-details
9724,fpa_tournament_application-3
120,fpa_tournament_application
11176,subscribe-our-newsletter
122,kennyjudgingsheets
123,paganello-world-freestyle-challenge-2013
124,fpa
125,venue-name
139,another-tournament-article
141,this-one-has-an-image
144,gallery-item
172,move-content
147,normal__dsc9322
151,151
152,152
156,_dsc9053
158,normal__dsc8028
160,_dsc7945
10628,fpaw-registration
168,how-where-content
10038,event-details
10036,process-event-details
179,catch-6
186,edit-profile
9687,spin-doctor-larry-imperiale-10-time-world-freestyle-frisbee-champion
9676,imperiale-awarded-lifelong-athlete
9678,nike-tv-ad-2003
9680,la-republica-article-2003-fpa-worldsitalian-hot-move-gallery
245,subscription-levels
269,profile-shortcodes
284,284
285,285
10188,logout
287,287
10249,secrets-pro-disc-freestyle
9674,t-mobile-tv-ad-hungary-features-freestyle
293,293
296,my-account
8041,create-account
9683,la-republica-hot-move-gallery-2003-fpa-worlds
314,player-details
9604,2011-fpa-world-championships
9602,2012-wiesan-jam
9603,2013-german-freestyle-disc-championships
9601,2013-in-den-hallen-indoors
9597,2012-fpa-world-championships
9598,2012-capoc-hat-tournament-roma
9599,2013-jik
9600,2013-frisbeer-cup-czech-open-championships
9596,2012-butch-cassidy-cup
9594,2012-hat-tournament-endless-jamming
9595,2012-baltic-sunprayer-session
7824,m-h
7825,yutaka-harasina
7826,kevin-palmieri
7827,jeff-palmieri
7828,shori-ouchi
7829,daisuke-kuroda
7830,anne-charlotte-johansson
7831,stina-persson
7832,yuriko-sobue
7833,aya-ichikawa
7834,kana-yamamoto
7835,marygrace-sorrentino
7836,yumiko-tauchi
7837,yukari-komatsu
7838,martin-dit
7839,pavel-baranyk
7840,julia-schuster
7841,jascha-wollmann
7842,andre-hillmann
7843,paul-siefert
7844,henrik-klein
7845,jan-struz
7846,francesca-iasenzio
7847,fabrizio-valenti
7848,fabiana-ciciriello
7849,francesca-cherici
7850,marco-de-lucia
7851,roberto-pizzi
7852,paolo-braico
7853,liliana-cruz
7854,ricardo-guzman
7855,marco-prati
7856,gloria-alessandrini
7857,riccardo-sanna
7858,davide-bacco
7859,martin-klopfer
7860,mario-mayer
7861,sascha-hohne
7862,mike-hettich
7863,robert-dittrich
7864,jens-friebe
7865,mario-maier
7866,harald-skomroch
7867,tobias-gebert
7868,jakub-zahradnicek
7869,jan-zahradnicek
7870,jakub-kostel
7871,tom-blockhuys
7872,chris-baker
7873,neil-tolan
7874,stefan-weinreich
7875,jonas-schaefers
7876,bart-lodewijk
7877,andrew-quinn
7878,martina-frosini
7879,fady-kalo
7880,davide-livi
7881,alessandro-fogazzi
7882,ilaria-aprile
7883,judith-haas
7884,jan-srruz
7885,ennio-scrimieri
7886,fabrizio-stefano
7887,jiri-weiss
7888,lukas-lacina
7889,jakub-hosek
7890,jakub-matula
7891,ondrej-klega
7892,jakub-sedlak
7893,philipp-ludwig
7894,alan-martinez
7895,alfonso-lopez
7896,jozef-vanco
7897,m-kalnik
7898,kyrre-kristiansen
7899,espen-furhatt
7900,baba-brak
7901,heather-bogenhagen
7902,marco-consani
7903,pavel-safar
7904,dennis-loftus
7905,joanne-loftus
7906,bronwyn-ryan
7907,dave-hood
7908,tree-rust
7909,rod-rust
7910,nolan-rhiles
7911,7911
7912,gary-lopresti
7913,ed-scheminger
7914,jenny-luceir
7915,lauren-elvers
7916,judy-horowitz
7917,don-dutton
7918,doc-anderson
7919,dan-meyers
7920,jason-salkey
7921,beano-lucier
7922,lisa-moscowitz
7923,richie-wolf
7924,glen-miller
7925,nancy-zeitner
7926,paul-schultz
7927,karen-gleason
7928,joe-fischer
7929,mike-sullivan
7930,rick-rivett
7931,theresa-gaman
7932,robin-ray
7933,alan-platt
7934,pat-shartrand
7935,carla-hoffmeyer
7936,mark-neuman
7937,ray-ingle
7938,dave-deremer
7939,jim-parks
7940,laurie-zenicke
7941,john-jennis
7942,scott-roebuck
7943,leyland-bolan
7944,russ-dosicher
7945,steve-porter
7946,michael-caffrey
7947,malia-kashey
7948,pryor-hendrix
7949,michael-mitrione
7950,andy-borenstein
7951,marion-clignet
7952,scott-hamilton-bell
7953,tim-mcdonald
7954,jay-mulenhower
7955,mike-smothers
7956,angel-sanchez
7957,lorenzo-sforza
7958,cory-lipoff
7959,frank-anthony
7960,gerry-lynas
7961,diane-margulies
7962,gail-mccoll
7963,janna-machwart
7964,al-durkins
7965,demar-wagner
7966,jan-mertens
7967,frederic-finner
7968,florian-leist
7969,heinz-auferodt
7970,simon-emmerich
7971,jeff-eng
7972,max-schmidt
7973,antonino-romeo
7974,gustafsson-sara
7975,gustafsson-hana
7976,irena-kulisanova
7977,annalisa-bergonzoni
7978,jeannette-ortiz
7979,edgardo-balzac
7980,greg-marter
7981,nadine-klos
7982,wolfgang-schoffel
7983,wagner-mathias
7984,philipp-krueger
7985,tim-pattberg
7986,sarah-ziegler
7987,fathi-abdelli
7988,kurt-walter
7989,jammer-mom-kenny
7990,dennis-kretschmer
7991,chritstian-bellaj
7992,nico-schwarz
7993,oliver-hocker
7994,zuzana-mala
7995,joel-charles
7996,zach-murphy
7997,sara-cintura
7998,guglielmo-feis
7999,johanna-matthiae
8000,lina-boedecker
8001,jan-zverina
8002,jean-marie-abel
8003,mirko-vosen
8004,kevin-konsorr
8005,tobias-burzan
8006,daniel-reichert
8007,andreas-nogay
8008,felix-geibel
8009,alex-leist
8010,will-moore
8011,jake-eckerd
8012,jake-girlfriend-eckerd
8013,jacqueline-hummel
8014,8014
8015,james-wiseman
8016,ryan-young
8017,thomas-notzel
8018,alena-vojtekova
8019,mark-kilgore
8020,manuel-zach
8021,raphael-von-der-grun
8022,lars-neumann
8023,benedigt-becker
8024,corina-schusfer
8025,toby-kunzel
8026,luca-boehler
8027,abc-def
8028,iva-svrchokrylova
8029,lasse-schwarze
8030,johannes-bachauer
8031,jessica-ladoe
8059,resetpassword
8064,8064
9647,upcoming-events
9051,1997-wfdf-world-championships
8999,2000-colorado-states
8998,2000-riverfest
8994,2000-puerto-rico-open
8995,2000-minnesota-states
8996,2000-santa-cruz-beach-classic-iv
8997,2000-bridgeport-frisbie-festival
8992,2000-ifo-over-cypress-gardens
8993,2000-east-european-freestyle-contest-jkc-ii
8853,2003-fpa-world-freestyle-championships
8854,1974-octad
8856,1974-jersey-jam
8857,1975-octad
8858,1975-national-flying-disc-freestyle-for-pairs
8859,2003-az-states
8860,2003-tennessee-states-overall-championships
8861,1975-canadian-open
8862,1975-world-freestyle-championship-rose-bowl
8863,2004-paganello
8864,2003-world-disc-games
8865,2004-european-freestyle-championships-in-viareggio
8866,2004-minnesota-state-overall-frisbee-championships
8867,2004-world-beach-invitational
8868,2004-disctivity-8
8869,2003-tampico-open-viiii
8870,2003-romashred-indoor-tournament
8871,2004-austrian-open-freestyle-championships
8872,2004-seaside-super-hein
8873,2004-puerto-rico-winter-jam
8874,2002-fpa-world-championships
8875,2004-the-jammers
8876,2003-world-mastersjuniors-overall-championships
8877,2004-new-england-indoor-frisbee-freestyle-championships
8878,2003-narragansett-freestyle-frisbee-beach-jam
8879,2003-vagolino
8880,2003-jammers-championship
8881,2003-san-diego-beach-freestyle-frisbee-tournament-at-mission-beach
8882,2003-virginia-state-overall-championship
8883,2003-seaside-super-hein
8884,2003-us-indoors
8885,2003-acrobatic-paganello
8886,2003-manresa-beach-open
8887,2004-santa-cruz-open
8888,2004-extreme-frisbee-challenge
8889,2004-fpa-world-freestyle-frisbee-championships
8890,2004-world-mastersjuniors-frisbee-championships
8891,2004-turboshred-jam-and-go-nuremberg
8892,2004-virginia-states-overall-championships
8893,2001-acrobatic-paganello
8894,2001-virginia-states
8895,2001-new-england-overall-flying-disc-championships
8896,2001-manresa-beach-tournament
8897,2001-masters-flying-disc-championships
8898,2001-summerfest-open
8899,2001-swedisc-open
8900,2001-octad
8901,2001-us-indoor-championships
8902,2001-ne-indoor-championships
8903,2001-minnesota-states
8904,2001-wfdf-championships
8905,2001-bud-light-ocean-fest
8906,1999-n-e-freestyle-indoor-championships
8907,2004-wintershred-iii
8908,2004-vagolino
8909,2004-flying-disc-opening-freestyle-challenge
8910,1978-wham-o-i-f-a-north-american-series-santa-barbara
8911,1978-north-american-series-seattle-wa
8912,1978-wham-o-i-f-a-north-american-series-huntsville
8913,1978-world-frisbee-championships-rose-bowl
8914,2004-amsterjam
8915,2004-disc-or-die
8916,2004-swedisc-open
8917,1978-wham-o-i-f-a-north-american-series-philadelphia
8918,1978-united-kingdom-frisbee-association
8919,2004-29th-annual-arizona-states-freestyle-and-overall-tournament
8920,2004-super-beach-bowl-1500-in-cash-prizes
8921,2004-the-narragansett-beach-jam
8922,2005-fpa-world-freestyle-frisbee-championships
8923,2004-tennessee-states-overall
8924,2004-new-england-overall-flying-disc-championships
8925,2004-romashred-tournament
8926,2005-santa-cruz-open
8927,2005-30th-tennessee-state-flying-disc-championships
8928,2005-german-indoor-freestyle-championships
8929,1997-new-zealand-flying-disc-championships
8930,1997-wintertime-open
8931,1994-maine-states
8932,1994-northwest-championships
8933,1994-california-state-championships
8934,1994-masters-championships
8935,1994-swedish-qualification-tournament
8936,1994-minnesota-states
8937,1994-florida-state-beach-freestyle-championships
8938,1994-connecticut-states
8939,1997-va-states
8940,1997-rhode-island-states
8941,2005-the-u-s-indoor-championships
8942,2005-seaside-superhein
8943,2005-wfdf-world-overall-championships
8944,2005-30th-annual-arizona-state-freestyleoverall
8945,1994-finnish-national-championships
8946,1994-washington-states
8947,2005-scandia-land-freestyle-disc-tournament
8948,1997-octadpennsylvania-state-championships
8949,1997-northeast-freestyleddc-championships
8950,1997-connecticut-state-frisbee-championship
8951,2004-torneo-of-the-hat
8952,2005-puerto-rico-winter-jam
8953,1997-santa-cruz-beach-classic
8954,2005-aloha-beach-festival
8955,1997-minnesota-states
8956,2004-israeli-freestyle-indoors-championships
8957,1997-lamirada-spring-1-day-overall
8958,1997-ny-tourney-new-york
8959,1994-swedish-championships
8960,1994-rhode-island-states
8961,1994-german-open
8962,1994-fpa-midwest-open
8963,1994-oklahoma-state-championships
8964,1994-us-open-flying-disc-championships
8965,1994-fpa-world-championships
8966,1994-alabama-states
8967,1994-wisconsin-states
8968,2001-oregon-state-overall-disc-championships
8969,2001-jammers-championships
8970,2001-tennessee-state-overall-disc-championships
8971,2001-manpico-open
8972,2001-cappello-tournament
8973,2001-az-states
8974,2001-fpa-world-freestyle-frisbee-championships
8975,2005-costa-brava-freestyle-challenge
8976,2005-mardi-gras-freestyle-jam
8977,1997-disc-a-palooza
8978,1997-swedisc-open
8979,2005-paganello-freestyle-challenge
8980,2005-30th-annual-wisconsin-state-overall-championships
8981,2005-vagolino
8982,2005-the-jammers
8983,2005-nass-freestyle-challenge
8984,2005-santa-cruz-beach-classic
8985,2005-virginia-states
8986,2005-frischstylers-jam
8987,2005-rototom-sunsplash-frisbee-freestyle
8988,2000-ne-indoor-championships
8989,2000-wintertime-open
8990,2000-virginia-states
8991,2000-paganello
9593,2012-jampions-league-3-0
9591,2012-fusion-3-0-cif-italian-ffbeach-championships
9592,2012-10-beach-ultimate-and-3d-freestyle-santa-marta
9590,2012-123-four-seasons-edition-fall
9589,2012-123-four-seasons-edition-summer
9587,2012-123-four-seasons-edition-winter
9588,2012-123-four-seasons-edition-spring
9581,2012-paganello-world-freestyle-challenge
9582,2012-in-den-hallen
9583,2012-the-jammers-championships
9585,2012-us-open-overall
9586,2012-mountain-alternative-open-boulder-colorado
9009,2000-az-states
9010,2005-swedish-overall-championships
9011,2004-29th-wi-state-overall
9012,2005-wintershred-iv
9013,2005-vola-vola
9014,2005-a-gathering-of-the-tribe-narragannsett-ri
9015,2005-flying-disc-opening-podersdorf-a
9016,2005-dictivity-9
9017,2005-amsterjam-the-european-freestyle-championships
9018,2005-bulaflow-freestyle-challenge
9019,2005-my-old-kentucky-jam
9020,2005-roma-shred
9021,2005-versilia-cup-burla-beach-cup
9022,2005-jama-na-go
9023,1999-wintertime-open
9024,1999-slovak-freestyle-contest
9025,1999-indoor-championships-jackson-hole
9026,1999-paganello-rimini-italy
9027,1999-virginia-states
9028,1999-23rd-rhode-island-state-flying-disc-championships
9029,1999-new-england-freestyle-champs
9030,1999-narragansett-freestyle-championships
9031,1999-swedish-championships
9032,1999-manresa-state-beach
9033,1999-masters-overall-championships
9034,1999-summerfest-milwaukee
9035,1999-kalmar-frisbee-klubb-championships
9036,1999-wfdf-championships
9037,1999-ia-states
9038,1999-ct-states
9039,2006-german-freestyle-disc-championships
9040,1999-fpa-worlds-santa-cruz
9041,1999-ventura-beach-tournament
9042,1999-ny-states-mt-kisco
9043,1999-az-states-scottsdale
9044,1999-jammers-championship-jacksonville
9045,1999-world-junior-frisbee-disc-championships
9046,2005-tournament-of-the-hat-torneo-del-cappello
9047,2006-costabrava-tournement
9048,2006-paganello
9049,2006-podersdorf-austria-freestyle-pairs-and-turboshred-event
9050,2006-the-jammers
9000,2000-summerfest-flying-disc-championships
9001,2000-masters-flying-disc-championships
9002,2000-fpa-world-championships
9003,2000-swedish-national-championships
9004,2000-wisconsin-states
9005,2000-world-beach-invitational
9006,2000-jammers-championships
9007,2000-tn-states
9008,2000-tampico-open
7823,masahumi-kanbe
7822,masaki-hirajima
7821,hiroshi-okano
7820,motohiro-hirabayashi
7819,bram-maassen
7818,jorg-wunder
7817,sascha-scherzinger
7816,katie-stauss
7815,paul-kuffel
7814,shawn-fallon
7813,jim-van-lanen
7812,terry-miller
7811,erik-drummond
7810,big-ter
7809,sweet-lou
7808,jeff-fiedler
7807,amy-campbell
7806,andrea-corizzo
7805,massimo-possenti
7804,vico-silano
7803,alberto-baldelli
7802,andrea-marciano
7801,gianluca-bertoncelli
7800,fabrizio-gori
7799,jan-huybrechts
7798,hans-peeters
7797,gery-nemeth
7796,rainer-door
7795,linda-toerngren
7794,carlo-pierini
7793,michel-otte
7792,frank-lejeune
7791,fernando-brotugno
7790,kenji-arauchi
7789,sabbse-zimmermann
7788,linda-torngren
7787,maurice-eugene
7786,jason-varvaro
7785,ilka-simon
7784,aaron-eickoff
7783,greg-anderson
7782,alex-voigt
7781,spencer-herrick
7780,jeff-korns
7779,tom-shalit
7778,oren-meron
7776,tobi-prestele
7775,janis-degenhart
7774,ben-singer
7773,darryl-allen
7772,dominik-weber
7771,adrian-ed-zeitner
7770,ofek-agmon
7769,josh-emerson
7768,denis-migunov
7767,sergey-pashkov
7766,artem-kocheshkov
7765,phil-kappa
7764,doug-fresh
7763,wayne-beaver
7762,lou-somrall
7761,stefano-bellucci
7760,claudio-cigna
7759,omer-rosenbaum
7758,claudio-petro
7757,phillip-polski
7756,jonas-riemenschneider
7755,claas-seithe
7754,hans-niki-thoma
7753,scott-hicks
7752,dave-zabel
7751,bill-ashton
7750,mika-nordman
7749,nobu
7748,yoske
7747,sheila-montoya
7746,justin-bogen
7745,mark-boseman
7744,jim-simpson
7743,lori-garcia
7742,camilla-rhodes
7741,chris-swank
7740,tomas-olssen
7739,john-gonter
7738,tim-eng
7737,charlene-powell
7736,patrick-chartrand
7735,kevin-sparkman
7734,7734
7733,cherinko
7732,yumi
7731,elise-thatcher
7730,tony-taffey
7729,kevin-breslin
7728,tracy-borusiewicz
7727,ron-robillard
7726,dave-moore
7725,john-gyneses
7724,matt-wolff
7723,shawn-stevenson
7722,jack-ognistoff
7721,eric-larue
7720,jim-anderson
7719,mike-stoneking
7718,wende-coates
7717,ann-zemaitis
7716,jim-schmal-now-benson
7715,peter-rosing
7714,don-fogle
7713,adrian-wainwright
7712,erika-compton
7711,richie-bartle
7710,katarina-brage
7709,jane-engelhardt
7708,sue-strait
7707,kate-dow
7706,tom-krajna
7705,paul-cameron
7704,doug-branigan
7703,asa-holmquist
7702,bo-wahlquist
7701,henrik-uggla
7700,dan-rosmark
7699,1981-female-lunberg
7698,pernilla-bergstrom
7697,peter-bergholm
7696,m-lof
7695,chrisophe-schott
7694,agneta-fuglesang
7693,cissi-lauren
7692,kristina-gillin
7691,peter-andersson
7690,mats-andersson
7689,male-palmborg
7688,karen-palmborg
7687,1981-ljungstrom
7686,sten-sturefeldt
7685,peter-jansson
7684,scott-zimmerman
7683,rummele
7682,corky-gillis
7681,sue-beukelman
7680,greg-beukelman
7679,jay-beukelman
7678,stan-fredrickson
7677,robbie-collier
7676,peter-van-gool
7675,lynn-tingle
7674,steve-vittelo
7673,jo-cahow
7672,andy-yates
7671,mary-greenwood
7670,carolyn-mcrorie
7669,takashi-terada
7668,antonio-caporale
7667,ben-weisberg
7666,ital-gal
7665,dvir-sanela
7664,peter-rujan
7663,philipp-stahl
7662,ronny-koch
7661,riccardo-macari
7660,istvan-pran
7659,balazs-major
7658,gergo-nemeth
7657,paolo-calabrese
7656,alessandro-berra
7655,davide-bianchi
7654,davide-battaglia
7653,andrea-dini
7652,mike-danomie
7651,stefan-duenkel
7650,ot-loetlam
7649,simone-italiano
7648,olf-nather
7647,valerio-mannarino
7646,claudio-pietrarelli
7645,ivano-gallo
7644,alessandro-provitali
7643,emanuele-faustini
7642,carlo-cuginolup-romashred05
7641,andrea-rimatori
7640,stefano-bellucc-sessa
7639,7639
7638,serge-marconi
7637,ernie-small
7636,larry-bledsole
7635,john-kuhns
7634,carlton-howard
7633,cody-kirkland
7632,carolyndontuse-hubbard-use-yabe
7631,john-lasky
7630,zachary-hubbard
7629,michael-van-lanen
7628,alyssa-van-lanen
7627,claudia-deluca
7626,7626
7625,stefanotistee-bertola
7624,elisa-corradi
7623,alex-siliano
7622,jason-rosenbaum
7621,matt-scanlan
7620,scott-caeser
7619,sabrina-donaldson
7618,andy-wineberg
7617,paolo-valesi
7616,angelo-rovieri
7615,massimo-ardagna
7614,paolo-sestigiani
7613,alex-schwartz
7612,nan-babakhanian
7611,frank-johnson
7610,anni-kreml
7609,jimmy-strathis
7608,mary-dachenko
7607,yarden-borkow
7606,daniel-sorgatz
7605,alexander-alexandrov
7604,konstantin-patsalides
7603,philipp-lenarz
7602,cynthia-land
7601,becki-zimmerman
7600,tita-martinez
7599,charles-richard
7598,mary-jourgenson
7597,johan-robertson
7596,alex-luther
7595,jason-keller
7594,matt-garber
7593,terri-reinl
7592,connie-bond
7591,kyoko-kodani
7590,dan-mangalese
7589,andy-shrank
7588,bethany-oldname-porter-use-sanchez
7587,victory-randall
7586,cyril-jacob
7585,kai-ly
7584,pierric-chardon
7583,mehrdad-hosseinian
7582,adam-moeller
7581,rob-varderst
7580,kevin-walenta
7579,janelle-wendt
7578,keegan-eschenbach
7577,cain-mcclary
7576,ben-deloache
7575,tipton-horn
7574,mitch-hardy
7573,jason-wakeman
7572,steve-brandau
7571,conn-mckinney
7570,alan-epton
7569,kirsi-jarvinen
7568,heidi-ruda
7567,cecilie-stenbraten
7566,tuija-kohonen
11622,ron-zahradnick
7564,sara-rouse
7563,mirella-martinez
7562,miroslava-martinez
7561,kurt-bond
7560,toby-henderson
7559,jen-oller
7558,matt-oller
7557,heather-knicely
7556,paige-pauli
7555,alison-cremer
7554,brian-moering
7553,colin-smith
7552,jose-garza
7551,nick-raisch
7550,henry-schneider
7549,peter-jewell
7548,ashkon-namdar
7547,sam-fisher
7546,erik-soderland
7545,doug-propp
7544,scott-halpern
7543,cameron-cundiff
7542,dale-dunavin
7541,chris-phelan
7540,scott-innis
7539,rodney-gardner
7538,geoff-gregory
7537,pehkonen
7536,seppo-nieminen
7535,olav-bakke
7534,stefan-minkvitz
7533,dave-neilson
7532,lars-tegreus
7531,marcus-stenberg
7530,bobbo-karlsson
7529,pierre-kristoffersson
7528,lyle-jensen
7527,chuck-kennedy
7526,sam-neilson
7525,joe-christensen
7524,martin-bakko
7523,josh-houle
7522,crystal-brodeur
7521,darren-hartwell
7520,susan-farquharson
7519,kate-cason
7518,vladimir-smidt
7517,vladimir-bachnar
7516,peter-labos
7515,roman-horvath
7514,agnes-lovecka
7513,andrej-adamcik
7512,heiko-vogt
7511,toufik-lamred
7510,martin-stadler
7509,dominique-weisenberger
7508,rainer-dorr
7507,kerstin-ulrich
7506,larry-hinkle
7505,mike-trapasso
7504,nick-purpura
7503,tom-coffin
7502,bob-culbertson
7501,keith-kleiner
7500,tom-stocker
7499,ollie-gordon
7498,joe-mccrave
7497,korns-jeff
7496,biever-wayne
7495,suzanne-fields
7494,dan-burke
7493,lou-sumrall
7492,tom-robidoux
7491,mondesire-paul
7490,alex-kage
7489,marc-pestotnik
7488,eitan-vineshtock
7487,alex-grammer
7486,jill-kennedy
7485,gabriel-schlemme
7484,enrico-stocco
7483,riccardo-bovicelli
7482,luigina-tasini
7481,alessandro-collera
7480,manuel-cesari
7479,andrea-poli
7478,simone-lo-giudice
7477,fabio-possenti
7476,silvia-caruso
7475,fabio-caruso
7474,carlo-perrone
7473,ramon-galliani
7472,angelo-mancarella
7471,fabian-necci
7470,marcello-panebianco
7469,cristina-niccolardi
7468,elena-del-gesso
7467,fabio-martinelli
7466,daniele-malguzzi
7465,paolo-papini
7464,sergio-arrighi
7463,filippo-cavalca
7462,stefano-maroli
7461,luca-trotta
7460,valerio-occorsio
7459,giovanni-coppo
7458,mike-wohlgemuth
7457,janine-wittlich
7456,markus-janssen
7455,nico-bernold
7454,john-coxhead
7453,marcel-meinardus
7452,markus-hein
7451,dusan-bucuric
7450,matus-navrat
7449,brano-jendek
7448,michal-cordas
7447,jano-chudik
7446,mata-tibenska
7445,ivana-holeciova
7444,lucia-navratova
7443,kajo-balog
7442,branki-janko
7441,andy-dykova
7440,mira-bursa
7439,jiri-krotky
7438,7438
7437,alison-edge
7436,cate-mcmillan
7435,jim-mcmillan
7434,will-deloache
7433,zach-wexler
7432,jerry-capito
7431,tre-watson
7430,robert-walsh
7429,kevin-young
7428,steve-ivey
7427,david-conley
7426,steven-hazelwood
7425,matthew-reed
7424,don-bowsher
7423,michael-fiske
7422,richard-mitchell
7421,charles-haggard
7420,scott-lewis
7419,steven-sager
7418,bill-ragan
7417,kathy-fagelman
7416,christy-ogden
7415,lea-herndon
7414,jennifer-webb
7413,ryan-collier
7412,david-claiborne
7411,johnny-mac
7410,jeffery-scalf
7409,ron-olsen
7408,mike-barr
7407,marc-estenfelder
7406,james-cunningham
7405,wayne-brown
7404,jason-davis
7403,david-mccormack
7402,john-fox
7401,juliana-bower
7400,jeff-olmstead
7399,joel-price
7398,greg-stearns
7397,jarod-roecker
7396,polly-sacket
7395,karen-wendt
7394,mike-newhouse
7393,chris-budzien
7392,ryan-hornickel
7391,mike-denomie
7390,elena-larrucia
7389,lucia-larrucia
7388,nora-roberts
7387,nora-johnston
7386,evan-thilo
7385,nicholas-reichert
7384,molly-montes
7383,neal-dambra
7382,brett-winter
7381,art-avalos
7380,jerran-peery
7379,doug-bronson
7378,jared-raeker
7377,casey-beaumont
7376,travis-james
7375,ryan-angell
7374,manuel-cuqui-viner
7373,eric-chazaud
7372,tonia-gracie
7371,giorgio-flamini
7370,giorgia-lombardi
7369,marco-fracassi
7368,simone-proietti
7367,valerio-cascone
7366,attilio-picciotto
7365,paolo-magni
7364,fabrizio-de-rossi
7363,stefano-brancaleoni
7362,7362
7361,heinfactor-heinfactor
7358,peter-hamilton
7357,zion-badash
7356,asaf-zimet
7355,yinon-werner
7354,hyzer-johnny
7353,caroline-nilsso
7352,anna-hedberg
7351,nilofaar-mossavarrahmani
7350,riita-liisa-soner
7349,anna-gustavsson
7348,linda-isberg
7347,linda-johansson
7346,regina-olnils
7345,ninna-ekman
7344,mathias-franzn
7343,henry-snyder
7342,andy-moering
7341,lauren-soderlan
7340,julien-menetrat
7339,zach-montes
7338,7338
7337,marco-dotti
7336,enrico-bonsanti
7335,sandy-kelp
7334,john-buttrey
7333,shawn-sinclair
7332,juliana-korver
7331,urs-hardegger
7330,lagoutte-david
7329,alan-valdiseri
7328,joe-smith
7327,brandon-hanson
7326,aaron-williams
7325,jack-smith
7324,krista-sieben
7323,7323
7322,denise-oerlien
7321,amit-even
7320,timmy-broxup
7319,per-fallgren-2
7318,tang-der-hsin
7317,ed-headrick
7316,stancil-johnson
7315,norm-eckstein
7314,tom-lader
7313,pete-fust
7312,damiano-basso
7311,carlyn-ray
7310,harper-ray
7309,scott-hughes
7308,timmy-shumate
7307,marco-sanna
7306,eleonora-imazio
7305,boris-ruhle
7304,davide-sanna
7303,stefano-pieroni
7302,rene-mueller
7301,olli-baczko
7300,alex-humphreys
7299,michael-weiss
7298,thorsten-fleissner
7297,christian-lamred
7296,markus-goetz
7295,florian-hess
7294,christoph-brack
7293,tobias-dohner
7292,laurent-mess
7291,carsten-heim
7290,shayne-sobel
7289,jeff-soule
7288,shane-egeland
7287,rob-capper
7286,peled-amit
7285,holger-hill
7284,boguslaw-bul
7283,jan-gropped
7282,kolja-hannemann
7281,anton-capellmann
7280,jan-schreck
7279,dean-rozenberg
7278,bruce-page
7277,david-lagoute
7276,mouss-qabbal
7275,bart-mantel
7274,ron-robert
7273,alice-belcredi
7272,sara-cordero
7271,calle-cultus
7270,phillip-jancke
7269,jano-goliard
7268,christophe-legendre
7267,arno-levenes
7266,matteo-feller
7265,amit-peled
7264,joe-proud
7263,jon-cohn
7262,margaret-simpson
7261,7261
7260,tom-walker
7259,andreas-jaderyd
7258,gohar-mossavarrahmani
7257,mikael-zewgren
7256,jonas-rask-samuelsson
7255,fredrik-celinder
7254,jimmie-nilsson
7253,mike-cronin
7252,thomas-cole
7251,raymond-chun
7250,bill-chetel
7249,jeff-shelton
7248,jeff-kennedy
7247,diane-harris
7246,mary-sorrentino
7245,louie-cohn
7244,anna-harris
7243,oriel-heled
7242,rich-riley
7241,nick-arseniak
7240,matt-ransdell
7239,ron-gallegos
7238,rob-gallegos
7237,stuart-landsee
7236,ryan-mowbray
7235,dan-hood
7234,donny-rhodes
7233,tamas-_
7232,johannes-petz
7231,gabor-boross
7230,mike-ocon
7229,adrian-oleson
7228,arnon-avitzur
7227,guillermo-torres
7226,berni-murray
7225,john-rzepka
7224,ron-dorn
7223,peter-bloeme
7221,florian-flow-herkner
7220,jakob-taubald
7219,svetozar-popovic
7218,matteo-ceresa
7217,gaia-audino
7216,ali-dastrandj
7215,phillip-hanak
7214,andrea-oddi-furlan
7213,michael-rausch
7212,stepan-materna
7211,andrea-gallotti
7210,latso-graus
7209,thomas-gereben
7208,bejca-turanova
7207,michael-szeiler
7206,zsolt-balogh
7205,ferenc-feri-orosz
7204,johnny-roberts
7203,jack-roddick
7202,mary-katheron
7201,rob-knapik
7200,mike-mosher
7199,roy-pledger
7198,cheryl-harmon
7197,kelly-bird
7196,cynthia-allen
7195,michelle-marini
7194,marie-bracciale
7193,terrie-houle
7192,randy-osborne
7191,mark-watson
7190,jeff-watson
7189,chau-rottman
7188,brian-eure
7187,clarence-braithwaite
7186,daryl-elliott
7185,dan-lustiger
7184,antonio-cusma-piccioni
7183,luca-medri
7182,eilam-raz
7181,ayal-benin
7180,gregory-lo-a-sjoe
7179,jan-soerensen
7178,corey-basso
7177,laura-engel
7176,evan-david
7175,matt-roberts
7174,brian-roberts
7173,kurt-hollander
7172,sam-lazzara
7171,russell-scott
7170,iwan-de-moor
7169,jochen-schleicher
7168,arne-bratenstein
7167,ralph-williamson
7166,m-bowman
7165,cyndi-birch
7164,michele-pezzoli
7163,bill-king
7162,jim-brown
7161,john-anthony
7160,sam-schatz
7159,don-hoskins
7158,7158
7157,mike-burns
7156,clark-tomlinson
7155,lester-lloyd
7154,brian-white
7153,barak-lifshitz
7152,empty-empty-2
7151,donny-baker
7150,damiano-alessandro
7149,mitchel-hinard
7148,7148
7147,nocke-lindstrom
7146,jan-erik-hanberg
7145,johny-gustafson
7144,martin-ulltin
7143,mikael-hjartso
7142,torbjorn-bergstrom
7141,peter-rydberg
7140,hans-carell
7139,per-lindstrom
7138,juan-caroloscalderon
7137,tito-torres
7136,hsien-hsiao-fan
7135,chen-chen
7134,kao-li-yen
7133,pan-yu-chen
7132,chen-pei-feng
7131,chan-yu-min
7130,lee-hao
7129,david-withiam
7128,kirk-shipos
7127,yu-wei-ju
7126,lu-szu-wei
7125,tsai-hsin-jung
7124,empty-empty
7123,tsai-shin-jung
7122,lin-i-chi
7121,chen-kuan-hung
7120,bob-hoffman
7119,pete-mclaughlin
7118,ed-sinkler
7117,7117
7116,amber-hoffman
7115,tim-erim
7114,erin-waldron
7113,gene-ray
7112,mike-conger
7111,laurie-cloyes
7110,tim-anderson
7109,mark-trout
7108,morgan-smith
7107,jason-thelen
7106,andy-oksa
7105,antonio-dontuse-cusma-use-piccioni
7104,shawn-habiger
7103,greg-stein
7102,casey-beuamont
7101,travis-mick
7100,dave-kuttner
7099,carl-dobson
7098,use-kevi-givens-dont-use-skippyjammr
7097,katrina-malakhoff
7096,daniel-marcus
7095,jeanne-black
7094,dan-weddle
7093,dwight-doherty
7092,alex-pozzy
7091,john-duesler-jr
7090,cotter-michaels
7089,plas-giuliano
7088,marco-cantarinha
7087,juro-turan-chorche
7086,andrej-turan
7085,deanna-ross
7084,cuqui-cuqui
7083,tito-mex
7082,roberto-rodriguez
7081,ernesto-gonzales
7080,mario-soler
7079,scott-kincaid
7078,rodney-goad
7077,jeff-sewell
7076,melissa-trail
7075,hila-yaniv
7074,dori-yaniv
7073,mike-galloupe
7072,cheryl-kenny
7071,ryan-vinoski
7070,steve-vinoski
7069,nicki-nicholson
7068,jill-simon
7067,anne-goh
7066,woody-wendt
7065,alicia-juisto
7064,tara-brenner
7063,erica-brenner
7062,steven-bogenhagen
7061,andrew-van-lanen
7060,augy-cohn
7059,chris-thompson
7058,cody-fields
7057,masters2003-raulin
7056,masters2003-malecek
7055,vehro-titcomb
7054,qxhna-titcomb
7053,rohre-titcomb
7052,zahlen-titcomb
7051,john-titcomb
7050,mary-zurn
7049,renee-pardo
7048,sarah-bergman
7047,tristan-doshier
7046,jim-elsner
7045,rob-kapnik
7043,7043
7044,matt-hull
7042,linda-almljung-torngren
7041,karolina-hagenbjork
7040,raffaele-pilla
7039,emanuele-costa
7038,claudio-massaro
7037,danilo-torzolini
7036,giovanni-romagnoli
7035,dario-pacchi
7034,luca-mazzucato
7033,andrea-berardi
7032,paolo-cipolloni
7031,mauro-mercuri
7030,emidio-prosperi
7029,andrea-stazi
7028,stefano-mestroni
7027,fabio-sanna
7026,luca-gagliardi
7025,paolo-mirabelli
7024,cristiano-erriu
7023,maurizio-ranieri
7022,fabio-percario
7021,marco-ruperto
7020,carlo-sestieri
7019,andrea-pitone-farnocchia
7018,andrea-meola
7017,fernando-botrugno
7016,alessandro-damiano
7015,matteo-gaddoni
7014,simone-caliento
7013,edoardo-favorini
7012,lorenzo-apriani
7011,steve-gottlieb
7010,jim-palmeri
7009,kerry-kollmar
7008,scott-dickson
7007,mark-danna
7006,irv-kalb
7005,bruce-koger
7004,tom-cleworth
7003,john-connelly
7002,ken-westerfield
7001,jim-scala
7000,victor-malafronte
6999,roger-zzz-sonoma-95
6998,flip-zzz-co-states
6997,jim-zuur
6996,utto-zimmerman
6995,reto-zimmerman
6994,dave-zeff
6993,mike-young
6992,kaili-young
6991,jeff-yoeman
6990,dan-yarnell
6989,mark-yandle
6988,kijo-yamashiro
6987,carolyn-yabe
6986,randy-wylot
6985,allison-wylot
6984,frank-wulff
6983,bill-wright
6982,adam-wright
6981,hunter-wootten
6980,heather-wootten
6979,eric-wootten
6978,tam-wolfe
6977,scott-wolfe
6976,lavone-wolfe
6975,merle-witvoet
6974,shannon-winn
6973,travis-wilson
6972,jayme-wilson
6971,kevin-willis
6970,willi-williams
6969,rick-williams
6968,c-r-willey
6967,jonathan-willett
6966,don-wilchek
6965,bob-wigersma
6964,karsten-wiesner
6963,sue-whitlock
6962,glen-whitlock
6961,jack-white
6960,barrett-white
6959,tom-whiffen
6958,z-weyand
6957,kathrin-westkaemper
6955,sune-wentzel
6956,rick-werner
6954,elliot-wentz
6953,brad-wendt
6952,bob-weege
6951,scott-weaver
6950,garth-weaver
6949,brian-warner
6948,enda-warecka
6947,steve-ward
6946,robbie-ward
6945,shane-walrond
6944,don-wallace
6943,david-waisblum
6942,hartmut-wahrmann
6941,david-voisin
6940,chris-max-voigt-eberle
6939,rafael-vogler
6938,ron-vingerelli
6937,ake-vinberg
6936,dave-villareal
6935,art-viger
6934,randy-victory
6933,david-vescio
6932,bob-verish
6931,beth-verish
6930,jamie-vento
6929,jarno-venalainen
6928,greg-veltkamp
6927,jens-velasquez
6926,erwin-velasquez
6925,mark-vasicek
6924,krae-van-sickle
6923,timo-vakio
6922,mary-uhlarik
6921,joseph-uhlarik
6920,ilene-uhlarik
6919,bill-uhlarik
6918,tita-ugalde
6917,ronnie-turner
6916,dan-turner
6915,bill-tulin
6914,mark-truble
6913,tim-troy
6912,roy-tritico
6911,mike-tremble
6910,brian-traichel
6909,joel-townsan
6908,cliff-towne
6907,john-tormey
6906,jt-tomkins
6905,jim-tobish
6904,xtehn-titcomb
6903,john-tisue
6902,espen-thoren
6901,john-thomson
6900,paul-thompson
6899,nigel-thompson
6898,mike-d-thompson
6897,brian-thompson
6896,octad-thompson
6895,nick-thielman
6894,randy-terrazas
6893,jim-terhorst
6892,eric-taylor
6891,david-taylor
6890,dave-tayloe
6889,dean-tannock
6888,john-tallent
6887,scott-talcott
6886,dazz-switalla
6885,leslie-sweet
6884,dave-swartz
6883,dan-swanson
6882,jay-svitko
6881,hans-svensson
6880,danny-sullivan
6879,mike-streety
6878,steve-stotter
6877,karl-christian-storz
6876,scott-stokely
6875,john-stewart
6874,alan-stevens
6873,don-steinberg
6872,sandy-steger
6871,dave-steger
6870,kraig-steffen
6869,jason-steffen
6868,bryan-steffen
6867,buddy-steen
6866,jimmy-stathis
6865,david-starry
6864,scott-starr
6863,jack-stanton
6862,ben-stadher
6861,duke-stableford
6860,brian-stableford
6859,kelley-southwick
6858,jason-southwick
6857,jeff-soto
6856,peter-sontag
6855,chris-solis
6854,patrik-soderholm
6853,susan-sobel
6852,jan-sobel
6851,leigh-snavley
6850,richie-smits
6849,paul-smith
6848,mark-smith
6847,jim-smith
6846,craig-smith
6845,daniel-sloan
6844,aaron-slezak
6843,tony-sisson
6842,doug-simon
6841,craig-simon
6840,randy-silvey
6839,david-silver
6838,mike-sigrist
6837,martin-sievers
6836,chris-sieben
6835,stephen-shurson
6834,crawford-shortt
6833,rivers-sherrod
6832,rusty-sherman
6831,scott-severnson
6830,frank-senk
6829,rory-self
6828,maria-seidel
6827,jerry-seidel
6826,mark-sebastian
6825,marshall-scribner
6824,stephen-scott
6823,mieke-scott
6822,andy-schwaneflugel
6821,ed-schroer
6820,andrew-schrank
6819,marc-schrader
6818,jens-schrader
6817,ed-schorr
6816,scott-scholten
6815,rick-rico-schneider
6814,john-schiller
6813,dave-schiller
6812,oliver-schacht
6811,steve-scannell
6810,tim-scanlon
6809,brenda-savage
6808,alf-saunders
6807,ingar-sandum
6806,christian-sandstrom
6805,brent-sanderson
6804,rodney-sanchez
6803,gina-sample
6802,fred-salaz
6801,scott-sailor
6800,tom-sahlit
6799,tim-sahlit
6798,rick-sader
6797,dennis-ryan
6796,chris-ryan
6795,mike-ruzicka
6794,john-ruvelcaba
6793,visa-ruuhinen
6792,todd-bear-rusthoven
6791,doug-russell
6790,john-rushlow
6789,klaus-ruppert
6788,hans-juergen-runge
6787,kristen-rudell
6786,jamie-ruane
6785,susanne-rother
6784,richhi-ross
6783,nikki-ross
6782,karl-ross
6781,martin-rosengren
6780,g-rose
6779,ray-rogers
6778,joel-rogers
6777,sebastian-rodela
6776,terry-roddy
6775,tyler-roddick
6774,budgie-zzz-co-states
6773,robbie-robison
6772,wayne-roberts
6771,kevin-roberts
6770,judy-robbins
6769,derek-robins
6768,jeff-risse
6767,carlos-rio
6766,scott-riley
6765,greg-riley
6764,tim-rieth
6763,chuck-richard
6762,ray-rice
6761,ken-reynolds
6760,terry-rester
6759,roshan-reporter
6758,tyler-rentz
6757,rick-rentz
6756,felix-rentschler
6755,ron-remey
6754,bob-remey
6753,rich-reilly
6752,mikey-reid
6751,mark-reid
6750,olaf-reichert
6749,richie-regensberg
6748,mark-regalbuti
6747,mike-redmon
6746,turner-ray
6745,cliff-raskind
6744,steve-raper
6743,neill-ramsay
6742,johan-rabell
6741,pat-rabdau
6740,dave-pucher
6739,tara-proctor
6738,mike-pratt
6737,john-pratt
6736,liz-powell
6735,john-powell
6734,tom-potts
6733,bethany-sanchez
6732,dean-porter
6731,dan-o-porter
6730,chris-porter
6729,jim-poole
6728,brian-pool
6727,florian-plender
6726,tom-pitt
6725,snapper-pierson
6724,alex-pierson
6723,dan-pierce
6722,tom-petrie
6721,per-persson
6720,gary-perlberg
6719,jerry-perez-sr
6718,jerry-perez-jr
6717,tony-pellicane
6716,andreas-pellbring
6715,john-pecunia
6714,blair-paulsen
6713,james-passmore
6712,thomas-palmer
6711,victor-ouzoonian
6710,john-osgood
6709,jim-osgood
6708,craig-osgood
6707,denny-orser
6706,jim-olsen
6705,eric-oloffson
6704,mark-oller
6703,paul-olander
6702,chris-oien
6701,gary-oberreith
6700,ted-oberhaus
6699,6699
6698,6698
6696,6696
6697,6697
6695,6695
6694,6694
6693,6693
6692,paul-nytsch
6691,scott-nutt
6690,juha-nurminen
6689,ben-northcutt
6688,glen-noakes
6687,barry-noakes
6686,frank-nitzel
6685,mattias-nilsson
6684,nick-newman
6683,bill-newman
6682,98-ct-states-newman
6681,roger-neskvern
6680,gary-nelson
6679,devrin-nelson
6678,albert-nelson
6677,rick-neil
6676,jason-neifert
6675,shaggy-navarro
6674,andy-nahon
6673,jim-myers
6672,danny-myers
6671,ray-murray
6670,dave-murphy
6669,john-munn
6668,heiko-muller
6667,leonard-muise
6666,mark-mudgett
6665,sandy-mrvos
6664,mike-moser
6663,judah-moser
6662,bob-morton
6661,bob-morrissey
6660,jeff-morris
6659,george-morris
6658,trey-morgan
6657,steve-moran
6656,jeff-moore
6655,dave-moody
6654,rich-montgomery
6653,tom-monroe
6652,rick-monroe
6651,willie-monahan
6650,jay-moldenhauer
6649,espen-mokkelgjerd
6648,deaton-mitchell
6647,mike-misakian
6646,krisi-mills
6645,leighton-miller
6644,bevan-miller
6643,paul-mihalec
6642,scott-michaelson
6641,joe-messner
6640,john-meller
6639,johnny-melfi
6638,joe-mela
6637,brian-meigs
6636,roger-meier
6635,martin-mehring
6634,jim-mcnelly
6633,jeff-mcnelly
6632,craig-mcnab
6631,justin-mclean
6630,danny-mcinnis
6629,brian-mcelwain
6628,john-mccray
6627,bruce-mccray
6626,kevin-mccoy
6625,mitch-mcclellan
6624,stacy-mccarthy
6623,mike-mccargle
6622,willie-mcbride
6621,mike-mattioli
6620,joan-matteuzzi
6619,deano-matsumoto
6618,jack-mason
6617,eric-marx
6616,rudy-martinez
6615,dennis-martin
6614,gregor-marter
6613,don-marshall
6612,dean-marshall
6611,pat-marron
6610,dean-marlow
6609,david-marez
6608,wayne-marcus
6607,lorenzo-manzani
6606,rufus-manley
6605,danelle-mangone
6604,barry-mang
6603,ed-malloy
6602,nancy-malakhoff
6601,lev-malakhoff
6600,florian-maier
6599,keith-mahan
6598,dan-magallanes
6597,ralph-maffett
6596,bill-macwilliams
6595,michael-macpherson
6594,joe-macnamara
6593,john-macmillan
6592,tim-mackey
6591,lee-lukehart
6590,aaron-loy
6589,mary-lowry
6588,hugh-lowry
6587,robert-lower
6586,sami-loukko
6585,carlos-pipo-lopez
6584,christian-loiseau
6583,larry-lindgren
6582,mark-linden
6581,carina-lindblad
6580,johnny-lighthizer
6579,rick-lewis-shell
6578,kristen-lewis-shell
6577,jeff-lewis
6576,dave-lewis
6575,bob-lewis
6574,andrew-lemann
6573,tom-leitner
6572,mat-lee
6571,dave-lebleu
6570,rick-lebeau
6569,mike-layne
6568,jon-layne
6567,robert-lawler
6566,kevin-lawler
6565,murray-lauder
6564,peter-laubert
6563,tom-lasher
6562,john-larson
6561,ed-larrabee
6560,judi-lapsley
6559,mike-laport
6558,jeff-lannom
6557,jeff-landisman
6556,kurt-lampkin
6555,shawn-lamastus
6554,randy-lahm
6553,gene-laforge
6552,christina-ladera
6551,matt-lacourte
6550,tim-kusch
6549,jorg-kusch
6548,rodger-kuo
6547,mike-kukuk
6546,mark-kudarauskas
6545,jeff-kruger
6544,cindy-kruger
6543,jon-kraut
6542,shelly-krasner
6541,bob-kramer
6540,sonoma-95-koruf
6539,doug-korns
6538,kenny-kolstad
6537,mark-koivisto
6536,tarja-koivikko
6535,jeff-knudsen
6534,john-knoch
6533,paul-klimek
6532,paul-klemer
6531,markus-kjallstrom
6530,john-kirkland
6529,gee-kirkland
6528,ron-king
6527,david-kessler
6526,jeff-kent
6525,axel-kensy
6524,paul-kenny
6523,larry-kenney
6522,magnus-kempe
6521,nick-kelly
6520,david-kelley
6519,brad-keller
6518,zack-kazin
6517,volker-kaufman
6516,gunther-kaufman
6515,stefan-karlstrom
6514,stefan-karlsson
6513,roland-karlsson
6512,peter-karlsson
6511,kurt-karlsson
6510,billy-kaplan
6509,chieko-kakimoto
6508,tim-kady
6507,johan-josjo
6506,jeff-jorgenson
6505,tracey-jordan
6504,per-jonsson
6503,lisa-lorber-jones
6502,dave-jones
6501,anders-johnsson
6500,terry-johnson
6499,steve-johnson
6498,rocky-johnson
6497,pete-johnson
6496,nate-johnson
6495,jeff-johnson
6494,dave-johnson
6493,peik-johansson
6492,dieter-johansson
6491,conrad-joe
6490,john-jewell
6489,dave-jewell
6488,david-jerome
6487,steve-jennings
6486,gary-jarvis
6485,christine-jarvis
6484,marten-jansson
6483,john-jaje
6482,trixie-jacob
6481,penny-jackson
6480,kenny-jackson
6479,luke-itnyre
6478,petri-isola
6477,shahid-islam
6476,mike-isbister
6475,scotty-inman
6474,john-ince
6473,larry-imperiale
6472,mark-ide
6471,hal-hunt
6470,lisa-hunrichs
6469,don-hunkel
6468,mike-hughes
6467,mag-hughes
6466,joey-hudoklin
6465,steve-hubbard
6464,pontus-howding
6463,steve-howard
6462,john-houck
6461,gregg-hosfeld
6460,avi-horowitz
6459,susie-horn
6458,mark-horn
6457,christopher-horn
6456,kerry-hood
6455,jeff-homberg
6454,pat-holt
6453,tom-holsten
6452,goren-holm
6451,erik-hoh
6450,don-duster-hoffman
6449,paul-hobson
6448,greg-hinkley
6447,jay-hinkle
6446,mitch-hinard
6445,chris-himing
6444,chris-hill
6443,brad-hester
6442,david-hesselberth
6441,liz-applegate
6440,jim-herrick
6439,sten-hermodsson
6438,bob-herbert
6437,ron-henson
6436,peter-henriksson
6435,james-hendricks
6434,jason-heline
6433,steve-held
6432,shane-hedrick
6431,steve-hays
6430,hikari-hayato
6429,tom-hausmann
6428,gabe-harvell
6427,wesley-hartwell
6426,steve-hartwell
6425,joy-hartwell
6424,nick-hart
6423,trevor-harris
6422,mustang-harris
6421,gary-harris
6420,sean-harrigan
6419,bob-harrell
6418,lee-harper
6417,jeff-harper
6416,graeme-hargraves
6415,magnus-hansson
6414,jill-hanson-simon
6413,scott-hanning
6412,evan-hanneman
6411,steve-hanes
6410,james-hancock
6409,brad-hammock
6408,curtis-hamlin
6407,ken-hambleton
6406,svein-hagaseth
6405,conny-gustavsson
6404,jake-gundry
6403,speedy-guerrero
6402,deana-guadagno
6401,jeff-groman
6400,brendan-griffith
6399,jennifer-griffin
6398,dave-griffin
6397,david-greenwell
6396,john-greensage
6395,john-green
6394,jeff-green
6393,heather-gray
6392,anne-graves
6391,nathan-grant
6390,joe-graham
6389,bob-graham
6388,jim-goude
6387,bob-gossett
6386,blake-goss
6385,matt-goldfarb
6384,tom-gleason
6383,kevin-givens
6382,edward-giroux
6381,andy-ginthum
6380,mike-gill
6379,barry-gill
6378,jeff-getty
6377,andy-gerson
6376,bob-gentil
6375,ryan-genske
6374,tim-gellerman
6373,steve-gaylor
6372,matt-gauthier
6371,jake-gauthier
6370,jay-garrison
6369,betty-garner
6368,neil-gardner
6367,joe-garcia
6366,craig-gangloff
6365,diego-gamboa
6364,paul-galloway
6363,6363
6362,matt-frymoyer
6361,rob-fried
6360,steve-french
6359,roger-french
6358,jeff-freeman
6357,jon-freedman
6356,wally-free
6355,lawrence-frederick
6354,mattias-franzen
6353,shannon-fosdick
6352,josh-forsyth
6351,ake-forsgren
6350,tom-ford
6349,ken-folger
6348,hans-marius-flotten
6347,alan-flood
6346,morgan-fiorani
6345,thomas-finborud
6344,aksel-finborud
6343,chris-filer
6342,sam-ferrans
6341,andreas-fernlund
6340,alicia-feltus
6339,jeff-felberbaum
6338,matt-fausch
6337,stuart-farquharson
6336,enrique-faria
6335,randy-fargher
6334,jeff-fante
6333,per-fallgren
6332,dan-exelby
6331,craig-ewing
6330,everett-evans
6329,chad-evans
6328,danny-evanns
6327,michael-esterbrook
6326,doug-ertmann
6325,svante-ericksson
6324,hal-erickson
6323,mark-enright
6322,brad-emery
6321,debbie-emerson
6320,carl-emerson
6319,billy-emerson
6318,john-elsner
6317,peter-ellis
6316,tex-elliott
6315,allen-elliott
6314,tim-elad
6313,jan-ekman
6312,julie-edgington
6311,darren-edgington
6310,gary-edge
6309,tom-dyer
6308,t-m-dyer
6307,john-dwork
6306,michael-dussault
6305,wendy-dushman
6304,mike-duren
6303,kevin-dunn
6302,daryl-duncan
6301,walter-dunbar
6300,steve-dubois
6299,bill-dubilier
6298,jon-drummond
6297,john-drube
6296,vit-drga
6295,dan-doyle
6294,rik-downs
6293,bo-dorn
6292,isaac-doris
6291,chauncey-donaldson
6290,tim-dodwell
6288,tyler-doar
6289,jim-dodelson
6287,roy-doar
6286,john-ditmars
6285,ed-dissosway
6284,fernando-direito
6283,r-dillingham
6282,chad-dickson
6281,jerry-dichiara
6280,merrill-detwiler
6279,martin-desch
6278,george-desch
6277,dan-desch
6276,dorn-deraad
6275,chris-depaola
6274,james-demarest
6273,christopher-dehnhardt
6272,steve-deering
6271,judy-deering
6270,jerel-davis
6269,darryl-daugherty
6268,rich-darter
6267,danzo
6266,lori-daniels
6265,conrad-damon
6264,pete-crowther
6263,mike-crowther
6262,tom-cremer
6261,moss-cremer
6260,dale-crawford
6259,frank-coussens-iii
6258,rusty-courser
6257,justin-counsellor
6256,joe-costa
6255,doug-corea
6254,jeff-cooper
6253,jack-cooksey
6252,bob-cooksey
6251,marty-cook
6250,mike-connaway
6249,ron-colwell
6248,claudio-clay-collera
6247,bob-coleman
6246,roger-cole
6245,tim-cohn
6244,eddy-cohn
6243,arthur-coddington
6242,steve-cobuf
6241,mike-cloud
6240,ken-climo
6239,greg-clement
6238,mike-clay
6237,michael-clarke
6236,keith-clark
6235,h-b-clark
6234,bob-clark
6233,rocco-chilelli
6232,carla-cheshire
6231,jamie-chantiles
6230,dave-cecil
6229,rick-castiglia
6228,michael-casey
6227,amanda-mandy-carriero
6226,pat-carrasco
6225,mike-carr
6224,kevin-cardner
6223,rich-carbongra
6222,phil-cappa
6221,alan-caplin
6220,brian-capanna
6219,todd-canuel
6218,roger-cansler
6217,stevie-campbell
6216,jeannie-cameranesi
6215,danny-cameranesi
6214,abe-calzadilla
6213,kim-caldwell
6212,dave-cain
6211,theo-sunny-cade
6210,dave-byrd
6209,herb-bush
6208,tomas-burvall
6207,john-burt
6206,craig-burris
6205,christina-burnap
6204,gary-burdick
6203,chris-brown
6202,crazy-john-brooks
6201,marc-broghammer
6200,todd-brodeur
6199,tim-brodeur
6198,karl-broderson
6197,matt-brock
6196,paul-brenner
6195,mary-brenner
6194,roy-ove-brenn
6193,michael-brendel
6192,brian-brechler
6191,bob-brechler
6190,kent-bray
6189,tim-bratton
6188,harvey-brandt
6187,duane-bragg
6186,david-brady
6185,spencer-bradley
6184,steve-bowra
6183,peter-bowie
6182,bob-boulware
6181,christina-bordieri
6180,mark-bonner
6179,david-bonnell
6178,dave-bolyard
6177,scott-bolsover
6176,mike-boisvert
6175,brian-bohannon
6174,terry-bogenhagen
6173,dave-bogenhagen
6172,kyle-boatwright
6171,jeff-blount
6170,fredrik-blom
6169,nicholas-blankevoort
6168,mark-blakemore
6167,kyle-black
6166,greg-black
6165,allison-black
6164,donny-birdno
6163,john-bird
6162,justin-biehler
6161,dave-bickerman
6160,amy-betty
6159,tom-bertrand
6158,sam-berry
6157,dan-berman
6156,niclas-bergehamn
6155,curtis-benoit
6154,eddie-bennett
6153,bob-benner
6152,jonas-bengtsson
6151,chipper-bro-bell
6150,amy-schiller
6149,mike-beckman
6148,tj-barson
6147,enrico-barsanti
6146,roy-barrett
6145,nigel-barnwell
6144,keith-baker
6143,van-bailey
6142,randy-bailey
6141,dave-bailey
6140,keith-baber
6139,gary-auerbach
6138,norm-aubin
6137,shawn-atwood
6136,jim-atwood
6135,larry-ast
6134,dan-asmus
6133,joakim-arveskar
6132,kip-armstrong
6131,keith-armstrong
6130,jorge-araujo
6129,john-andre
6128,tito-andino
6127,vance-anderson
6126,peter-anderson
6125,mark-anderson
6124,chris-anderson
6123,joan-amberg
6122,dave-alton
6121,damon-allen
6120,peter-albers
6119,jim-akins
6118,bjorn-ahlstrom
6117,richard-ahigrim
6116,steve-agocs
6115,john-affonso
6114,otoe-aero
6113,gary-adler
6112,dave-adelson
6111,gordy-adell
6110,vanessa-adcock
6109,deb-adamson
6108,jamey-adams
6107,buddy-adams
6106,jim-kenner
6105,dave-marini
6104,dan-stork-roddick
9576,2011-frisco-beach
9577,2012-german-championship
9578,2012-top-event-of-freestyle-winter
9579,2012-disc-summit
9580,2012-virginia-states
9554,2011-paganello-world-freestyle-challenge
9555,2011-virginia-state-overall-championships
9556,2011-frisbeer-cup
9557,2011-freestyle-jam-camp
9558,2010-the-baltic-sunprayer-week-session
9559,2011-german-open
9560,2011-wfdf-overall-championships
9561,2011-mountain-alternative-open
9562,2011-the-jammers
9563,2011-amsterjam
9564,2012-efc
9565,2012-italian-national-freestyle-frisbee-championships
9566,2011-roma-2-0-fusion
9567,2011-rome-2-0-fusionfreestyleultimatetournament
9568,2011-beach-stylers-ob-11-11-11
9569,2011-jik
9570,2011-go-go-spirit
9571,2011-butch-cassidy-cup
9572,2011-jampions-league-2-1
9573,2011-aeppler-jam
9574,2011-jersey-jam-freestyle-frisbee-camp
9575,2011-lazzaroni
9553,2011-fpa-world-championships-freestyles-premier-event
9552,2011-123-four-seasons-autumn
9547,2010-123-four-seasons-edition-summer
9548,2011-123-four-seasons-summer
9549,2011-european-freestyle-championships
9550,2011-in-den-hallen
9551,2010-playorbite-dk-open-freestyledisc-sport-event
9538,2010-lazzaroni
9539,2010-123-four-seasons-hat-tournament-edition-summmer-2
9540,2010-bora-contest
9541,2010-the-beach-stylers-oceanside-beach
9542,2010-jampions-league-powered-by-dreh-ag
9543,2010-torino-street-style
9544,2010-123-four-seasons-autumn
9545,2011-123-four-seasons-edition-winter
9546,2011-123-four-seasons-edition-spring
9537,2010-35th-annual-az-state-overalls
9536,2010-klotzen-statt-glotzen-hat-tournament
9535,2010-us-overall-flying-disc-championships
9534,2010-romanello
9533,2010-romanello-hat-tourney
9532,1979-eckerd-college-invitational
9531,2010-123-four-seasons-hat-tournament-winter
9530,2010-8th-beach-ultimate-and-first-freestyle-tournament
9529,2010-italian-open
9528,2010-the-italian-open
9527,2010-tampico-open
9526,2010-mazapegul
9525,2010-jik-jam
9524,2010-fresstyle-frisbee-meets-discdogging
9523,2010-amsterjam
9522,2010-34th-annual-virginia-state-frisbee-tournament
9521,2010-seaside-super-hein
9520,2010-puerto-rico-winter-jam
9519,2010-barona-king-of-thousands
9517,2010-vagolino
9518,2010-vola-vola
9506,2010-fpa-world-championships
9507,2009-j-i-k
9508,2010-czech-open
9509,2010-efc
9510,2010-the-jammers
9511,2010-paganello-20th-edition-amarcord
9512,2010-in-den-hallen
9513,2010-italian-freestyle-championships
9514,2010-swiss-freestyle-frisbee-open-in-bern
9515,2010-mmx-power-tournament
9516,2010-the-freestyle-magazine-baltic-sun-prayer-session
9505,2009-romazhred-frisbee-golf
9504,2010-german-freesytle-open
9503,2009-123-four-seasons-hat-tournament-edition-autumn
9500,2009-az-states
9501,2009-beachstylers-obo9
9502,2010-bibione-bahia
9496,2009-freestyle-concert-cruise
9497,2009-efc
9498,2009-hola-vola
9499,2009-jamandgo
9495,2009-wintershred
9494,2009-swedish-championships
9493,2009-jamitin
9492,2009-vagolino
9490,2009-bibione
9491,2009-lazzaroni
9489,2009-virginia-states-2
9488,2009-torneo-del-cappello
9487,2009-paganello
9486,2009-costa-brava-open
9485,2009-ultimutation
9484,2009-amsterjam
9483,2009-mazapegul
9482,2009-arizona-states-overall
9481,2009-roma-open
9480,2009-santa-cruz-open-overall
9479,2009-wfdf-world-overall
9472,1987-octad
9473,1983-philly-indoor-freestyle-classic
9474,2009-frisbee-freestyle-masters
9475,2009-berlin-4-seasons-hat-tournament-winter-edit
9476,2009-italian-championship
9477,2009-virginia-states
9478,2009-rototom
9471,2009-puerto-rico-winter-jam
9469,2008-jik-jam-2nd
9470,2009-freestyle-frisbeer-cup-czech-open
9468,2009-german-championships-in-freestyle
9466,2009-wfdf
9467,2009-butch-cassidy-cup
9465,2009-the-jammers
9464,2008-33rd-annual-az-state-overall
9463,2008-vola-vola-cif-campionati-italiani-freestyle
9462,2008-overall-and-freestyle-formats-at-sonoma-state-univ
9461,1983-u-s-open-frisbee-championships
9460,1979-wham-o-i-f-a-north-american-series-minneapolis
9459,2008-disc-golf-tournament
9458,1979-wham-o-i-f-a-north-american-series-new-brunswick
9457,1979-wham-o-i-f-a-north-american-series-toronto
9455,2008-freestyle-and-overall-format
9454,2009-swiss-freestyle-disc-open-bern
9453,2008-swiss-freestyle-disc-open
9452,1984-eastern-indoor-freestyle-championships
9451,1984-massachusetts-state-frisbee-championships
9450,1984-rhode-island-state-frisbee-championships
9448,1984-canadian-open
9449,1984-connecticut-state-frisbee-championships
9447,1984-fpa-new-world-tour-philadelphia
9446,1983-connecticut-state-championships
9445,1984-long-island-open
9444,1983-canadian-national-championships
9443,1983-fpa-new-world-tour-fort-collins
9442,1983-the-philadelphia-flying-disc-championships
9441,1983-fpa-new-world-tour-charlotte
9440,1983-fpa-new-world-tour-victoria
9439,1983-long-island-indoor-pro-am
9438,1982-massachusetts-state-frisbee-championships
9437,1982-national-capitol-area-frisbee-championships
9436,1982-wham-o-i-f-a-canadian-national-championships
9435,1982-wfdf-world-flying-disc-championships
9434,1982-volcanic-open
9433,1982-fpa-new-world-tour-minneapolis
9432,1982-fpa-new-world-tour-world-freestyle-championships
9431,1982-eastern-canadian-open-etobicoke
9430,1982-fpa-new-world-tour-kansas-city
9429,1982-the-charlotte-national-open
9428,1982-fpa-new-world-tour-greenville
9427,1981-central-pennsylvania-frisbee-festival
9425,1981-fpa-new-world-tour-minneapolis
9426,1982-6th-annual-virginia-state-frisbee-championships
9424,1981-american-flying-disc-open-afdo-2
9422,1981-fpa-new-world-tour-rochester
9423,1982-wham-o-i-f-a-new-england-championships
9418,1981-wham-o-i-f-a-north-american-series-chicago
9419,1983-massachusetts-state-frisbee-championships
9420,1981-wham-o-i-f-a-north-american-series-philadelphia
9421,1981-wham-o-i-f-a-north-american-series-toronto-2
9408,1980-american-flying-disc-open-afdo
9409,1980-world-flying-disc-championships-wfdf
9410,1980-world-frisbee-championships-wfc
9411,1980-central-pennsylvania-frisbee-festival
9412,1981-wham-o-i-f-a-north-american-series-austin
9413,1981-wham-o-i-f-a-north-american-series-santa-barbara
9414,1981-fpa-new-world-tour-tempe
9415,1981-southwest-desert-disc-classic
9416,1981-wham-o-i-f-a-north-american-series-charlotte
9417,1981-wham-o-i-f-a-north-american-series-albuquerque
9407,1980-wham-o-i-f-a-north-american-series-toronto
9406,1980-wham-o-i-f-a-north-american-series-minneapolis-mn
9405,1980-freestyle-players-association-series-boulder
9404,1980-wham-o-i-f-a-north-american-series-vancouver-bc
9403,1980-wham-o-i-f-a-north-american-series-philadelphia
9402,1980-wham-o-i-f-a-north-american-seriessarasota-fl
9401,1980-duke-disc-festival
9400,1980-wham-o-i-f-a-north-american-series
9399,2008-salentosouth-italy-frisbeefreestylechampionships
9398,2008-mazapegul
9397,2008-rototom-flying-station
9396,2008-international-roma-open-08
9395,2008-berlin-says-hello-to-spring
9394,2008-fpa-european-freestyle-championships
9393,2008-torneo-del-cappello-hat-tournament
9392,2008-wintershred
9391,2008-world-beach-freestyle-frisbee-disc-championships
9390,2008-german-freestyle-disc-championships
9389,2006-berlin-hat-tournament
9388,2008-wfdf-world-title-freestyle-championship-title
9387,2013-world-beach-invitational-freestyle-championships
9386,2008-paganello
9385,2007-berlin-hat-tournament
9384,2008-berlinjam
9383,2009-freestyle-jam-camp-los-angeles
9381,2008-the-jammers
9382,2008-amsterjam-open
9373,2007-slovakia-open-championship
9374,2008-fpa-world-championships
9375,2009-berliner-fpa-world-championships
9376,2008-butch-cassidy-cup
9377,2008-u-s-open-overall-juniors-and-masters
9378,2008-frisbeer-cup-czech-open
9379,2008-ultimutation
9380,2008-puerto-rico-winter-jam
9360,2007-disctivity
9361,2006-torneo-citta-di-milano
9362,2006-fpa-world-championships
9363,2007-northeast-freestyle-championship-proam
9364,2008-minnesota-state-overall
9365,2007-summershred
9366,2007-salento-1st-contest-frisbee-freestyle
9367,2007-hero-open
9368,2008-frisbee-freestyle-masters-dortmund-germany
9369,2007-freestyle-event
9370,2007-freestyle-jam-camp
9371,2007-puerto-rico-national-freestyle-championships
9372,2007-1st-gp-citta-di-forli
9359,2007-boxmeer-winterjam
9357,2006-michelob-ultra-beach-tournament
9358,2006-indian-summer-frisbee-festival-2006
9354,2007-prague-frisbeercup-winter-indoor
9355,2007-costa-brava-open
9356,2007-paganello-freestyle-challenge
9351,2007-wfdf-world-overall-championships
9352,2007-minnesota-state-championships
9353,2007-german-freestyle-disc-championships
9346,2007-the-jammers
9347,2007-santa-cruz-open
9348,2007-burla-beach-cup
9349,2007-aloha-beach-event-just-jams-notitlesnoglory
9350,2006-bay-area-plastic-on-plastic-shred-tournament
9345,2007-afterworld
9344,2007-fpa-world-championships
9343,2007-i-lazzaroni-international-freestyle-tournament
9342,2007-virginia-states
9341,2007-arizona-states
9340,2007-puerto-rico-winter-jam
9339,2006-rototom-frisbee-freestyle
9338,2007-rototom-sunsplash-frisbee-freestyle
9337,2007-nass-freestyle-challenge
9335,2007-european-open
9336,2007-efc-in-roseto-italy
9334,2007-torneo-citta-di-milano
9333,2007-vagolino
9332,2007-frisbee-freestyle-masters
9331,2007-dreh-trink-freestyle-contest
9330,2007-hat-tournament
9329,2007-new-england-beach-blast
9328,2007-windmill-open
9327,2006-roseto-vola-vola
9326,1990-ventura-beach-tournament
9325,1990-california-state-freestyle-championships
9324,1990-wisconsin-states
9322,1990-sky-of-10000-frisbees
9323,1990-boulder-nationals
9321,1990-world-masters-championships
9320,1990-seattle
9319,1990-fpa-world-championships
9318,1990-u-s-open
9317,1988-wfdf-world-championships
9316,1988-dallas-air-open
9315,1987-arizona-state-championships
9314,1987-indian-summer-california-state-chmpionships
9313,1987-fpa-world-championships
9312,1987-world-indoor-championships
9311,1987-swedish-championships
9310,1987-massachusetts-state-championships
9309,1987-fpa-eastern-national-championships
9307,1987-u-s-open
9308,1987-wfdf-world-championships
9306,1987-canadian-open
9305,1985-ft-collins
9304,1985-world-disc
9303,1985-fpa-world-championships
9302,1985-kansas-city
9301,1985-fpa-new-world-tour-philadelphia
9300,1985-western-canadian-open
9299,1985-san-antonio-national-freestyle-championships
9294,1982-stockholm
9295,1982-europamasterskapen
9296,1982-sm-i-orebro
9297,1985-world-indoor-championships
9298,1985-oak-grove
9287,1981-sodertalje-sweden
9288,1981-rose-bowl-world-frisbee-championships
9289,1981-varstervik
9290,1981-world-disc-and-fpa-worlds-combined
9291,1982-fri-vm
9292,1982-vintertrofen
9293,1982-apriljammet
9286,1981-kopenhagen-i
9270,2002-san-diego-round-robin
9271,2002-tennessee-state-championships
9272,2005-santa-cruz-open-overall
9273,2005-israel-freestyle-championships
9274,2006-cologne-random-co-op-and-regular-open-pairs
9275,2006-wintershred-5
9276,1978-wham-o-i-f-a-north-american-series-toronto
9277,1978-wham-o-i-f-a-north-american-series-boulder
9278,1978-wham-o-i-f-a-north-american-series-rochester
9279,1978-wham-o-i-f-a-north-american-series-seattle
9280,2007-white-air-freestyle-frisbee-challenge
9281,1981-varnamo-cup
9282,1981-bergans-fristilscup
9283,1981-varnamo-ii-cup
9284,1979-wham-o-i-f-a-north-american-series
9285,1979-louisville-frisbee-derby
9268,2002-best-damn-freestyle-tournament-period
9269,2002-az-states
9265,2002-tampico-open-viii
9266,2002-new-york-state-championships
9267,2002-world-beach-invitational
9259,2002-swedish-championships
9260,2002-wisconsin-flying-disc-championships
9261,2002-summershred-ocean-beach-sf
9262,2002-iowa-flying-disc-championships
9263,2002-california-freestyle-open-california-dried-plum-festival
9264,2002-jammers-championships-at-jacksonville-beach
9258,2002-world-masters-overall-flying-disc-championships
9257,2002-vagolino
9256,2002-colorado-state-championships
9255,2002-summerfest
9252,2002-virginia-states
9253,2002-minnesota-state-championships
9254,2002-santa-cruz-beach-classic-vi-manresa-beach
9245,1996-arizona-states
9246,1996-seattle-country-day-school-holiday-indoor-championships
9247,2002-ne-indoor-championships
9248,2002-wintertime-open
9249,2002-wintershred-at-san-franciscos-ocean-beach
9250,2002-italian-national-freestyle-championships
9251,2002-paganello
9244,1996-tampico-open
9243,1996-texas-states
9242,1996-southeastern-regional-champs
9239,1996-florida-states
9240,1996-washington-d-c-state-championships
9241,1996-la-mirada-fall-one-day-overall
9238,1996-new-york-states
9237,1996-new-england-flying-disc-championships
9236,1996-northern-california-statesindian-summer
9235,1996-tennessee-states
9234,1996-wisconsin-states
9233,1996-fpa-world-championships
9232,1996-alabama-states
9231,1996-oklahoma-states
9230,1996-beach-bowl
9229,1996-vermont-state-championships
9228,1996-iowa-state-championships
9227,1996-us-open-flying-disc-championships
9225,1996-swedisc-championships
9226,1996-connecticut-state-championships
9224,1996-florida-state-beaches-championships
9223,1996-yakima-flight-festival
9221,1996-so-california-state-overall-championships
9222,1996-minnesota-state-overall-championships
9220,1996-la-mirada-spring-one-day-overall
9219,1996-swedish-qualifying-tournament
9217,1996-rhode-island-states
9218,1996-octad
9214,1996-son-of-the-l-a-monthly
9215,1996-virginia-states
9216,1996-masters-overall-flying-disc-championships
9213,1996-wintertime-open
9211,1996-new-zealand-flying-disc-championships
9212,1996-return-of-the-l-a-monthly
9209,1992-octad
9210,1992-new-zealand-championships
9208,1992-new-york-state-championships
9205,1992-texas-states
9206,1992-swedish-championships
9207,1992-16th-annual-wisconsin-states
9204,1992-pyramids-championships
9203,1992-new-jersey-championships
9202,1992-connecticut-championships
9201,1992-rhode-island-championships
9200,1992-massachusetts-championships
9199,1992-new-england-championships
9198,1992-virginia-state-championships
9197,1992-northwest-freestyle-championships
9194,1992-ventura-fall-classic
9195,1992-wintertime-open
9196,1992-california-open
9193,1992-freestyle-players-association-worlds-championships
9191,2006-versilia-cup
9192,1992-us-open
9190,2006-narragansett-gathering-of-the-tribe
9189,2006-masters-and-juniors-overall-championships
9188,2006-arizona-states
9187,2006-wisconsin-states
9186,2006-amsterjam
9185,2006-minnesota-state-championships
9184,2006-efc
9182,1998-el-dorado-fall-1-day-overall-los-angeles
9183,1998-az-states-scottsdale
9178,1998-new-england-flying-disc-championships
9179,1998-tampico-open-santa-cruz
9180,1998-indian-summer-sonoma
9181,1998-jammers-championships-jacksonville
9177,1998-us-open-dallas
9172,1994-texas-states
9173,1994-arizona-states
9174,1998-masters-overall-santa-maria
9175,1998-fpa-world-championships
9176,1998-swedish-championships
9171,1994-delaware-states
9170,1994-indian-summernorthern-ca-states
9169,1994-new-england-championships
9168,1994-maryland-states
9167,1994-new-york-states
9166,1994-florida-states
9165,1994-tennesse-states
9164,1994-iowa-states
9163,1994-santa-monica-cup
9162,1994-new-hampshire-states
9161,1994-beach-bowl-14
9160,1994-octad
9159,1994-la-mirada-spring-overall
9158,1994-san-diego-monthly-1
9157,1994-world-beach-invitational
9156,1994-virginia-states
9155,1993-massachusetts-states
9154,1993-wisconsin-states
9153,1993-connecticut-states
9152,1993-beach-bowl-13
9151,1993-new-zealand-championships
9150,1994-los-angeles-monthly-2
9149,1994-wintertime-open
9148,1994-new-zealand-championships
9147,1993-arizona-states
9146,1993-kentucky-states
9145,1993-alabama-states
9144,1993-tennessee-states
9143,1993-swedish-open
9128,1998-mn-states-st-cloud
9129,1998-santa-cruz-beach-classic
9130,1998-ct-states
9131,1998-midwest-flying-disc-championships
9132,1998-kalmar-frisbee-klubb-championships
9133,1998-disc-or-die-fort-collins
9134,1993-rhode-island-states
9135,1993-fpa-worlds
9136,1993-new-hampshire-states
9137,1993-oklahoma-states
9138,1993-amazing-flying-disc-championships
9139,1993-texas-state-championships
9140,1993-lamirada-fall-overall
9141,1993-new-england-flying-disc-championships
9142,1993-new-york-state-championships
9127,1998-new-england-freestyle-championships
9126,1998-swedish-qualifier-1
9125,1998-frisbee-commemorative-festival
9124,1998-wham-o-invasion-championship
9123,1998-rhode-island-states
9122,1998-virginia-states
9121,1998-paganello-rimini
9120,1998-beach-championships-san-diego
9119,1993-wfdf
9118,1993-octad
9117,1993-minnesota-states
9116,1993-pyramids-v
9115,1993-maine-flying-disc-championships
9114,1993-lamirada-disc-club-spring-overall
9113,1993-wintertime-open
9112,1993-northwest-championships
9111,1993-california-open
9110,1993-florida-states
9109,1993-california-state-overall-championships
9108,1993-virginia-state-championships
9107,1998-santa-monica-monthly
9106,1998-indoor-championships-jackson-hole
9105,1998-wintertime-open
9104,1998-2nd-annual-expression-session
9103,2006-boxmeer-winterjam
9102,1997-arizona-states
9101,1997-la-mirada-fall-1-day-overall
9100,1997-southeastern-overall-fore-palms
9099,1997-fpa-world-championships
9098,2006-30th-annual-virginia-states-frisbee-championships
9097,1995-world-beach-invitational
9095,1995-texas-states
9096,1995-arizona-states
9094,1995-la-mirada-fall-one-day-overall
9093,1995-california-states
9092,1995-new-york-states
9091,1995-dc-states
9090,1995-new-england-championships
9089,1995-florida-states
9088,1995-tennessee-states
9087,1995-wisconsin-states
9086,1995-alabama-states
9085,1995-fpa-world-championships
9084,1995-beach-bowl
9083,1995-german-open
9082,1995-vermont-states
9081,1995-oklahoma-states
9080,1995-swedisc-open
9079,1995-connecticut-states
9078,1995-iowa-states
9077,1995-florida-state-beaches-champs
9076,1995-fpa-eastern-natl-flying-disc-championships
9075,1995-minnesota-states
9074,1995-maine-states
9073,1995-fpa-northwest-championships
9072,1995-swedish-qualifications-2
9071,1995-swedish-qualifications-1
9070,1995-octadpennsylvania-states
9069,1995-manassas-monthly-2
9068,1995-la-mirada-spring-overall
9067,1995-manassas-monthly-1
9066,1995-virginia-states
9065,1995-wintertime-open
9064,1995-seattle-monthly-2
9063,1995-seattle-monthly-1
9062,1995-new-england-indoor-flying-disc-festival
9061,1995-new-zealand-flying-disc-championships
9060,2006-puerto-rico-winter-jam
9059,1997-florida-states
9058,1997-new-england-flying-disc-championships-at-normandy-farms
9052,1997-world-masters-overall-championships
9053,1997-iowa-states
9054,1997-oklahoma-states
9055,1997-tennessee-states
9056,1997-tampico-open
9057,1997-california-statesindian-summer
9605,2013-123-four-seasons-edition-winter
9606,2013-spirit-camp-freestyle-ultimate-and-golf
9607,2013-the-jammers
9608,2013-european-freestyle-championships
9609,2013-virginia-states
9610,2013-beach-stylers
9611,2013-paganello-world-freestyle-challenge
9612,2013-the-mountain-alternative-open
9613,2013-butch-cassidy-cup-freestyle-meets-discdoggi
9614,2013-wfdf-world-overall-championships
9615,2013-wintershred
9616,2013-berlin-overall-session
9617,2013-sandslash-freestyle-beach-jam
9618,2013-swedish-freestyle-championships
9619,2013-wfdf-world-overall-flying-disc-championships
9620,2013-fu-zion-4-0
9621,2013-123-four-seasons-hat-tournament
9622,2013-oktoberfest-jam-hat-turnament
9623,2013-czech-overall-frisbee-tournament
10006,add-new-players
9631,blog
9672,fpa-worlds-2004-article-il-venerdi-leading-italian-magazine
9644,events-calendar
12933,
9670,lisa-silvey-turns-freestyle-moves-poetry-motion-great-article-leading-newspaper
9699,add-event-results
9712,fpa-tournament-application
9877,flair
9878,hooping-1
9879,mac-vs-cuff
9880,behind-back-quick-catch-toss
9881,leg-swoop
9882,viewfinder
9883,hooping-2
9884,chicken-wing
9885,yogi-pass
9886,leg-grapevine-pull
9887,leg-turnover
9888,behind-head-pull
9714,fpa-tournament-application-2
9722,9722
9723,fpa_tournament_application-2
9718,artistic-impression
9719,execution
9720,difficulty
9725,moves-catalog
9728,artistic-impression-2
9729,claudio-gogitis
9730,fabio
9731,amy-schiller-1
9732,360catch-beach
9733,claudio-invert
9734,meet-players
9735,pgnl_ac3
9736,spread-jam
9737,fpa
9739,208931_10151501010018114_1750677201_n
9740,execution-2
9742,difficulty-2
9743,fpaw-committee-directors-planning-worksheet
9744,committee-and-director-plan-2013
9745,360catch-beach-resizeed
9746,360catch-beach-resized2
9747,fabio-resized
9748,208931_10151501010018114_1750677201_n-resized
9749,claudio-invert-resized
9750,spread-jam-grant-application-rules
9751,pgnl_ac3-resized
9752,stj-application-and-rules
9753,fabio-resized3
9754,fabio-resized4
9755,join-the-fpa
9756,sponsorship-proposal-template
9757,sponsorship-proposal-template
9758,fpa-disc-design-contest
9759,fpa-disc-design-contest
9760,fpa-competition-manual
9761,competition-manual
9762,fpaw-schedule-template
9763,fpaw-schedule-template
9769,2013-fpa-discs
9774,freestyle-timeless
9823,discraft-ad
9775,frisbee-chicks-1959
9822,ads
9876,flamingo
9787,santa-cruz-2013-article-santa-cruz-sentinel
9796,checklist-planning-tournament
9797,checklist-for-planning-a-tournament
9799,tournament-budget-template
9800,tournament-budget-template
9802,fpaw-2014-update-alfonso-velez-lopez-host
9805,afo-efo-event-format-changes-update-fpa-exec-director-lori-daniels
9808,fpa-2014-disc-design-contest-submit-designs-october-4th
10382,10382
10383,47-5
10384,10384
10385,46-4
10386,45-5
10387,44-5
10395,about-the-fpa
10397,freestyle-amit-jauhari
10398,add-featured-players
10405,worldwidejamzonesmap
10406,placeholder-filer
10407,placeholder
10408,2015-american-freestyle-championships
9813,update-rankings
9816,worldwide-jammers
9874,lacer-pull
9830,9830
9831,players
9832,new-player
9835,edit-profile-2
9875,twist-spin
9854,elbow-tip
9889,leg-invert-pull
9890,two-finger-turnover
9891,olivia
9892,inverted-roll
9893,inside-knee-brush
10124,1974-canadian-open
9895,back-roll
9896,grapevine-hold
9897,cove
9898,donkey-kick-heel-kick
9899,behind-head-pull-around
9900,behind-back-tip
9901,back-roll-2
9902,back-roll-behind-head-catch
9903,skid
9905,one-handed-turnover-1
9906,one-handed-turnover-2
9907,machine-gun-tips
9908,gitis-roll
9909,flamingo-skid
9910,flamingo-skid-2
9911,curtsycourtesycurtis-roll
9912,rim-crank
9913,chair-skid
9914,delay-backhand-throw
9915,billy-kid-double-backhand-throw
9916,bird-brush
9917,double-indigenous-throw
9918,sole-brush
9919,silvey-procession
9920,spinning-chair-osus
9921,ground-phlaud
9922,half-turtle-roll
9923,spinning-behind-head-catch
9924,behind-back-brush
9925,gitis-pull
9926,fluff
9927,wipermarron-turnover
9928,wipers-marrons
9929,triple-bird
9930,spinning-donkey-kick
9931,invertedreverse-skid-turnover
9932,sabbatical
9933,shoulder-turnover
9934,one-handed-turnover-invert-delay
9935,third-world-twirl
9936,laerbs-kick-spinning-laerbs-kick
9937,outside-kick-tip
9938,legover-skid
9939,invert-turnover
9940,invert-roll-chest-roll
9941,hudoklin-ba-donk-guide-variations
9942,honky-tonk-ba-donk-donk
9943,guide-turnover
9944,honk-ba-donk-2
9945,hammer-gitosis
9946,grapevine-turnover
9947,foot-cuff
9948,curtsy-eagle-spotter
9949,flamingosus-pull
9950,double-spinning-phlaud
9951,flair-pull
9952,double-windmilleagle-spotter-turnover
9953,double-spinning-leg-pull
9954,double-trouble-double-turnover
9955,double-barrel
9956,digitron
9957,bruce-lee-kick
9958,cuff
9959,spinning-flamingosus
9960,bad-attitude-brush
9961,behind-head-pull-around-2
9962,5050-roll
9963,monstroliver
9964,handplant-catch
9965,flying-hammer-gitis
9966,guide-turnover-2
9967,flamingitosis
9968,double-gitis-flying-phlaud
9969,curtsy-turnover
9970,reverse-crank
9971,crank-spin
9972,spin-body-roll
9973,amphibian
9974,5050-roll-back-front
9975,flamingitis-pull
9976,cuff-2
9977,double-leg
9978,double-spinning-chair-brush
9979,double-spinning-phlaud-2
9980,double-spinning-lacer
9981,hammer-flamingitis
9983,hammer-osus
9984,yogi-leg-pull
9985,behind-back-set-tumble
9986,matrix
9987,behind-back-bad-attitude-pass
9989,third-world-cuff
9990,chair-brush
9991,double-spinning-chair
9992,kerfluffle
10125,2014-beachstylers
9997,update-rankings
9998,add-results
10000,hall-of-fame-old
10123,add-new-players
10083,2014-us-open
10066,jammers-net-buzz-colorado-jonathan
10068,brian-boate
10080,2014-frisbeer-cup
10096,amit-kumar
10107,emma-kahle-2
10108,alejandra-estrada
10111,discraft_2013-2
10112,dtw_primary-2
10113,wrightlife-3
10117,hot-moves
10128,2014-beachstylers_schillz
10132,nail-delay
10133,put-together-combos-connectivity
10135,backhand-air-bounce
10138,importance-nail-delays-sets
10139,chest-roll
10143,cuff
10144,spinflower-turnover
10145,backhand-mac-throw
10146,moondog
10609,profile-dave-bolyard-talented-disc-designer-around-great-guy
10172,store
11407,become-a-member
12548,guide_to_category_weighting_in_freestyle_judging_2022
10179,custom-button-link
10181,by-laws
11816,elections
11820,fpa_tournament_application-2018
11821,fpa_tournament_application-2018-2
11823,bids-for-fpaw-2020-and-afo-2019
11824,new-judging-committee-and-research-team-announcement
11825,committee_judging
11826,lazzaroni-2018
10184,download
10185,sx425_
10187,join-2
10189,mit-mar
10194,alex-florian-fabio
10196,2014-fpa-world-championships
10198,andres-rivera
10210,add-players
10232,spread-jam-grant
10238,374380_10151454922898114_47044198_n
10239,10628420_10152757100098114_5450015448242755192_n
10240,10403531_10152827311398114_7798801340641378681_n
10241,slide1-groupshot
10242,home-slide-spread-the-jam
10243,482567_10151448299778114_701785358_n
10244,374380_10151454922898114_47044198_n-e1421211066252
10245,374380_10151454922898114_47044198_n-e1421211066252-2
10246,zen-art-freestyle-frisbee
10247,world-disc-jam-2008
10248,store-2
10250,twl_secretsprodiscfreestyledvd_vol2__25563-1411716359-1280-1280
10253,374380_10151454922898114_47044198_n-e1421211066252-3
10254,374380_10151454922898114_47044198_n-e1421211066252-4
10255,374380_10151454922898114_47044198_n-e1421211066252-5
10256,482567_10151448299778114_701785358_n-2
10257,482567_10151448299778114_701785358_n-3
10258,ob-13_zps84fefc93-1
10259,10403531_10152827311398114_7798801340641378681_n-2
10260,10628420_10152757100098114_5450015448242755192_n-2
10261,10628420_10152757100098114_5450015448242755192_n-3
10262,10403531_10152827311398114_7798801340641378681_n-3
10263,374380_10151454922898114_47044198_n-2
10264,twl_secretsprodiscfreestyledvd_vol2__25563
10266,47
10267,46
10268,45-2
10269,44-2
10270,43-2
10271,42
10272,41
10273,40
10274,39
10275,38
10276,47-2
10277,46-2
10278,45-3
10279,44-3
10280,43-3
10281,42-2
10282,41-2
10283,40-2
10284,39-2
10285,38-2
10286,37
10287,36
10288,35
10289,34
10290,33
10291,32
10292,31
10293,30
10294,29
10295,28
10296,27
10297,26
10298,25
10299,24
10300,23
10301,22
10302,21
10303,20
10304,19
10305,18
10306,17
10307,16
10308,15
10309,14
10310,13
10311,12
10312,11
10313,10
10314,9
10315,8
10316,7
10317,6
10318,5-1
10319,4-1
10320,3-1
10321,2
10322,1-1
10323,0
10325,47-3
10326,47-4
10327,46-3
10328,45-4
10329,44-4
10330,43-4
10331,42-3
10332,41-3
10333,40-3
10334,39-3
10335,38-3
10336,37-2
10337,36-2
10338,35-2
10339,34-2
10340,33-2
10341,32-2
10342,31-2
10343,30-2
10344,29-2
10345,28-2
10346,27-2
10347,26-2
10348,25-2
10349,24-2
10350,23-2
10351,22-2
10352,21-2
10353,20-2
10354,19-2
10355,18-2
10356,17-2
10357,16-2
10358,15-2
10359,14-2
10360,13-2
10361,12-2
10362,11-2
10363,10-2
10364,9-2
10365,8-2
10366,7-2
10367,6-2
10368,5-1-2
10369,4-1-2
10370,3-1-2
10371,2-2
10372,1-1-2
10373,0
10380,test
10381,10381
10424,test-map
10427,2015-ocean-beach-wintershred
10428,ocean_beach_san_francisco_california-image
10433,freestyle
10438,2015-paganello-25-anniversary-edition
10439,pagascritta
10440,2015-jampionsleague
10443,2015-bibione-freestyle-ultimate-italian-open-challenge
10445,2015-european-freestyle-championships
10446,2015-german-championships
10612,membership-director-update-jens-velasquez
10614,jens-cropped
10616,treasurers-duties-fpa-treasurer-bethany-sanchez
10619,dave-guts
10622,bethany-sea-side
10624,roles-responsibilities-fpa-competition-director
10625,freddy
10463,freestyle-rankings-update
10467,back-roll
10468,leg-set
10470,374944_2772116716202_1287498935_n
10472,2015-wintershred-results
10473,wintershred
10475,2015-wfdf-world-overall-championships
10476,norrkoping
10479,2015-frisbeer-official-video
10482,frisbeer-logo
10485,2015-disc-design
10486,fpa-2015-3b_winner-modified
10488,jan-sorenson-rocks-demo-china
10491,2014-carnival-cultures-video
10493,cupid-disc
10507,fpa-world-championships
10529,10529
10509,screen-shot-2015-04-02-at-8-20-00-am
10520,2015-nw-beach-weekend
10510,jammers-world-gitis-day-2015
10517,afc_logo_final_rgb_lg
10525,lyle-crumbstorm
10522,beach-photo
10530,freestyle-paris
10531,freestyle-frisbee-russia
10532,jam-everywhere
10533,acrobatic-frisbee-team
10534,world-disc-jam-2008-2
10539,2015-bollenhut-freestyle-hat
10574,wizards
10575,flying-disc-truck
10576,relentless-freestyle
10542,2015-amsterjam
10545,alpenbrise
10547,2015-summer-edition-123-four-seasons-hat-tournament
10548,berlin
10550,2015-wfdf-world-overall-chapionships
10551,logo-2015-woc-01
10555,2015-sandslash
10556,ssandslasz-tlo-04-12-2014-c
10571,urban-disc-invasion
10572,freestyle-disc-football-world-championships-2011
10573,close-disc
10558,2015-butch-cassidy-cup
10559,header940
10561,2015-spiritcamp
10564,2015-wiesn-jam-oktoberfest
10566,2015-anziojam
10577,baltic-sunprayer-session-jamily
10578,paganello-2010-rai-sport-special
10568,2015-wfdf-world-overall-championships
10586,blake-herrschaft
10588,fpa-womens-rankings-update-may-2015
10579,freestyle-euro-style-episode-5-berlin
10580,acrobatic-frisbee-team-trebisonda-diretta-tv-rai-3
10581,liquidjam
10582,fpa-commercial-2006
10590,fpa-open-rankings-update-may-2015
10600,fpa_presentation
10601,fpa_presentation-2
10631,american-freestyle-championships-website-live
10634,congratulations-competitors-efc-2015-bologna
10637,afc_logo_final_rgb_lg-2
10641,bidding-fpaw-2017-efo-2016-afo-2016-open
10645,afo-efo-tournament-application
10646,fpa_tournament_application_2013
10649,wfdf-world-overall-championships
10651,123-4-seasons-special-summer-edition
10653,heidelberg-zzz-sights-jam-tour
10654,sportfestival-weekend-jams
10655,2015-beach-stylers
10656,beach-stylers
10657,beach-stylers-2
10658,fpa-open-rankings-update-june-2015
10660,fpa-womens-ranking-update-june-2015
10667,fpaw-karlsruhe-get-ready
10734,final-results-2015-fpa-world-championships
10672,fpa-competition-manual-appendix-june-2015
10673,fpa_competition_manual_appendix_06_2015-1
10674,guide-division-director
10675,work_of_a_category_director_2015
10676,fpa-diff-tapes-3-4-5-minute
10677,fpa_diff_tapes_2015
10684,wp_players
10685,fpa_tournament_application2
10688,2015-summit-sea
11177,mc4wp-form-preview
10692,import-20150619200238
10709,watch-fpa-world-championships-live-streaming-weekend
10710,10984268_782911741758726_7723714303402319654_n
11230,fpaw-registration-reminder-competitor-list
11231,fpaw-2016-disc-design
11225,13263791_10209399306240501_8163061536611898103_n
10726,manuale_freestyle
10727,inserto-aprile-2011_bozza_1
10728,manuale_freestyle-2
10729,manuale_freestyle-3
10731,manuale_freestyle-4
10732,1984-world-disc-games
10738,fpaw-2015-media-collection
10742,wfdf-2015-world-overall-championships-norrkoping-sweden-july-18-25
10743,woc2015_start
10746,woc2015_start-2
10748,woc2015_start-3
10750,fpa-womens-rankings-update-july-2015
10753,fpa-overall-rankings-update-july-2015
10757,wfdf-2015-world-championships-freestyle-results
10758,img_20150724_212943
10759,img_20150724_213706
10762,international-olympic-committee-grants-full-recognition-world-flying-disc-federation-wfdf
10764,2015-american-freestyle-championships-help-portland-weekend
10766,american-freestyle-championships-results-day-1
10771,final-results-2015-american-freestyle-championships
10773,fpa-open-rankings-update-august-2015
10776,fpa-womens-rankings-update-august-2015
10778,2016-fpa-disc-design-contest-begins-today
10779,dis_skystylerfpa15_white__58420-1426708015-1280-1280
10781,results-butch-cassidy-cup-2015
10783,2015-american-freestyle-championship-videos-now-online
10786,scoop-brush
10787,fpa-womens-rankings-update-september-2015
10790,fpa-open-rankings-update-september-2015
10793,2016-freestyle-frisbee-world-championships-coming-new-york-city
10795,fpa-elections-time-nominations
10799,fpa-header-image
10800,fpa-header-image2
10801,fpa-header-image2-2
10802,fpa-header-image-2
10803,fpa-open-ranking-update-october-2015
10805,fpa-header-image-3
10806,fpa-womens-ranking-update-october-2015
10808,disc-design-contest-5-days-left-submit
10810,anzio-jam-2-review-results
10811,12088122_1038161082916462_4039455338879708262_n
10818,dates-confirmed-lazzaroni-2015
10820,jam-britannia
10821,jam-brittania
10822,jam-brittania-2
10823,recap-results-beachstylers-2015
10824,ss_beachstylers_yel
10825,cropped-beachstylers_facebookbanner_21
10830,den-hallen-2016-hat-tournament
10831,idh2016-banner
10832,idh2016-banner-2
10833,lazzaroni-2015
10834,fpa-open-rankings-update-november-2015
10836,fpa-womens-ranking-update-november-2015
10839,check-high-energy-freestyle-compilation-dave-lewis
10842,notes
10847,fpa-bd-meeting-8-15-2015
10850,check-out-this-awesome-freestyle-video-compilation-by-dave-lewis
10851,anzio-jam-2-review-results-2
10852,american-freestyle-championships-results-from-day-1
10853,2014-carnival-of-cultures-video
10854,jan-sorenson-rocks-the-freestyle-disc-workshops-in-china
10855,2015-frisbeer-official-video-2
10856,jammers-on-the-net-the-buzz-from-colorado-by-jonathan
10857,congrats-2015-disc-design-contest-winner-dave-bolyard
10858,freestyle-frisbee-zb_green
10862,pavel-baranyk-breaks-world-record-consecutive-chest-rolls
10864,pavel-baranyk-breaks-world-record-for-most-consecutive-chest-rolls
10865,jam-britannia-rocked-review-results
10866,montage
10868,jam-britannia-rocked-it-review-results
10869,2015-jammy-awards-open-nominations
10870,12246633_506285429539198_6369058704860706982_n
10872,fpa-board-meeting-11-14-15
10879,european-freestyle-open-2016
10880,ultiworld-8-reasons-add-freestyle-ultimate-training
10881,ultiworld-logo-outline
10886,two-weeks-left-donate-2016-fpa-world-championships-indiegogo
10888,two-weeks-left-donate-to-the-2016-fpa-world-championships-indiegogo
10891,fpa-elections-candidate-statements-executive-director
10898,fpa-elections-candidate-statement-education-director
10903,fpa-elections-candidate-statement-marketing-director
10905,logo
10907,bbcs-premier-sports-presenter-covers-freestyle-frisbee-jambrittania
10909,bbcs-premier-sports-presenter-covers-freestyle-frisbee-jambrittania-2
10910,bbcs-premier-sports-presenter-covers-freestyle-frisbee-jambrittania-3
10916,proposed-changes-fpa-bylaws
10917,fpabylaws2015-final
10918,fpabylaws2015-final-2
10923,proposedrevised-fpabylaws2013
10925,fpa-2015-election-now-open
10932,results-fpa-elections
10935,fpa-womens-ranking-update-december-2015
10938,fpa-open-rankings-update-december-2015
10940,happy-new-year-thanks-memories
10941,endofyearfpa-2015
10945,frisbeer-cup-2016-10th-anniversary
10946,sandslash-2016
11287,fpa-womens-rankings-update-august-2016-pre-fpaw
10947,2016-us-open-flying-disc-championships
10948,fpa-freestyle-world-championship
10949,fpa_competition_manual_07_2014
10950,fpa_competition_manual_07_2014-2
10951,scoresheets_2-8
10952,pool-creator
10953,poolcreator-2-9
10954,german-freestyle-disc-championship-2016
10957,40th-annual-virginia-state-frisbee-championships
10958,jammers
10959,123-four-seasons-spring-edition
11180,fpa-womens-rankings-update-june-2016
10961,important-fpa-worlds-2016-announcement
10971,fpa-womens-rankings-update-january-2016
10975,fpa-open-rankings-update-january-2016
10977,fpa-womens-rankings-update-february-2016
10979,fpa-open-rankings-update-february-2016
10981,video-plastic-romance
10985,video-plastic-romance-2
10986,video-berlin-velo-jamming
11027,video-frisbeer-cup-2016
10989,frisbeer-cup-invitation
10991,frisbeer-cup-invitation-2
10992,frisbeer-cup-invitation-3
10993,fb-cover-f16-565715
10995,video-brighton-jam
10999,video-brighton-jam-2
11002,video-berlin-velo-jamming-2
11004,fpa-worlds-2016-definitive-dates
11011,paganello-freestyle-contest-2016
11012,video-jambritannia-2015-aftermovie
11014,video-jambritannia-2015-aftermovie-2
11017,potlach-2017
11018,jammers-20th-edition
11019,fpa-womens-rankings-update-march-2016
11021,fpa-open-rankings-update-march-2016
11024,amsterjam-2016
11025,jam-britannia-2016
11026,potlach-2016
11029,video-frisbeer-cup-2016-2
11032,anzio-jam-2016
11234,poolcreator-2-10
11235,scoresheets_2-13
11236,hall-of-fame
11237,fpa-womens-rankings-update-july-2016
11035,12916227_693297590773033_3139388696251142984_o
11036,freestyle-videos-march-2016
11037,video-icon
11039,freestyle-videos-of-march-2016
11042,frisbeefestival-logo-2016-300x93
11043,fpa-womens-rankings-update-april-2016
11045,fpa-open-rankings-update-april-2016
11048,video-stjp-phil-kruger-aka-german-pk
11050,video-stjp-phil-kruger-aka-german-pk-2
11051,pirates-picnic-freestyle-frisbee-weekend
11052,pirates-picknick-screen
11053,nw-beach-jam-weekend-2016
11054,judging-sheets-version-2-8
11055,scoresheets_2-8-2
11056,web-banners-500x500
11057,stjp-phil-kruger
11059,web-banners-500x5005-1
11060,web-banners-500x5004-1
11061,circles-sounds-frisbie-festival
11062,circles-of-sound-festival
11063,fpa_tournament_application-2016
11064,fpa_tournament_application_2016
11065,fpa_tournament_application_2016-2
11068,eye-ft-emma-kahle
11069,stjp-videos
11070,great-wall
11071,steps-feat-daniel-oneill
11072,court
11073,daniel-oneill
11074,central-park-bandshell-feat-james-wiseman
11075,alki-beach-park-feat-randy-silvey
11076,platform
11077,prenzlauer-berg-berlin-feat-mehrdad-hosseinian
11078,beach-series-feat-jake-gauthier
11079,west-coast-series-feat-dave-schiller
11080,beach-series-feat-dave-murphy
11081,sunrise
11082,sunset
11083,raphael-legrand-near-canal-saint-martin-paris
11084,west-coast-series-feat-dave-schiller-part-2
11085,beach-series-feat-dave-murphy-part-2
11086,west-coast-series-feat-bob-boulware
11087,beach-series-feat-larry-imperiale
11088,beach-series-feat-matt-gauthier-moonlight
11089,beach-series-feat-g-bros
11090,pat-marron
11091,berlin-germany-feat-philipp-kruger-aka-german-pk
11093,watch-european-championship-live
11095,efo16-logo
11099,freestyle-videos-april-2016
11105,freestyle-videos-of-april-2016
11109,fpa-womens-rankings-update-may-2016
11112,fpa-open-rankings-update-may-2016
11114,fpaw-ny-logo
11115,worlds-logo_slider
11116,the-jammers-logo
11117,video-stjp-pavel-baranyk
11119,video-stjp-pavel-baranyk-2
11120,fredericksburg-virginia-feat-pavel-baranyk
11123,1st-fpa-monthly-forum
11124,newsletter
11126,header-may-16
11128,monthly-forum-logo
11131,monthly-forum-logo-2
11242,usopen-logo
11241,harry-hall
11137,efo-2016-results-videos
11138,efo-2016-mixed-pairs-podium
11139,efo-2016-open-pairs-podium
11140,efo-2016-coop-podium
11247,freestyle-videos-june-2016
11248,freestyle-videos-of-june-2016
11249,fpaw-20-days-go
11250,fpaw-danie
11142,efo-2016-results-videos-2
11144,efo-2016-group-photo
11243,frisbeer-cup-2017
11244,fb-cover-f17-v2
11245,first-jam-canaria-2017
11246,jam-canaria
11146,beachstylers-2016
11147,minnesota-overall-flying-disc-championships
11148,freestyle-hall-fame-annoucement
11149,hallofame
11158,nbg-bridge-bash-hut-tournament-nurnberg-2016
11159,udine-frisbee-freestyle-contest
11160,sportfestival-weekend-munich
11161,123-four-seasons-summer-edition-2016
11163,fpa-news-june-2016
11164,500x500-fpa-news
11173,hof-logo-cerne-pozadi
11174,hof-logo-transparent
11183,fpa-open-rankings-update-june-2016
11238,fpa-open-rankings-update-july-2016
11186,freestyle-videos-may-2016
11189,freestyle-videos-of-may-2016
11193,gallery-world-gitis-day-2016
11194,13221296_10209917735966838_1791698279350368942_o
11195,13221734_10154319573254925_2935130979504384084_n
11196,13227288_1006607426055822_1230446592503606750_o
11197,13227525_1727470627538254_2854298011902709599_o
11198,13235113_1006607359389162_161919860886221053_o
11199,13235474_1032027703517018_8363558354925861516_o
11200,13235521_1032027660183689_5036378320626151954_o
11201,13243858_1032028033516985_8480086279531204496_o
11202,13243971_1032027666850355_4292106585233357967_o
11203,13248476_1006607512722480_1893346701614920122_o
11204,13248545_1006607496055815_6226451604743119081_o
11205,13248567_1032027700183685_8809679296650409516_o
11206,13254714_1006607379389160_2362601849103777261_o
11207,13254877_10209917725966588_4903653791444691370_o
11208,13268272_1006610389388859_4117327109543830486_o
11209,13268352_1006607432722488_8062332697205867845_o
11210,13268581_531623663710490_4708301642567061038_o
11211,13301373_10209396756456758_3428920560393106830_o
11212,13320530_10209396724655963_1723097735760424141_o
11215,wfdf-development-grants-program
11217,wfdf_logo
11218,wfdf_small-sqare
11219,more-fpaw-news
11233,sandslash-2016-2
11251,dan-stork
11252,dev-marini
11253,dough-corea
11254,erwin
11255,fredie-haft
11256,gail-mc
11257,grose
11258,irv-kalb-2
11259,jeff-balbe
11260,jens-vela
11261,jim-kenner-2
11262,jo-cahow-2
11263,joey-hudko
11264,john-kirkland-2
11265,john-z
11266,ken-westerfield-2
11267,kerry-kollmar-2
11268,krae-van
11269,laura-engel-2
11270,mikael
11271,richie
11272,victor
11273,fpa-hof_yellow
12231,new-hall-of-fame-top-players-website
11275,fpa-freestyle-world-championship-2016-preliminary-rounds
11276,michael-overacker
11278,fpa-worlds-live-stream
11279,fpa-worlds-live-stream-2
11281,fpaw-2016-results-photos-videos
11280,bill-mcintosh
11282,fpaw-2016-results-photos-and-videos
11283,fpaw-2016-results-photos-and-videos-2
11284,fpaw-2016-results-photos-and-videos-3
11285,wiesn-jam-oktoberfest-jam
11286,adriana-de-bedout
11288,fpa-open-rankings-update-august-2016-pre-fpaw
11289,fpaw-2016-results-photos-and-videos-4
11290,fpaw-2016-results-photos-and-videos-5
11291,fpaw-2016-results-photos-and-videos-6
11292,laurent-zed
11294,fpaw-2016-results-photos-and-videos-8
11293,fpaw-2016-results-photos-and-videos-7
11295,fpaw-2016-results-photos-and-videos-9
11296,wfdf-world-freestyle-overall-championship-2017
11297,fpa-survey-fpaw-2017-bibione-venue-competition
11298,survey
11299,fpa-venue-bibione-survey-results-sept-2016
11300,fpa-womens-rankings-update-september-2016-post-fpaw
11301,fpa-open-rankings-update-september-2016-post-fpaw
11302,summit-sea-2016
11303,123-4-seasons-hat-fall-edition-2016
11304,berlin-hat-fall-16
11467,20-years-frisbee-poland
11306,ilkas-dr-nozs-birthday-clash-cologne
11307,ilka-notzi-birthday-hat
11308,fpaw-2017-location-change
11309,udine-fpaw
11312,sandslash-2017
11313,sandslash-logo
11314,new-major-tournament-proposal-survey
11315,naim-megassabi
11316,zemonk-laurent
11362,500x500-fpa-bannery-2
11363,500x500-fpa-bannery
11320,fpa-womens-rankings-update-october-2016
11321,11321-2
11322,1610-rankings_detailed
11324,fpa-annual-disc-design-contest-announcement-2017
11325,jacksonville-beach-feat-pipo-lopez
11329,lazzaroni-2016-team-battle-edition
11330,lazzaroni-2016-team-battle-edition
11335,den-hallen-2017
11369,fpa_judging_manual_german_2016_06
11341,11341
11342,images-2
11367,fpaw16-group-2
11368,fpa-judging-manual-german
11345,fpa-board-directors-open-positions
11346,freestyle-videos-summer-2016
11365,fpaw16-group
11378,freestyle-videos-of-summer-2016
11370,idh2017-tv
11350,pj-callender
11352,amsterjam-2017
11353,new-membership-structure-wfdf-2017-info
11355,fpaw-2017
11356,alexander-enhuber
11357,fpa-womens-rankings-update-november-2016
11358,500x500-fpa-bannery-5
11359,500x500-fpa-bannery-4
11360,fpa-open-rankings-update-november-2016
11361,1611-rankings_detailed
11426,luca-sanso
11428,scoresheets_2-14
11429,fpa-tournament-grid
11430,fpa-tournament-grid_january-2017
11371,2017-disc-desing-winner
11372,fpa-news-short-follow
11373,2016-sommerhut-winners
11374,2016-sommerhut-winners-2
11375,fpaw-2016-results-photos-and-videos-10
11376,fpaw-2016-results-photos-and-videos-11
11377,freestyle-videos-fall-2016
11379,freestyle-videos-of-summer-2016-2
11381,freestyle-videos-of-fall-2016-2
11380,freestyle-videos-of-fall-2016
11382,freestyle-videos-of-fall-2016-3
11550,beljam-2017
11384,freestyle-videos-of-summer-2016-3
11385,freestyle-videos-of-summer-2016-4
11386,puerto-rico-winter-jam-2017
11387,jambritannia2
11388,1st-annual-fpa-holiday-auction-going-now
11389,bid1
11390,fpa-holiday-auction-part-2
11391,minis-3
11392,minis-for-auction-2
11393,minis-for-auction
11394,minis-for-auction-3
11395,minis-for-auction-2-2
11396,minis-for-auction-4
11397,minis-for-auction-2-3
11398,fpa-womens-rankings-update-december-2016
11399,fpa-open-rankings-update-december-2016
11400,1612-rankings_detailed
11401,123-4-seasons-hat-tournament-winter-2017
11402,jammys-2016
11403,fb-cover-jammys
11404,500x500-fpa-jammys
11405,board-of-directors
12745,kerry-dunning
11460,michaela-galloupe
11406,11406
11408,fpa-news-updates-december-2016
11409,tournament-grid-fpa-tourneys-current-jan-2017
11410,tournament-matrix
11549,beljam-2017
11413,gail-mccoll-passed-away
11414,gail-mccoll-rip
11415,winterhut-v3-01
11416,alex-zalkin
11417,fpa-website-content-team-wanted
11418,uncle_sam_pointing_finger
11419,uncle_sam_pointing_finger-2
11422,in-den-hallen-2017-113
11423,in-den-hallen-2017-winners
11420,fpa-board-meeting-notes-january-7th-2017
11421,election-grid
11424,in-den-hallen-2017-podium
11425,in-den-hallen-2017-podium-2
11431,fpa-rankings-explenation
11432,fpa-rankings-explained
11433,diff-mark-video-3min-hq
11434,3mindiffmarks
11435,4mindiffmarks
11436,5mindiffmarks
11437,diff-mark-video-4min-hq
11438,diff-mark-video-5min-hq
11439,diff-mark-videos-low-quality
11440,diff-mark-videos-lq
11441,jolan-canrinus
11442,thank-you
11443,american-freestyle-open-2017
11444,la-jolla-shores-feat-amy-schiller
11445,fpa-womens-rankings-update-january-2017
11446,fpa-open-rankings-update-january-2017
11447,1701-rankings_detailed
11448,michael-slaska
11449,stop-catching-leg
11450,noutl
11451,top-10-freestyle-frisbee-videos-2016
11452,top-10-freestyle-frisbee-videos-of-2016
11454,top-10-freestyle-frisbee-videos-of-2016-3
11453,top-10-freestyle-frisbee-videos-of-2016-2
11456,top-10-freestyle-frisbee-videos-of-2016-5
11455,top-10-freestyle-frisbee-videos-of-2016-4
11457,11457
11458,yuval-reikoren
11459,changes-within-fpa-board
11941,major-world-urban-games-update
11468,jam-britannia-2017
11469,jbiii-connery_poster-1
11470,jbiii-connery_poster-1-2
11471,11471
11472,ddc2017
11473,123-4-season-hat-tournament-spring-2017
11474,wiesn-jam-2017
11475,foghat-13
11476,winter-hat-group-ron
11477,winter-hat-group-ron-small
11478,german-freestyle-disc-championship-2017
11479,anzio-jam-2017
11480,anziojam3
11481,efo-2017
11482,ilkas-birthday-hat-tournament-2017
11483,123-4-season-hat-tournament-edition-summer-2017
11484,quest-black-fingernail-2017
11485,nbg-bridge-bash-hut-2017
11486,paganello-freestyle-challenge-2017
11487,virginia-states-2017
11488,italian-open-2017
11489,krakow-jam-2017
11491,shooting-frizbreeze-episode-1-feat-beast
11492,shooting-the-frisbreeze
11493,fpa-womens-rankings-update-february-2017
11494,fpa-open-rankings-update-february-2017
11495,1702-rankings_detailed
11547,images
11497,jammys-stories-2016
11498,15068396_1352676341431546_2147882795490188202_o
11499,15068396_1352676341431546_2147882795490188202_o-2
11500,jakub-jammy-b-ii
11501,coop-winners
11502,juliana
11503,the-jammys-stories-of-2016
11504,paula-willin-1_cropped
11505,manu-and-sascha
11506,the-jammys-stories-of-2016-2
11507,the-jammys-stories-of-2016-3
11508,11497-autosave-v1
11509,jake-and-chris
11510,pk_cropped
11511,oren-at-ilkas-hat
11512,ilka-pk-raphael-cropped
11513,beach-weekend
11514,beach-weekend-upraveno
11515,beach-weekend-upraveno-2
11516,us-open-champs
11517,us-open-champs-2
11518,us-open-champs-3
11519,pismo-beach
11520,palm-park-cropped
11521,frisbeer10-group-edited
11522,woc-2017-logo
11523,the-jammys-stories-of-2016-4
11524,the-jammys-stories-of-2016-5
11525,shootin-frizbreeze-episode-2-feat-ryan-young
11526,shootin-frizbreeze-episode-3-feat-ryan-young
11527,korhan-topaloglu
11528,paul-kruse
11529,munich-mash-2017
11530,munich-mash-2017
11531,munich-mash-2017-2
11532,fpa-womens-rankings-update-march-2017
11533,fpa-open-rankings-update-march-2017
11534,1703-rankings_detailed
11535,fpaw-2017-udine-news
11536,fpaw17-logo-square
11537,fpaw17-logo
11538,shootin-frizbreeze-episodes-4-5
11539,shootin-the-frizbreeze-episodes-4-and-5
11540,paganello-live-stream
11541,paga-17
11542,afo-logo
11543,amit-jauhari
11544,evan-mendas
11545,meera-nayar
11552,fpa-womens-rankings-update-april-2017
11553,fpa-open-rankings-update-april-2017
11554,1705-rankings-detailed
11555,1704-rankings-detailed
11556,fpa-womens-rankings-update-may-2017
11558,fpa-open-rankings-update-may-2017
11560,freestyle-history
11561,history-of-freestyle-disc
11625,edoardo-turri
11563,romy-sinha
11564,shootin-frizbreeze-episodes-6-15
11565,berlin-hat-spring-17
11566,big-freestyle-weekend-coming
11567,jammers-2017
11568,show-my-profile
11569,show-my-profile
11570,register-for-fpaw
11626,gerry-geare
11573,susan-mcelwain
11574,fpa-womens-rankings-update-may-2017-2
11575,fpa-open-rankings-update-june-2017
11576,1706-rankings-detailed
11580,frisbee-guru
11581,frisbee-guru-logo
11583,frisbee-guru-logo-add
11584,fpa-womens-rankings-update-july-2017
11585,1707-rankings-detailed
11586,fpa-womens-rankings-update-july-2017-2
11587,fpaw-last-call-register
11588,fpaw-music-teams-need-partner-list
11595,wfdf-live-stream-competition-info
11596,woc2017-logo-520-rgb
11591,fpa-web-banner
11592,fpa-web-banner-2
11593,fb-membership-1200x630
11594,fb-membership-fpa-web-banner
11597,fpa-womens-rankings-update-august-2017
11598,1708-rankings-detailed
11599,fpa-open-rankings-update-august-2017
11600,fpaw-2017-will-live-streamed
11601,vic-allen
11602,beachstylers-2017
11603,123-4-seasons-hat-tournament-edition-fall-2017
11604,32749906855_bd2a88f976_k
11605,berlin-fall-hat-uvodni-fotka
11606,fpaw-2018
11607,tfg-2018-logo_docasne
11608,frisbeer-cup-2018
11609,logo-zelene-velke
11610,fpaw-efo-bid-deadlines-open-fpa-board-positions-disc-design-contest
11612,amsterjam-2018
11613,capocotta-hat-tournament-2017
11614,the-jammers-2018
11615,michal-maciolek
11617,24a-copa-citta-di-milano
11618,24a-copa-citta-di-milano
11624,konrad-skorza
11619,create-players-profile
11620,players-profiles
11621,bianca-strunz
11627,francesco-santolin
11628,profile-search-result
11629,profile-result-scrap-profile
11630,dominik-rurek
11631,andrea-festi
11632,freddie-haft
11634,charles-logan
11636,kevin-fuller
11638,krisztian-farkas
11637,invitation-24a-copa-citta-di-milano
11639,fpa-womens-rankings-update-september-2017-post-fpaw
11640,1709-rankings-detailed
11641,fpa-open-rankings-update-september-2017-post-fpaw
11642,andrea-piemontese
11643,fpa-disc-design-contest-2017
11645,spotlight-web-add
11646,fpa-womens-rankings-update-october-2017
11649,1710-rankings-detailed
11648,fpa-open-rankings-update-october-2017
11650,2018-fpa-disc-design-winner
11651,fabian
11652,2018-fpa-disc-deital
11653,2018-disc-art
11654,efo-2018-held-berlin
11655,berlin-efo
11656,berlin-efo-2
11657,lazzaroni-2017
11658,lazzaroni-2017-2
11660,mattia-colombari
11661,fpa-board-election-competition-education-directors
11662,button_vote-now
11663,fpa-womens-rankings-update-november-2017
11664,1711-rankings-detailed
11665,fpa-open-rankings-update-november-2017
11666,new-fpa-board-members-2nd-annual-fpa-auction
11667,lazzaroni-2017-live-stream-1st-city-vs-city-online-battle
11668,seattlevsbologna
11669,lazzaroni17
11670,update-regarding-fpaw-2019
11671,seattle
11672,seattlefpaw
11673,support-temple-milano
11674,temple
11675,support-the-temple-in-milano
11676,11676
11677,idh2018-banner
11678,kompakt-overall-2018
11679,overall-frisbee-kompakt-overall
11680,german-freestyle-disc-championship-2018
11681,sandslash-2018-10th-edition
11682,fpa-womens-rankings-update-december-2017
11683,fpa-open-rankings-update-december-2017
11684,1712-rankings-detailed
11685,2017-year-review
11686,pk
11688,fpa-members
11689,11689
11690,renew-fpa-membership-2018
11691,fpa-memberships-2007-2017
11692,fpa-memberships-in-2017
11693,button_get-or-renew-fpa-membership
11695,rickaroons-add
11696,alex-afek
11697,emilia-zoila-hermana
11698,11698
11699,fico-frisbee-italian-championship-open
11700,123-four-seasons-hat-tournament-winter-edition-2018
11701,fpa-womens-rankings-update-january-2018
11702,fpa-open-rankings-update-january-2018
11703,1801-rankings-detailed
11704,capocotta-hat-tournament
11705,fpaw-2019-held-seattle
11706,seattlefpaw-approved
11707,freestyle-disc-hall-fame-nomination
11735,fb-cover-trnava18-large
11957,fpaw-2020-to-be-held-in-israel
11708,beljam-2018
11709,angelo-trevino
11710,fico-italian-championship
11711,ilkas-grafs-birthday-hat
11712,munich-mash-2018
11713,jam-britannia-2018
11714,jammy-b-2018
11715,frisbeer-cup-2019
11716,fpa-womens-rankings-update-february-2018
11717,fpa-open-rankings-update-february-2018
11718,1802-rankings-detailed
11719,fpa-womens-rankings-update-march-2018
11720,fpa-open-rankings-update-march-2018
11721,1803-rankings-detailed
11722,israeli-freestyle-frisbee-championship-2018
11723,israeli-ff-champs-2018
11724,israeli-ff-champs-2018-2
11725,european-freestyle-open-2018
11726,efo-fb-banner
11727,efo-fb-banner-png
11728,dial-judging-system-follow
11729,dial-system-feedback-after-frisbeer-facebook-and-email
11730,dial-judging-system-feedback-questionnaire
11731,fpa-womens-rankings-update-april-2018
11732,fpa-open-rankings-update-april-2018
11733,1804-rankings-detailed
11736,fpa-web-slide
11738,register-fpaw-2018
11739,download-try-dial-judging-system
11740,setting-up-the-dial-judging-system
11741,dial
11742,jam-or-die-freestyle-frisbee-contest
11744,summit-sea-2018-5th-edition
11746,2018-jammers-review
11748,joey-daniel
11749,joey-daniel-jammers
11750,fpa-womens-rankings-update-may-2018
11751,fpa-open-rankings-update-may-2018
11752,1806-rankings-detailed
11753,1805-rankings-detailed
11754,fpa-womens-rankings-update-june-2018
11755,fpa-open-rankings-update-june-2018
11756,dima-pcholkin
11757,coppa-citta-di-milano-2018-25th-edition
11759,beachstylers-2018
11761,johnny-trevino
11762,james-roberto
11763,fpa-womens-rankings-update-july-2018
11764,fpa-open-rankings-update-july-2018
11765,1807-rankings-detailed
11767,fpa-womens-rankings-update-august-2018
11768,fpa-open-rankings-update-august-2018
11769,1808-rankings-detailed
11770,kim-larkin
11771,wiesn-jam-2018-oktoberfest-tournament
11772,amsterjam-2019
11773,coppa-citta-25
11774,israels-5th-kova-hat
11776,new-judging-proposal-membership-vote-forthcoming
11777,new_judging-internet-model
11778,new_judging-lan-model
11779,33435879126_3ab55599d7_z
11784,beachstylers-fb-cover
11785,kompakt-overall-bielefeld-2019
11787,fpa-womens-rankings-update-september-2018
11789,1809-rankings-detailed
11790,fpa-open-rankings-update-september-2018
11792,fpa-disc-design-contest-2019
11793,fpa-logo-assets-2016-version-update-by-mystiq
11794,2018_white
11795,2018_yellow
11796,2014_blue
11797,2015_white
11798,2016_white
11799,2016_yellow
11800,2017_white
11801,2018_orange
11802,2014_blue-2
11803,2014_blue-3
11804,2014_blue-4
11805,2018_yellow-2
11806,2015_white-2
11807,2016_white-2
11808,2016_yellow-2
11809,2017_white-2
11810,2018_orange-2
11811,2018_white-2
11815,fpa-elections-executive-director
11827,bid-sign
11828,bid-sign-2
11829,bid-png
11830,fpa-partners-with-xdisc
11831,image
11834,xdisc
11835,xdisc-add
11836,the-jammers-2019
11837,pablo-jammers-art
11838,pablo-jammers-art-2
11839,pablo-jammers-art-2-2
11840,101018-fpa-xdisc-logo-example-blue-4
11841,topics
11842,new-topic
11843,log-in
11937,benjamin-edelmann
11845,discussion
11846,new-judging-tool
11847,freestyle-disc-promotion-worldwide-share-your-experience-about-spreading-the-jam
11848,forums
11849,members
11850,recent-posts
11851,my-profile
11852,account
11853,activity
11854,subscriptions
11855,register
11856,login
11857,logout-2
11858,community
11860,fpa-logo
11861,fpa-logo-assets
11862,fpa-elections-candidates-statements
11863,riccardo-montanari
11865,german-freestyle-disc-championship-2019
11866,freiburg-german-champs-2019
11867,golden-gate-shred-2018
11868,golden-gate-shred-2018
11869,123-four-seasons-hat-tournament-fall-edition-2018
11870,berlin-fall-hat-2018
11871,berlin-fall-hat-2018-small
11872,holyjam-2019
11873,2019-world-overall-flying-disc-championships
11874,wfdf-2019-png
11875,va-states-2019-overall-tournament
11876,paganello-2019
11877,paga-2019
11878,fpa-womens-rankings-update-october-2018
11879,1810-rankings-detailed
11880,fpa-open-rankings-update-october-2018
11881,in-den-hallen-2019
11882,in-den-hallen-2019
11886,israels-freestyle-frisbee-kova-6-hat-tournament
11887,kova-hat-fall-18
11888,paul-kenny-re-elected-as-executive-director-of-the-fpa
11889,pk-ed
11890,world-urban-games-update
11891,world-urban-games
11892,world-urban-games-2
11893,world-urban-games_smaller
11894,fpa-womens-rankings-update-november-2018
11895,1811-rankings-detailed
11896,fpa-open-rankings-update-november-2018
11898,fpa-annual-auction-is-on
11899,cedric-stevens
11900,viking-jam
11901,holyjam2019_cover_hq-ayal
11902,anzio-jam-6
11903,world-urban-games-2019
11904,fpaw-2019
11905,cranbury-jam-3
11906,trnava-frisbee-games-2019
11907,fpa-womens-rankings-update-december-2018
11908,1812-rankings-detailed
11909,fpa-open-rankings-update-december-2018
11910,city-versus-city-new-york-vs-medellin-online-competition
11911,cityvscity
11913,city-versus-city-berlin-vs-bologna-online-competition
11914,city-versus-city-2019-finals-online-competition
11915,123-four-season-berlin-hat-edition-winter-2019
11916,winter-hat-2019
11917,city-vs-city-2019-online-competition
11918,fpaw-2019-date-location-confirmed
11919,fpaw2019
11921,renew-your-membership-group-membership-announcement
11922,500x500-fpa-membership
11923,bibione-beach-challenge-2019
11924,bibione-challenge
11925,bibione-challenge_png
11926,italian-freestyle-open-2019
11927,introducing-fpa-discs-for-2019
11928,discraft-g-wbw
11929,discraft-g-wbw-2
11930,discraft-or-wwhtdkbmet
11931,discraft-w-wltbdkb
11932,design-02-bis
11933,design-02-bis-2
11934,kevin-fuller_homage2marini-4colordiscs
11935,kevin-fuller_homage2marini-4colordiscs-2
11946,new-judging-system-pre-frisbeer-update
11956,sunslash-sandset
11955,sunslash-sandrise
11951,world-urban-games-move-to-budapest
11952,chain-bridge-1600x850
11953,wug-budapest
11958,tel-aviv-by-ron
11959,53871643_2027309143985515_1948986206792450048_o
11960,tel-aviv-by-ron2
11961,holy-jam-group-by-ron
11962,holy-jam-group-by-ron-2
11963,tel-aviv-by-ron2-2
11965,fpa-womens-rankings-update-january-2019
11966,1901-rankings-detailed
11967,1902-rankings-detailed
11968,fpa-open-rankings-update-january-2019
11970,list-of-fpa-executive-directors
11971,fpa-womens-rankings-update-february-2019
12066,amsterjam-2020
11972,fpa-open-rankings-update-february-2019
11974,spreading-the-jam-in-kenya-africa
11975,img_9704
11976,img_1069
11977,img_1433
11978,img_1450
11979,img_1465
11980,img_1482
11981,img_9668
11982,img_9676
11983,fpa-womens-rankings-update-march-2019
11984,1903-rankings-detailed
11987,2020-judging-system-post-frisbeer-holyjam-update
11988,46699262354_a2302b4f26_z
11992,123-4-seasons-spring-hat-tournament
11993,hat-spring-2019
11995,events-calendar
11996,ilkas-birthday-hat
11997,fpa-2020-judging-system-update
11986,fpa-open-rankings-update-march-2019
11998,fpaw-2019-venue-change
11999,fpaw-seattle-new-venue-map
12000,fpaw-seattle-new-venue-map-2
12001,fpaw-venue-photo
12002,spread-the-jam-on-the-beach-in-africa
12003,african-beach-games-logo
12004,african-beach-games-banner-png
12005,introducing-stj-crew-for-african-beach-games
12007,beach-stylers-2019
12008,beachstylers-2019
12009,beachstylers-2019_1
12010,26-coppa-citta-di-milano
12011,munich-mash-2019
12012,munich-mash-2019
12013,munich-mash-2019-2
12014,teams-for-world-urban-games-selected
12015,fpa-womens-rankings-update-april-2019
12016,1905-rankings-detailed
12017,1906-rankings-detailed
12018,1904-rankings-detailed
12019,fpa-open-rankings-update-april-2019
12020,fpa-womens-rankings-update-may-2019
12021,fpa-open-rankings-update-may-2019
12022,fpa-womens-rankings-update-june-2019
12023,fpa-open-rankings-update-june-2019
12025,israeli-kova-8-hat-tournament-spring-edition-2019
12026,african-beach-games-daily-recaps
12027,african-beach-games-spread-the-jam-3
12028,african-beach-games-spread-the-jam-4
12029,african-beach-games-spread-the-jam-5
12030,african-beach-games-spread-the-jam-6
12031,african-beach-games-spread-the-jam-7
12032,african-beach-games-spread-the-jam-8
12033,african-beach-games-spread-the-jam-9
12034,african-beach-games-spread-the-jam-10
12035,african-beach-games-spread-the-jam-11
12036,african-beach-games-spread-the-jam-12
12037,african-beach-games-spread-the-jam-1
12038,african-beach-games-spread-the-jam-2
12039,african-beach-games-spread-the-jam-11-2
12040,african-beach-games-spread-the-jam-12-2
12041,african-beach-games-spread-the-jam-12-3
12042,african-beach-games-spread-the-jam-1-2
12043,african-beach-games-spread-the-jam-2-2
12044,african-beach-games-spread-the-jam-3-2
12045,african-beach-games-spread-the-jam-4-2
12046,african-beach-games-spread-the-jam-5-2
12047,african-beach-games-spread-the-jam-6-2
12048,african-beach-games-spread-the-jam-7-2
12049,african-beach-games-spread-the-jam-8-2
12050,african-beach-games-spread-the-jam-9-2
12051,african-beach-games-spread-the-jam-10-2
12052,african-beach-games-spread-the-jam-11-3
12053,ayalbenin_sal20190615_123506
12054,african-beach-games-spread-the-jam-4-3
12055,african-beach-games-final-recap
12056,african-beach-games-spread-the-jam-12-thumb
12057,123-four-seasons-hat-tournament-summer-edition-2019
12058,hat-summer-cover-picture
12059,waiver-and-release-of-liability
12060,competition-release-form
12063,spread-the-jam-in-africa-video-recap
12064,stjp-africa-video
12065,spread-the-jam-in-africa-video-recap-2
12067,frisbeer-cup-2020
12068,fb-cover-f20
12069,wiesn-jam-2019-oktoberfest-tournament
12070,weisnjam-2019
12071,sheep-meadow-guerilla-hat
12072,sunslash-2
12073,ny-guerilla-hat-19
12074,jam-britannia-2019
12075,request-for-board-members
12076,election
12077,efo-2020-and-fpaw-2021-bids
12078,fpaw-efo
12079,fpa-open-rankings-update-july-2019
12091,1910-rankings-detailed2
12081,1907-rankings-detailed
12082,1908-rankings-detailed
12083,1909-rankings-detailed
12084,fpa-womens-rankings-update-july-2019
12085,fpa-open-rankings-update-august-2019
12086,fpa-womens-rankings-update-august-2019
12087,fpa-open-rankings-update-september-2019
12088,fpa-womens-rankings-update-september-2019
12089,fpa-open-rankings-update-october-2019
12090,fpa-womens-rankings-update-october-2019
12092,linda-west
12182,pak-kan-shai
12095,beljam-2019
12096,jammers-2020
12097,disc-days-cologne-2020
12099,ilkas-birthday-hat-2020
12100,in-den-hallen-2020
12101,in-den-hallen-2020
12102,sandslash-2020
12103,your-jam-is-waiting-hat-2020
12105,once-in-a-life-time-midnight-sun-beach-jam
12106,fpaw-2020
12107,fpaw20tlv_fb-image_1200x630
12108,fpaw20tlv_insta_1080x1080
12115,torneo-juntos-es-mejor-freestyle-frisbee-2020
12109,freestyle-development-event-wfdf-world-ultimate-and-guts-championships
12110,freestyle-development-event-tafisa-world-sport-for-all-games
12111,unnamed
12112,fpaw20tlv_fb-image_1200x630-2
12113,fpaw20tlv_fb-image_1200x630-3
12114,fpaw-tlv
12116,medellin-tourney
12117,anzio-spring-jam-tbc
12118,us-open-overall-flying-disc-championships
12119,efo-2020-trnava-frisbee-games-tentative-date
12120,anzio-jam-7
12123,fpa-open-rankings-update-november-2019
12124,1912-rankings-detailed
12125,1911-rankings-detailed
12126,fpa-womens-rankings-update-november-2019
12127,efo-2020-fpaw-2021-locations-selected
12128,wfg-2018-trnava-sl
12129,fpaw-2018-group-photo-throw_thumb
12130,efo-2020-fpaw-2021-locations-selected-2
12131,efo-2020-fpaw-2021-locations-selected-3
12132,efo-2020-fpaw-2021-locations-selected-4
12133,efo-2020-fpaw-2021-locations-selected-5
12134,marketing-director-treasurer
12135,daniel
12136,daniel_1
12184,an-almost-mid-year-fpa-thank-you-short-list
12138,fpa-open-rankings-update-december-2019
12139,fpa-womens-rankings-update-december-2019
12140,italian-freestyle-open-2020
12141,44th-va-states
12142,trento-frisbee-festival
12143,jam-britannia-2020
12144,123-four-seasons-hat-tournament-winter-edition-2020
12145,join-the-fpa-in-2020
12146,sky-styler-colors-3
12147,2020-fpa-discs
12148,2020-fpa-discs-2
12149,peace-disc
12150,facebook_1517053211323
12151,_2020-fpa-discs
12152,2020-skystylers
12153,27-coppa-citta-di-milano
12154,richard-murray
12155,jamvention-freiburg
12156,fpa-open-rankings-update-january-2020
12157,2001-rankings-detailed
12158,fpa-womens-rankings-update-january-2020
12159,rock-houseman
12160,jose-carlos-fita
12183,c-enrique-ortiz
12162,vicenza-frisbeat
12164,sunbreak-2020
12165,cranbury-jam-4
12166,jackson-lukas
12167,judging-committee-survey
12168,survey-image
12169,2020-events-cancellations-and-postponements
12170,cancelled
12171,fpa-open-rankings-update-february-2020
12172,2002-rankings-detailed
12173,2003-rankings-detailed
12174,fpa-womens-rankings-update-february-2020
12175,fpa-open-rankings-update-march-2020
12176,fpa-womens-rankings-update-march-2020
12177,diego-alejandro-pardo-rodriguez
12178,kelsey-hedrick
12185,an-almost-mid-year-fpa-thank-you-short-list-2
12186,freestyle-frisbee-womens-global-covid-co-op
12187,freestyle-frisbee-womens-global-covid-co-op-2
12188,fpa-records
12189,xddisc-logo-new
12190,xdisc-new-add
12193,fpa-all-hands-meeting
12194,fpa-all-hands-presentation-2020-at-tiny-2-translation
12195,fpa-all-hands-meeting-2
12201,12201
12202,andrzej-testowy
12233,1983-world-disc-championships
12228,ray-terry
12225,gabriela-sadziak
12207,fpa-elections-competition-education-director
12208,1984-fpa-freestyle-frisbee-world-championships
12209,1984-world-disc-games-freestyle-frisbee-championships
12211,b7212b3f18fb4ce2998e93f3d0522812
12212,1988-fpa-freestyle-frisbee-world-championships
12213,1989-us-open-freestyle-frisbee-championships-la-mirada
12215,1991-wfdf-world-freestyle-frisbee-championships
12216,1991-fpa-world-freestyle-frisbee-championships
12217,spread-the-jam-grant-application
12218,spread-the-jam-application_2020
12219,spread-the-jam-application_2020-2
12220,fpa-elections-vote-now
12221,fpa-special-collection
12222,wrightlife-com
12223,shop-in-europe
12230,hall-of-fame-top-players
12232,hof-article
12281,where-is-the-jam
12254,xdisc-and-daniel-oneill-announce-endorsement-deal
12236,1984-worlds-indoors
12237,1984-us-open-frisbee-championships
12238,1985-us-open-frisbee-championships
12239,1986-fpa-world-freestyle-frisbee-championships
12240,1986-world-indoor-freestyle-frisbee-championships
12241,1986-us-open-frisbee-championships
12242,1988-us-open
12243,1989-fpa-freestyle-frisbee-world-championships
12244,benjamin-myerson
12245,2013-fpa-world-freestyle-frisbee-championships
12246,2013-fpa-world-freestyle-frisbee-championships-2
12247,jeff-obrien
12248,2009-fpa-world-freestyle-frisbee-championships
12249,tiny-room-battle-3-all-you-need-to-know
12250,tr3-concept
12251,join-fpa-in-2021
12252,fpaw-in-israel-postponed-to-2022
12253,postoned
12255,daniel-xdiscs
12256,daniel-xdiscs-2
12257,screen-shot-2021-03-03-at-12-24-55-pm
12258,xdisc-logo-new
12259,fpa-logo-new_transparent
12280,new-way-to-find-your-jam
12261,support-and-visit-the-frisbee-temple-in-milano
12262,temple-2
12263,support-and-visit-the-frisbee-temple-in-milano-2
12264,support-the-frisbee-temple
12266,cranbury-jam-5
12279,fpa-state-of-the-union-summer-2021-2
12268,fpa-board-position-descriptions
12269,salawu-mumini
12270,kova-10-israjammers-hat-spring-edition
12271,primer-campeonato-mexicano-de-freestyle-rumbo-al-mictlan
12273,sandslash-debki-2021
12274,stephen-cobb
12275,alexander-voigt
12276,amsterjam-2021
12277,amsterjam-2022-20th-anniversary
12278,fpa-state-of-the-union-summer-2021
12283,123-four-seasons-hat-tournament-summer-edition-2021
12285,find-your-jam
12288,efo-is-a-no-go-in-2021
12289,frisbeer-cup-2022
12291,6f2fa1dc49b9c06f3aad8176d810dbfc
12292,fpa-board-president-election-statement-2021
12307,hadar-josef-stadium
12308,2022-fpaw-in-israel-dates-and-sites-confirmed-2
12317,anzio-jam-8
12318,anzio-jam
12319,28d8f8294e2ceeef885ea5534e6a27c7
12320,alessandro-tamassia
12321,membership-vote-for-bylaw-change-regarding-fpa-board-reorganization
12298,246bb665afef7eb37649d19d73271ea9
12301,test
12302,test-by-amit
12303,f29bd9db8df44c9b700c33abd0595a98
12304,fc00c81d23ef2d4bcb37493521532cbd
12305,a6208ddfca9dca91f9da096b66047510
12306,2022-fpaw-in-israel-dates-and-sites-confirmed
12311,gran-jam-21
12312,gran-jam
12313,jam-diego
12314,241336724_10226407574324966_6110144626310780444_n
12315,golden-gate-shred-2021
12316,golden-gate-shred
12324,fpa-bylaws-november-2021-revision-final
12325,fpa-bylaws-with-highlighted-revisions
12327,freddys-and-edos-presentation
12328,fpa-board-2021-pds-3-positions-only-running-president-vp-and-membership
12331,ii-mosquito-hat-tournament
12332,29-coppa-citta-di-milano
12333,by-law-revision-approved-nominations-requested-for-president-vice-president-and-membership-director
12334,fpa-bylaws-november-2021-revision-final-2
12335,fpa-board-2021-pds-3-positions-only-running-president-vp-and-membership-2
12336,ozzy-cohenabramson
12337,nominations-for-president-vice-president-and-membership-director-closed-vote-now
12338,image-2
12339,image-1
12340,3cd15856a890e62504c3a98d4469c1e6
12342,junior-indie-freestyle-disc-championships
12343,indie-champs
12344,indie-champs-2
12345,israeli-freestyle-championship-2021
12347,add-events
12349,a-thank-you-from-outgoing-fpa-president-paul-kenny
12353,test-2
12424,spencer-hovel
12360,thank-you
12361,pic-together
12365,gran-jam-22
12747,anti-discrimination-update
12350,pk-mugshot
12370,rankings-new
12371,jamvention-2-0
12372,fpa-worlds-2022-tel-aviv
12408,paganello-freestyle-challenge
12409,anzio-spring-jam
12410,anzio-jam-9
12411,503a3f2b55201285e66948f7b74963c6
12412,6201a565ea4a7bca4fdaf5b05bbbdeaf
12413,0e18b333a07c486014fcecacd7019ea7
12414,52c49265d4e332dbc3691e14a2f29423
12415,d481a1631ba622bfc2251723b47d5433
12416,d79fff9ac71b27518d46caa5647d5673
12373,271764713_475438774009525_6271475233441378113_n
12374,the-jam-formerly-the-jammers
12379,fpaw22-attendance-survey
12380,schermata-2022-01-28-alle-14-17-33
12382,schermata-2022-01-28-alle-141733-1
12383,schermata-2022-01-28-alle-141733
12384,fpaw-22-attendance-square
12385,munich-mash
12386,updates-on-ranking-and-judging-system
12427,fpaw-2023-bid-is-open
12390,fpaw22-location-changed-to-milan-italy
12391,fpaw-cancel-vertical
12392,fpaw-cancel-2
12394,unite-for-peace
12395,275236066_508769624010660_4930183487792237088_n
12397,welcome-new-members-of-the-fpa-board
12398,char
12399,james
12401,mateusz-gajewski
12402,logo-frisbee-temple-2020-vettoriale-sfondo-bianco
12403,schermata-2022-03-10-alle-120708
12404,brett-schramek
12405,schermata-2022-03-12-alle-12-17-33
12406,schermata-2022-03-12-alle-121733
12417,cf3818c4b72abb41915083f8600dddff
12418,0e9d78b7ef604487d9ca867f544deac4
12419,e90d80991b96894374f2130d80f869a0
12432,logo-fpaw-06
12431,registration-for-fpaw22-in-milan-is-open
12434,the-updated-judging-manual-is-ready
12804,283b70f7d9630b93987456ac32715cf9
12805,dave-kuettner
12806,toronto-summer-jam
12807,f8208e811b5cfbf6835664a242943bab
12435,fpa_competition_manual_appendix_04_08_2022
12437,marco-tomasini
12438,fpa_competition_manual_appendix_04_08_2022_new_progression
12436,fpa_competition_manual_appendix_04_08_2022-1
12439,fpa_competition_manual_appendix_04_08_2022_new_progression-2
12440,fpa_competition_manual_appendix_04_08_2022_new_progression-1
12443,fred-lauterslager
12490,freestyle-disc-hall-of-fame-induction-ceremony-for-the-2020-2022-classes-by-paul-kenny
12447,69-autosave-v1
12450,chestroll
12449,10132-autosave-v1
12451,ranking-news-22
12453,fpaw-22-live-streaming
12455,fpaw22
12456,fpaw22-767x573-1
12458,fpaw22-schedule
12459,fpaw22-results
12460,women
12461,women-1
12462,open
12463,5dd08b74-9431-4eb8-9e5d-444cddffe55d
12464,6ebbfcf2-2d09-45d2-b326-c0ddb4279501
12465,9d7a5d85-adf4-4cd8-9093-92313e0c7b3e
12466,230da385-556c-4375-a528-109b08d1dfac
12467,90948f00-5ff1-4700-aab5-e3912f93f8f0
12468,9d7a5d85-adf4-4cd8-9093-92313e0c7b3e-1
12469,230da385-556c-4375-a528-109b08d1dfac-1
12470,5dd08b74-9431-4eb8-9e5d-444cddffe55d-1
12471,90948f00-5ff1-4700-aab5-e3912f93f8f0-1
12472,6ebbfcf2-2d09-45d2-b326-c0ddb4279501-1
12473,5dd08b74-9431-4eb8-9e5d-444cddffe55d-2
12474,fpaworlds2022-chris_b0366
12475,fpaworlds2022-chris_b0388
12476,5dd08b74-9431-4eb8-9e5d-444cddffe55d-3
12477,9d7a5d85-adf4-4cd8-9093-92313e0c7b3e-2
12478,230da385-556c-4375-a528-109b08d1dfac-2
12479,90948f00-5ff1-4700-aab5-e3912f93f8f0-2
12483,jam-britannia-6
12480,fpaworlds2022-chris_b0388-2
12481,fpaworlds2022-chris_b0366-2
12482,open-2
12484,gran-jam-2022
12485,frisbeer-cup-2023
12487,img_4574
12488,123four-season-hat-tournent-autumn-edition
12491,schermata-2022-10-18-alle-22-16-45
12492,schermata-2022-10-18-alle-22-16-45-1
12493,schermata-2022-10-18-alle-22-16-45-2
12494,schermata-2022-10-18-alle-22-17-40
12495,schermata-2022-10-18-alle-22-18-13
12496,schermata-2022-10-18-alle-22-19-14
12503,dsc_6411-2-1
12497,schermata-2022-10-18-alle-22-17-40-1
12498,dsc_6266-2
12499,dsc_6266-2-1
12500,image-of-doug-by-stork-wife
12501,dsc_6411-2
12502,dsc_6266-2-2
12505,open-positions-on-the-fpa-board
12526,fpa-hof-2022-minis-8-2
12506,schermata-2022-10-18-alle-23-29-17
12507,fpa-hof-2022-minis-11
12508,fpa-hof-2022-minis-10
12509,fpa-hof-2022-minis-9
12510,fpa-hof-2022-minis-8
12511,fpa-hof-2022-minis-7
12512,fpa-hof-2022-minis-6
12513,fpa-hof-2022-minis-8-1
12514,fpa-hof-2022-minis-7-1
12515,fpa-hof-2022-minis-1
12516,fpa-hof-2022-minis-3
12517,fpa-hof-2022-minis-4
12518,fpa-hof-2022-minis-2
12519,fpa-hof-2022-minis-5
12520,fpa-hof-2022-minis-6-1
12521,fpa-hof-2022-minis-5-1
12522,fpa-hof-2022-minis-4-1
12523,fpa-hof-2022-minis-3-1
12524,fpa-hof-2022-minis-2-1
12525,fpa-hof-2022-minis-1-1
12527,fpa-hof-2022-minis-7-2
12528,fpa-hof-2022-minis-6-2
12529,fpa-hof-2022-minis-5-2
12530,fpa-hof-2022-minis-4-2
12531,fpa-hof-2022-minis-3-2
12532,fpa-hof-2022-minis-2-2
12533,fpa-hof-2022-minis-1-2
12641,flower
12642,parrot
12643,the-saw
12647,thumbnail_bonsai-fpa-2023-1
12648,thumbnail_brushdelay-2023-1
12670,fpa_competition_manual_appendix_04_08_2022_new_progression-1-2
12644,art-white
12645,art-yellow
12646,art-orange
12563,1709-fpa20-1a__42975
12564,1804-fpa19-wa__75065
12565,styler_fpa12b__58425
12640,disc-design-2023-01-raphael-1
12571,fundraiser
12572,323028608_5600863270010845_5021258400151960613_n
12573,paypal-donate-button-high-quality-png
12658,andre-zahria-4
12659,andre-zahria-5
12660,andre-zahria-6
12663,new-it-director-2
12680,fpa-disc-design-winner
12673,fpa_competition_manual_appendix_04_08_2022_new_progression-1-1
12620,oktoberfest-tournament-wiesn-jam
12621,munich-mash-2
12718,women-2
12623,fpaw23-in-medellin-is-coming
12624,medellin-jammers-logo
12625,fpa-world-championships-2
12657,andre-zahria-3
12535,fpa-hof-2022-minis-9-1
12637,the-hand-1
12638,bonsai
12639,disc-design-2023-02-raphael-1
12654,andre-zahria-1
12544,1st-twin-city-warsaw-berlin-jam-conference
12549,4e98fddf96d1e98a0a044abcd89776f0
12551,fpa-board-member-elections-results
12552,the-jam
12555,juntos-es-mejor-3
12556,123-four-seasons-hat-tournament-winter-edition-2023
12667,whatsapp-image-2023-03-06-at-164838
12559,12379-autosave-v1
12561,fpa-disc-design-contest-2022
12628,marty-akes
12593,the-2022-year-end-rankings-and-brand-new-lifetime-ratings-are-out
12596,player-rankings
12652,andre-zahria
12614,magnus-petersen
12615,viking-jam-2023
12616,amsterjam-2023
12630,fpa-disc-design-contest-2023-submissions
12618,join-the-fpa-or-renew-for-2023
12661,new-it-director
12656,andre-zahria-2
12606,005cfa700aee8bc0872962ce94a628a6
12607,6e17a1c3e7a9f965cb03c770d012dcf5
12608,yjiw
12610,brian-hayes
12612,german-open-2023
12743,freestyle-flying-disc-hall-of-fame-2023-2024-nomination
12717,fpaw23-results
12757,copia-di-fpa
12758,schermata-2023-12-07-alle-16-24-35
12633,the-hand
12681,1-all-colors
12634,flamingitis
12635,signs
12636,thumbnail_brushdelay-2022
12666,application-to-be-a-new-champion
12651,new-it-director-andre-zaharias
12682,orange-disc
12683,white-disc
12684,yellow-disc
12675,fpa_competition_manual_appendix_04_08_2022_new_progression-1-2-2
12685,fb-bids24-1200x1200
12677,fpa_competition_manual_appendix_04_08_2022_new_progression-1-3
12678,bids-open-for-fpaw-afo-efo-2024
12687,12678-autosave-v1
12690,50d0ffd41258f4833c73a98df1ce326f
12692,the-jam-session-munich
12693,nync-winners
12694,new-y-new-c
12697,spread-the-jam-grant-application
12698,fabio-stjg
12699,3ca6f8f3aa05219e2e47a98fead151bc
12700,f2697ebae6ebd04796e3598884dc425a
12701,up
12702,spread-the-jam-grant-application-2
12703,gran-jam-24
12704,unnamed-2
12705,unnamed-3
12706,frisbeer-cup-2024
12707,f24-fb-post2
12708,trentino-mountain-jam
12709,1234-seasons-berlin-hat-tournament-summer-edition
12710,d9e61265dca6ee9b71a3f1c6f8627ee3
12711,8ae6e46e17ea5a61d70b2c62c954bcf4
12712,cbc55283aa535ca60f3e41bb3705a009
12713,3447187f40948ce7bd9de66aeddcab54
12714,yogi-ledbetter
12715,the-7th-annual-cranbury-jam
12719,open-pairs
12720,mixed-pairs
12721,open-coop
12723,mixed-pairs-1
12722,open-pairs-1
12724,open-coop-1
12725,medellin
12726,image0
12727,image0-1
12734,fpaw24-in-warsaw-dates-spot
12732,twin-city-hat-tournament-warsaw-berlin
12730,open-positions-on-the-fpa-board-competition-education
12735,fpaw2024-map-warsaw
12736,fpaw2024-map-event
12737,warsaw
12750,bids-open-for-fpaw-afo-efo-2025
12740,majka-kuczynska
12741,teaser
12744,fdhof-nomination-form-2024
12748,fpa-2
12751,fpa-1
12753,fpa-2-2
12754,the-jam-2024
12760,the-jam-session-vol-2
12756,new-year-new-champion-2024
12759,123-4-season-hat-tournament-winter-2024
12791,south-side-battle
12762,fpaw-24-update
12763,421493286_1118096306039851_5372515958178013925_n
12766,fpaw-2024-warsaw
12767,425573289_931005315701286_2258120837905805895_n
12768,425573289_931005315701286_2258120837905805895_n-2
12769,sandslash-2024
12770,german-championships-2024
12771,torneo-di-s-valentino
12772,123-4-berlin-hat-winter-2024
12773,yjiw-2024
12774,paganello-2024
12775,va-states-2024
12776,anzio-spring-jam-3
12803,viking-jam-2024
12778,amsterjam-2024
12779,summit-sea-2024
12780,coppa-cita-di-milano-2024
12781,anzio-jam-11
12783,thank-you-to-thomas-and-jens-and-a-warm-welcome-to-tymek-and-toby
12784,munich-mash-3
12785,wiesn-jam
12800,video_2024-03-07_19-00-53
12787,nync-application-2024
12788,new-year-new-champion-2024-2
12789,maria-fernanda-meza-bonilla
12790,natalia-agudelo-munoz
12792,fpa_competition_manual_appendix_04_08_2022_new_progression-1-4
12793,fpa_competition_manual_appendix_04_08_2022_new_progression-1-1-2
12808,fb254e1b4009826eac42a961bc87a3e7
12809,40f0ac3059cc55582705ab9fe690b2e7
12810,ddba965726a466b224d10c6b8db935df
12811,1e7ca5122f2cc4bf79fb81dcf5d75561
12812,95b939c2b081b0a31803b3a17f570975
12813,149583f3b1e396c848a3ef4d247bdb2b
12814,9bfff97cdde0f7deefa9146c5c052e72
12815,e46a74877fe34406834d2fc6443d4d99
12816,8289636d76022e086d91c9d0e228fd6e
12801,maria-de-los-angeles-molina-cerezo
12798,fpaw24-website-and-registration
12799,schermata-2024-03-07-alle-18-58-03
12817,61e526542495572a21dcf03f246b3fad
12818,b4436580e44e1aaafd28c56b2139353e
12819,ilkas-birthday-hat-tournament
12820,the-toddy-brodeur-spirit-of-the-jam-award
12821,toddy
12822,61a4771f362a41da9ff36302278b4b4b
12825,11688-autosave-v1
12860,membership-fee-update-for-2025
12861,membership-fee-update-thumb
12862,the-jam-2
12894,wfdf-world-overall-championships
12904,benno-is-spreading-the-jam
12893,homegrown-hat
12865,tha-jam
12872,123-4-season-hat-tournament-winter-edition-2025
12868,the-jam-3
12869,12868-autosave-v1
12890,el-torneo-ciudad-del-duende
12871,end-of-the-year-rankings
12873,frisbeer-cup-2025
12874,your-jam-is-waiting-yjiw
12875,32nd-paganello-freestyle-challenge
12876,49th-annual-virginia-states
12877,anzio-spring-jam-4
12878,18th-german-championships
12879,amsterjam-2025
12880,meadow-hat-2025
12881,44th-fpa-world-championships
12882,viking-jam-2025
12883,sandslash-2025
12884,anzio-jam-12
12885,ilkas-hat-tournament
12891,new-year-new-champion-is-back
12888,juntos-es-mejor-2025
12889,32-coppa-citta-di-milano
12900,yjiw-event-recap
12901,final-yjiw25-tshirt-design
12905,signal-2025-05-29-145121_002
12906,20250322_160942
12907,benno-is-spreading-the-jam-2
12908,
12909,fpaw-2026-bid-invitation
12910,chatgpt-image-30-5-2025-15_03_34
12913,amsterjam-2026
12912,amsterjam-part-1
12914,the-jam-4
12926,volker
12916,fpaw-2025-thank-you-future-plans
12925,in-memory-of-volker-bernardi
12919,inaugural-leiout-freestyle-championship
12920,inaugural-leiout-freestyle-championship-2
12921,leiout-freestyle-championship
12922,fpaw-2015
12923,fpaw-2015-2
12924,12923-autosave-v1
12927,wfdf-condolences-volker-bernardi-29aug2025
12928,fpa-election-request-for-nominations
12929,frisbeer-cup-2026
12930,annual-membership-meeting-call-and-fpa-board-election-reminder
12931,wfdf-seeking-new-freestyle-chair-for-board-of-directors
12917,chatgpt-image-8-8-2025-23_50_40
12932,events-calendar-2
12934,new-event-page-is-live
12935,chatgpt-image-24-9-2025-19_23_20
