22a14ecd-9faf-482d-8c73-aec34c4b80ee,Jean-Marie,Abel,M
65052295-d36a-4e4b-a95e-0b77e914bfa3,MARCO,TOMASINI,M
1a8610b4-acd0-4325-881a-0c44719da9ab,Nick,Arseniak,M
461c1ce9-62e2-4ec5-ad7e-4dd528a88500,Art,Viger,M
bea28858-562b-476e-b523-18de02613789,Mario,Maier,M
887201be-b883-4356-84eb-f4fae83735bc,Massimo,Zampieri,M
95adb96a-8365-46f1-9ab5-eff56442be69,Jeff,Palmieri,M
6a7bcc06-db47-410c-9d3e-04d3daad2392,Jon,Freedman,M
e25af63c-75ce-4076-84f0-73e6573416d2,Omer,Rosenbaum,M
89f94968-f1cd-4fbd-b8d6-a5328f01e2cb,Gohar,Mossavar Rahmani,F
3991fd9e-d36f-4be5-84a6-be69198c2c6f,Reto,Zimmerman,M
955e4aa6-bb28-4da2-b2d5-e3495b3147e1,Cecilie,Stenbraten,F
60ef7803-c3f4-432e-b011-1a750a1221df,Jim,Palmieri,M
f94e4293-9da4-4cd2-a4a2-dd70c693e34b,Mira,Bursa,M
d0470263-3661-4d01-83a4-4025d6aae83e,Tam,Wolfe,M
ea22c39f-3251-4e9d-81f0-2971b8de34ea,Krae,Van Sickle,M
cc82ed8b-0400-4122-80dd-a756bc987329,Pete,Crowther,M
edff18e0-0e7a-4a89-9678-87914ae4b35a,Matilda,Ringbom,F
f6fbb13a-735b-428a-931e-95ee7118581e,Zack,Kazin,M
9a4cc2f9-3764-4134-993d-53ea68563577,Tara,Brenner,
7a375d28-221b-4f52-b7a7-f6c56c1d8551,Anna,Merlo,F
9a4d6de2-f048-4f98-88db-1dc3475cc781,Blake,Herrschaft,M
ba158931-04e9-482f-9c6d-c5685e0b7981,Dan,Yarnell,M
5ea465d5-5897-4e0b-8488-7461796877ee,Sune,Wentzel,M
d17cb18e-959f-40c7-824c-eb8f7b5a4a3f,Tomoyuki,Katakura,M
513f4bed-da22-4cb4-be3d-d71f7042ae7b,Judith,Jakobsson,F
5251687a-b107-4996-ac10-3f5354465724,Alejandra,Estrada,F
a6fb8230-3570-4d53-a798-1a4a225a4e05,Caroline,Nilsso,F
8b7f9cfd-3e3b-4c16-ad44-10d0de3b84b8,Hiroshi,Yokota,undefined
4d017fe1-3eac-49d4-87cf-4a8f5b2ab3c1,Sue,Strait,F
def8bfc8-d7a1-4017-9517-694e2209b93b,Jeff,Groman,M
5c8741b1-edaf-40eb-b5d9-c2aad2770711,Majka,Kuczynska,F
252a0834-3d8b-4099-a46c-8a9571764220,Dave,Hood,M
4c49afeb-725a-4b9f-aca3-e2413cfd1abd,Andy,Oksa,M
c25220b5-cb64-40a3-af34-0d8f4eb0df81,Shawn,Atwood,M
dd5a12a8-5ca4-4d02-bd70-e3f88d9ea461,Davide,Liberti,M
47436e35-85a0-4061-99ad-f2b66c4fe308,Christina,Kunze,F
50ceb487-6764-43a4-814f-d6854022ff3d,Dominik,Raclavsky,M
d3758e03-243f-40b2-90ce-4ef686f0f615,Amy,Schiller,F
c22efccb-58e1-4e8c-953c-df3039f3d551,Jose,Gomez,M
83054330-375c-4d4d-ac54-06af93ad8153,Raymond,Chun,M
ae0b6fea-80ba-422f-83fe-646bb295de73,Jim,Akins,M
947c86b6-b292-4d7e-a824-eac01c016f1e,David,Hesselberth,M
947d0ed1-8480-4ad5-ad96-805aaf839c34,Toby,Künzel,M
9a36a348-be10-4ff0-9eb6-d178879f4980,Anton,Capellmann,M
fe254c8d-698a-4145-b6d1-2f8231e25aff,Stefano"Tistee",Bertola,M
518fdc5f-0276-4edf-97de-7e4df6726532,Christina,Bordieri,F
139ec558-b917-4090-8e5f-a37a40c9efbb,Andrew,Lemann,M
f8baa2cb-8682-4de4-9c23-33e2ec900b99,Ray,Rice,M
eaba9402-56e2-4a57-b653-4eb889297c03,Kuba,Radwanski,M
3edff0a1-4595-4965-9c93-c999d9cf5be8,Dario,Giusti,M
368cf838-72f2-41b0-a18d-4d27dae0c5e5,Michael,Hu,M
e42e7424-ddf5-4f58-89a3-1fd100befeef,Tracy,Borusiewicz,M
8aef7303-e8f8-4e1a-8305-dca121ccf57f,Jeff,McNelly,M
375032e7-c61f-4e90-a03a-6a4d319350fc,Tobias,Gebert,M
761c1407-5263-49ad-a2e0-3227c3f99597,Tita,Ugalde,F
cb288294-efed-432e-848c-2a40b3bab349,Alex,Schwartz,M
99a536c6-8f85-4ef4-a9f8-333fd5aa7f18,Linda,Isberg,F
f58a88fe-f913-4bac-9307-0c221763e12f,Martina,Solarova,F
95eb49f5-1e1d-42f3-8a4c-5ff34e1d105b,Mark,Horn,M
70dedf89-b873-4da9-87b8-7f38e3e41f29,Angela,Polla Cusma,F
1194e5d5-4a7b-4aa4-becc-c1aaa2997953,yarden,borkow,M
0ef4d4bb-11e2-4ade-a850-3917e0dd1489,Florian "Flow",Herkner,M
6641ab70-87e9-4532-9598-9e525a7ebcf9,Per,Lindstrom,M
1da6e1c4-deb7-438b-ad4e-1e095ff59c6e,Ferenc "Feri",Orosz,M
f94ef7ec-474c-4686-be1f-1a6c509a2450,Jared,Raeker,M
b11f841e-4da1-43c1-888a-1471d0d4e7be,Joakim,Arveskär,M
dc3bdb87-3ca7-4b2b-aaba-52b162b1536c,Mikey,Callaghan,M
413293ba-6e57-4ce5-9efe-19471ff3f9e7,Dvir,Sanela,M
d4c3dc79-d4a4-4d6f-96cf-411a95875b0b,Mark,Trout,M
89a55ac4-5e61-4b11-9b13-cb3fc87a1546,Shouta,Toyama,M
fb4005a0-24a9-417f-b82a-75ded53f2b9f,Amanda "Mandy",Carriero,F
0eb3ed28-5b8a-4f3c-b951-5f899e9ce041,William,Ho,M
b89232d2-2bad-4d57-8eb7-c3c66903638e,Mike,Beckman,M
8898b6c0-4488-42cf-ae63-32683d76289e,Michal,Cordas,M
67fc139e-a46c-41e9-b948-99d34a2accce,Peter,Anderson,M
f16f4491-9aff-44a0-9e16-4997033e784d,Tom,Leitner,M
aecf4edc-7a45-48d8-a062-d110d6c96f1b,Andy,Nahon,M
83021bab-487a-4ebe-a848-4412c5176ff1,Masters2003,Raulin,
76fd2596-0cd9-4fc9-8a07-e312f7629aff,Torbjorn,Bergstrom,
79c501b4-7e73-46e5-8ff9-5637a6d0ca90,Mayumi,Suzuki,F
471f19d8-a58a-4f35-8917-b0360af51ca6,Lina,Boedecker,F
a7e41b96-e4ba-44a8-aaa4-843f2c6d55be,Rodger,Kuo,M
002e7ca1-4df7-497f-9dd4-908c9abcb695,Mike,Newhouse,M
c7e4ab00-17b8-4b8c-ab50-0859a206281d,Stevie,Campbell,-
0abdc7a8-0c6e-474c-a386-61dec738f175,Alex,Leist,M
d45fe7ae-781c-4b6b-8909-b8a56fdfc609,Tara,Proctor,F
e7b736cc-cc41-4ba9-aa1e-1100e148691d,Joel,Charles,M
169e02bd-0521-4ce3-a416-e21f9fc4a40e,Gianluca,Bertoncelli,M
37179cb2-bba3-4034-9ab0-d4e4188d78fb,Gaja,Karolczak,F
7b71421e-39cb-4d8b-a252-ddbc80e8d1e9,Thorsten,Fleissner,M
2fb0a657-3409-4308-bb5d-4e9e7d1644b7,Jim,Van Lanen,M
b1725278-50d9-4fd0-9d1f-2264a7758a87,Zion,Badash,M
3ddf60ca-a584-4755-988e-03f965f0a25a,Ken,Reynolds,M
615468d5-8109-44d1-a504-ef24669c101c,Riccardo,Macari,M
824c9600-c7a3-45e2-8289-eb37508a92ad,Dennis,Vollmer,M
1f763cdf-b2bc-4691-a4c9-82f8de06ae31,Craig,McNab,M
e80322fc-574c-4408-bed9-3880fd7f60b1,Peter,Rujan,M
5a315043-6acb-4bb5-b61d-8a448c3099ec,Judi,Lapsley,M
69882d2f-bd0b-41f8-a733-50b8b2cea171,Syohei,Ono,M
2a9daf47-44a9-4c0b-9f64-7158db892f68,Johnny,Roberts,M
2403f087-14b0-49e8-a1b1-01e048537bed,Danilo,Torzolini,M
d6312d9d-d56f-47e1-a2fd-d431333f8cb3,Hyzer,Johnny,M
d3b2d44f-e9f9-453b-bbce-8933ca4f1f68,Juan,Rivera,undefined
ac24c78d-1fd3-4d9e-ad87-09feb29fa7c2,Jonathan,Willett,M
3b053c86-5027-445a-a7a2-815d2326fff2,Aidan,Tuttle,M
0f9747d2-b718-4bb4-99e7-10799f4f0875,Arno,Levénés,M
c2f1013b-5ce3-4233-b8cb-33b045b7122f,Tony,Sisson,M
a6d1255d-26d1-4d39-b98a-0415fa140121,Alison,Edge,F
af756f63-dae9-414e-b92d-f1c772303ff5,John,Titcomb,M
b0801166-24fa-42a8-afd2-aaa79b90b3f7,Jeff,Landisman,M
e60641ac-7f4e-44ac-9690-2be83d8d6cda,Dan,Exelby,M
eee370c7-5c2e-43f5-bbed-cc48e14fcb41,Mark,Watson,M
7d9311a7-e090-46ff-8a0d-4068ced845c2,Paul,Kenny,M
62a95388-a68b-49b5-8e1a-c75efcd2179e,Cyndi,Birch,F
6c1412ca-6587-437a-8af5-ca5719ac900b,Will,Moore,M
6e5d914c-2931-4ed4-997e-5f72df6f4734,Shawn,Fallon,M
8255fe6b-06e7-455e-806a-78fb8f7f2983,Itsuki,Kaji,M
c4d09766-2405-4656-8321-98d143906ee1,Jane,Engelhardt,F
d8dafa7e-321d-4bf3-959d-d79f7046c36f,Aya,Ichikawa,F
3aa85408-a22c-422c-b25d-5e37d82fe10d,Jan "Dexter",Struz,M
defbaefd-8dba-4216-b0e7-270fe57ca1e5,Monica,Andrea,F
71a43da1-8fdf-49b6-a0cc-67f65067ac7d,Giulio,Raroni,M
e5655e2e-527c-46d5-b4c6-dabc999be468,Harito,Hashiguchi,M
ac601d2a-1922-4c16-b2ce-b62f76f4ba4b,Jimmy,Stathis,M
3bdfebac-0eab-4cf1-96c3-4dc30eb925fd,Kevin,McCoy,M
ac506747-acea-4e6c-903b-fe347f2e2b9d,Enrico,Bonsanti,M
a744994e-efd6-418f-831a-85e45f9021a8,Jessica,Ladoé,F
4cdbe7eb-72af-465e-851f-6f3a54ed10a3,Julian,Störk,M
9fd514c0-1884-416e-bb03-e3e442d56bde,Paul,Kenny,M
f68434e1-ee8e-4125-9ab3-ed29b5a4716d,Erica,Brenner,
c2e518b7-9bfc-4087-a0e0-858c17a884e8,Jason,Steffen,M
6e030bf8-a9a5-4315-b0c4-c82a7b694cb1,Jim,Olsen,M
ef84b89d-77cd-43c8-a6f6-2e8fa8f5705c,Alexander,Wegner,M
c0f2da03-85e9-42c7-ab21-8c9346894adf,Adrian "Ed",Zeitner,M
de650650-2c24-4362-b340-7ef34ee1520a,Elizabeth,Wanninger,undefined
a349b3ad-0e22-4020-8cad-5db934104b74,Karen,Gleason,F
18932a31-99e1-4c99-b1dc-e445cafea8fc,Augy,Cohn,
80353415-ecf2-47bb-b5d0-8cdc3b95518a,Donny,Rhodes,M
a6bb3c9b-80b1-4e18-b984-754dba3504d6,Eric,Wootten,M
18783fc3-d0f3-40d4-9dd6-e802315feeeb,Daniel,Hernandez,M
50039e5c-d306-43bf-a080-ce79dfb30d38,Rocky,Johnson,M
109fdc77-1ef9-470e-a455-dc22b8c616ce,Bob,Brechler,M
5db3a936-2a5e-4eb9-b6f0-66c2ffca796b,Doug,Brannigan,M
f84325f9-3284-440e-aea4-8e5333be8716,Sami,Loukko,M
44f0cdd8-30b3-4c04-aa05-35eb8dc0a07d,Bob,Cooksey,M
6964384e-e1b4-4890-b543-6250fbcb5c61,Dario,Marioni,M
96cc1a24-55b8-4416-98ce-5f450d6944dc,Bartek,Dusowski,M
001c4d18-4119-470e-98e6-bb96f135f4a2,Federica,Proietto,F
585c222e-318d-487f-98c4-33bd4ee3501c,Roy,Doar,M
7bdb15dc-d7c0-4728-a177-c42243909bf2,Daisuke,Kuroda,M
f772f694-9f21-490d-808b-d08c164f7456,Georg,Kane,M
b38441ff-6cbc-4af5-a67c-c7b3d9d7824f,Juliana,Bower,F
ecb8beab-fb80-4492-a023-b1e47e132283,David,Greenwell,M
99e43edf-ed07-482c-9597-2c34f819477a,Kenny,Kolstad,M
0b2d2086-db3c-4db3-80f6-e41e49d8d3aa,Jan,Sobel,M
6440871b-85e6-4b16-98bf-7c2941180908,Andreas,Bochmann,M
dd37f4e7-7212-47e0-9d4a-444e32ef9512,Gahfur,Hossini,M
dab60606-86af-4701-b39e-9b1646b8b93a,Asaf,Zimet,M
70ee2d71-55b6-4c41-80be-6107bb04b08a,Davide,Battaglia,M
a113c0dd-d617-4a67-93df-f1a74b55ff52,Jan,Bäss,M
eb2d5539-9e35-41e2-923e-09709f73f182,Jeff,Kent,M
515c4efe-dd95-4eb8-9502-27d0c8cf6102,Pat,Marron,M
51203c55-97ac-48df-b57d-67c1c3822385,(Octad),Thompson,-
c27b47d2-f9ac-4b07-ba26-2696e7bfd719,Gustafsson,Sara,F
8e2891fd-fe8e-4c79-83cb-33f4246f870a,Ian,Schwarz,M
affe2139-8f4e-403e-895f-35c167dd87fd,Claudio,Massaro,M
725bccd8-2d49-4450-bd9b-2261e1182567,Lars,Tegreus,M
eb2978b6-d792-43d0-8765-daad15550275,Turner,Ray,M
81e5f544-aeaa-4dd1-b233-daec2aa562e8,Vehro,Titcomb,M
4c7421c4-e703-40a2-a8f6-2e14a2f42ec4,Tim,Cohn,M
28a17844-bf6f-49ef-ac04-0d8ef09b598e,Johnny,Trevino,M
cc1cd81c-7812-430c-82e7-bd4db6f32772,Tom,Walker,M
5fc7cde5-9d75-4785-8092-64842ea255bd,Massimo,Ardagna,M
7105eba8-b5a7-401c-bbc8-a3317869c7cf,Molly,Montes,F
61667190-0b9f-4fcb-9072-d3d65049cd01,Mickeala,Galloupe,F
15d17808-452e-4cc4-8165-edacdb945c18,Sweet,Lou,M
59287347-cab7-460d-a7a1-cf82e1dbe2ff,Maria de los Angeles,Molina Cerezo,F
05f49911-9ffd-4151-a263-90c4c7028355,Ryan,Angell,M
9faef007-21e2-44ce-bebe-1eff651b9dd1,Elena,Larrucia,F
cb57ec6e-50b9-4148-b27b-94a9a6daa4a0,Tom,Stocker,M
b471b009-b5b9-4c15-9cae-7aaa37fbc385,Pryor,Hendrix,M
c3090dba-2ce8-4398-9599-b259364af4ee,Santiago,Diaz,undefined
5d5fcc80-1e8f-43c7-83fe-69b2ed7f3270,Tom,Shalit,M
f5a9ab46-ffa1-49ef-b0bc-0bd9b7da62c4,Eric,Wootten,M
bf78e95e-4994-40cd-95cc-c4bfc55784f4,Rocco,Chilelli,M
523a8e8f-bc47-438b-a9cf-984a4296b1b4,Brad,Keller,M
51452224-0561-4698-97e1-aace7c1c8156,Woo,Wunder,M
eab33453-9110-437a-82f5-1a59e48e274e,Roger,zzz (Sonoma 95),M
02729afb-7c7f-4753-b9c6-440c5d0d7f64,spencer,hovel,M
7bac7087-b029-4cd6-8bfc-873a8396d415,Rick,LeBeau,M
900f466b-fa3f-4c71-ba05-829ac5b9235a,Rich,Riley,M
ba26d430-3f07-4a74-86d5-8677f89613f3,Blake,Goss,M
4cc4f9bd-fb89-45b1-ab0e-904cd3bcc3fb,Heather,Wootten,M
fbd69dcf-24e4-4a72-9dfa-d9d4ae5d3cf3,Jim,Anderson,M
9c02ffa2-b9d7-42c7-8ecc-04ac1e6d0e5d,Michael,Shperling,M
b27e3f72-13de-41e6-b497-ae28c3dbaac4,Bob,Verish,M
f0f01d40-800e-4b6d-8aa5-cf3b998033ea,Don,Wallace,M
21e0bc8b-2bb0-417d-bec9-b602708efaa3,Jeff,O'Brien,m
0ad6b3b8-dc7d-4012-bf11-f1f59018fe2d,Cody,Fields,
f8ec1c43-674a-4cf2-903f-4a4904e3ac70,Russ,Dosicher,M
5c54a0b7-0dbf-4870-a208-fe097b484d2b,Leonardo,Finco,M
57412092-b878-4b00-98e6-81d3c9e00d54,Pat,Carrasco,M
a4e29912-0898-4263-9d70-f4fd4dc976e7,James,Emerson,M
576dd402-a112-4a56-8d3c-29d15dbda0b9,Biever,Wayne,M
7e935832-ea94-4194-9d0d-267a3e2faffb,Tom,Potts,M
33b11512-81c1-4685-b8dd-34a7e0583e40,Lorenzo,Manzani,M
f51266d3-523b-42e0-b442-2a6cafe149a9,Laurie,Cloyes,F
b45956e9-61d3-47aa-a6d9-0edc1ad4aa07,Yu,Wei-ju,M
362639f6-e551-4813-9310-7169437f00fb,Dave,Hesselberth,M
85e0a041-9bc0-4610-b84a-42e5b2aa9b36,Philipp,Küppers,undefined
fbf64b5c-9f99-40ba-894f-ffcb91979835,Scott,Hughes,M
f8b7e1e2-4dbe-4bb8-871c-7bbf07503354,Dave,Kuttner,M
6748f525-709b-480e-82e6-08c58fd51110,Eddie,Bennett,M
5185d57b-8450-4ced-87ab-a33ce7094a6d,Hartmut,Wahrmann,M
6ed9260b-43f3-439f-8144-266f36a628f0,Danny,Sorgatz,M
5bd15d68-12d2-4d61-ada1-4c0908ead90b,Robbie,Collier,M
f8d6a1b1-c71f-4788-ad2a-3e88955939fa,Iwan, de,Moor,M
0a639bc5-abd7-4070-a961-e92ed6f94fc1,Greg,Stearns,M
e2cce64d-ea2f-465e-bbd9-2fe4a4621e69,Terry,Roddy,M
445e648f-7d41-4753-85e9-c54e85d99210,John,Gonter,M
dddd3fe0-ce0f-4569-bb98-91416105e4c1,Lyle,Crumbstorm,M
15135dbb-41fb-4fcb-ab62-927f36dbbbb6,CYRIL,JACOB,M
56a870b8-8af6-4b7a-aa5e-b53747c85f53,Brian,Hayes,M
9d087def-9acb-455c-a423-91e301d8e0dc,Julia,Schuster,F
6e22f099-648f-47f3-ac87-66aeb135d7cf,Sarah,Bergman,F
610b1b08-9908-4cf8-801a-8a226cb2dfab,Rainer,Doerr,M
a1303257-8894-4069-920f-e427dbfd7db9,Luca,Gagliardi,M
e655db0c-5aca-404d-9a64-cb82d97c95f5,Chuck,Richard,M
6fae2cb6-6f0e-48dd-8944-92c185b2f510,Thomas,Perz,M
04399e08-c84d-4d80-b448-260f80489428,Jeff,Green,M
a86608ac-45d0-4c85-8652-02a26c64921d,Cheryl,Harmon,F
715a8f76-bd3d-4bcd-a127-f2a10f6218e1,Janine,Missing,F
5f7c8c4b-3826-462f-baef-bc47239a5fa9,Bjorn,Ahlstrom,M
1d57aa56-dd3f-40a3-b4aa-52d86b777ef8,Theresa,Gaman,F
718f1b09-fe1c-4cd6-a899-6de1143d1e4f,Michael,Conger,M
60d7fb7b-fcd5-4f60-916b-f2eccaca8887,Susie,Horn,F
3f0078aa-d26d-4b7a-a360-87902e40c7ed,Marygrace,Clark,F
bfdd3b58-7bef-4f0e-8d18-86fd8ffa0845,Dieter,Johansson,M
ac68baab-dcc6-4dc9-bda3-af46ed3c00d6,romy,sinha,M
d090ae7b-ff56-4698-a322-5a1f6c532e1d,Craig,Simon,M
db8b414c-4716-4414-a49e-b583b0aa1f85,Paul,Thompson,M
07f4e430-ec7d-4df3-919f-9c0316e18fe1,Jay,Moldenhauer,M
914a320c-8d3e-447e-a8d6-c3266716c3a6,Billy,Caplin,M
4bec3589-0092-4596-a543-531470a518a2,Dominika,Matuskova,F
814ea900-612e-44eb-a8ce-f1bdd736134a,Thomas,Palmer,M
acc58174-111f-4dde-a66b-6a94011aad53,Christine,Jarvis,F
b079e6bc-f8a5-4e67-ae84-4ca270c6432e,Gabor,Boross,M
00a762e7-5bf8-4dec-90ed-58353e4c7171,Daniele,Circensi,
3f0aadba-19c9-4532-a8ab-2d6888cabad5,Fady,Kalo,M
7b2b6ca2-d2e9-498a-a768-6c11e51290cf,Craig,Gangloff,M
aef16345-b8b4-436f-acae-e06a63765de0,Susanne,Rother,F
510adfb3-5994-4d73-a934-35eb87f88e6a,Judy,Robbins,undefined
74e3952c-4ebc-4de2-b051-d77bb6d035e4,Lavone,Wolfe,M
9bc6130e-b520-449d-99ff-94eb7ca25b9f,Toufik,Lamred,M
a722270e-f7f6-4e7c-9777-fad69f9a2251,Syouri,Oouchi,M
77b31992-7f8a-4d3d-8d1e-12c017383881,Markus,Goetz,M
632e6527-cec6-4c49-b826-4c1948ac6c85,Per,Fallgren,M
6121b7ca-80a9-47e1-ada4-6995ee6b563e,David,Jerome,M
d568b12c-f54a-4037-907a-5789f8ff7f5d,Jay,Moldenhauer,M
5369d28d-e5b6-4d98-872d-372647854687,Jeff,Moore,M
34e8681f-d85b-42eb-9514-0ea144e8698a,Rock,Houseman,M
a05a053f-49b9-42e8-b85b-f04d94b74edb,Hans Juergen,Runge,F
5a9350bc-cb2a-44b7-a456-a653589bc915,Tom,Robidoux,M
4495b628-f460-4654-b9f3-dc66520c1313,Serge,Marconi,M
e64c2434-bf29-4f4e-bd07-00fe808666a9,Laurent,Mess,M
11685c33-b636-4951-895d-ab3e7aa61dc6,Jeff,Harper,M
cc96159a-a67e-4fa1-bcee-22eece1f500a,Tim,Scanlon,M
a40979a8-9772-4830-b5a8-d555dd1aed46,Utto,Zimmerman,M
b9b52351-9e4f-4552-a9a8-f3f2a1314035,Tobias,Cole,M
de7f7aeb-3532-4920-8e1e-7f0d575cb782,Valerio,Occorsio,M
0be4e560-589e-4b0c-8d62-ffaf0aaeb9f6,Jonathan,Kriss,
4ce8bcfa-a960-4e8e-81bc-c0c0412909fe,Ronny,Koch,M
6be76a96-abce-452c-b442-a81615772d67,Santiago,Sepulveda,M
70c6ec25-bb65-4af5-878a-e12ee412cecb,Alan,Epton,M
e39fa879-958b-4ca6-af3b-413a282efb39,Simon,Faber,M
7f0823ae-92d0-413f-b4dc-8e85a1639b84,Mike,Beckman,M
342182c6-6ce2-4908-a7cf-6a73a5b3064d,Cotton,McAloon,M
f86bbcb4-a0ef-4b05-99c1-01a4d51b3d02,Tanba,Taishi,undefined
16fd77b1-ec45-4883-aa40-e01970263c50,Irena,Kulisanova,F
e2bb82c3-9d27-4680-ab52-661c02cc80df,Peter,Bowie,M
6195ad01-df93-4fbb-a4ad-c2b62ca37e63,Sascha,Höhne,M
43d724a7-353a-4eae-9ab1-ad075b6489fa,Kaï,LY,M
f5ed5d3a-6ef3-4cec-b78a-2033f40bcbe0,R.,Dillingham,-
c2a8e868-15bc-495f-a9bf-6cd58304e3e0,Ron,Robillard,M
208f5743-aa25-42bd-ab23-643c41d961cb,Kerry,Hood,-
2a2662c0-e636-442f-b73e-a937d3d6f6d7,Mike,Gill,M
2332cfff-fa4d-470c-92c0-fe9217457932,Marco,Fracassi,M
773744ff-0fe0-4cd2-a856-d926c8916762,Alessandro,Tamassia,M
39c4c00d-4371-4ee3-8070-1c72fc11bc6d,Lee,Lukehart,M
af08a1ed-d2cc-44a8-ac4b-18417a415fb0,Karsten,Wiesner,M
b1510d76-5ca2-4ffa-9db3-6f1d62e36d6b,Christopher,Dehnhardt,M
b232cc71-af06-4288-95f9-a20521604a79,Malia,Kashey,F
32552a6c-db48-468e-aefa-9ec94791cf61,Andrew,Van Lanen,
cb664edf-55f1-447e-92cb-a954b41a4d09,Dave,Byrd,M
350cd965-b0e8-4799-8990-2c971fa455aa,Kevin,Sparkman,M
a91fc9d1-3b62-4f2b-a9fd-9475262c85cc,Jakub,Hosek,M
8dce7a69-9a19-4146-91dc-74406c7cb32c,Itay,Bay,M
9b68220d-b3b9-4b46-828f-46037bc90527,Jeff,Felberbaum,M
a9478d92-61a0-433f-be9e-27e0494a198a,Richhi,Ross,M
7f88fd16-a56d-4581-861a-c1b9ae4e1240,Cheryl,Kenny,F
65d81c3e-fbb2-470c-838f-596c0df47a73,Ali,Dastrandj,M
ed1ad6e6-3195-44fb-a27e-5a43a0cfdd66,Bill,MacWilliams,M
d6b01771-2965-4ff4-9dad-b8d2b2ab154a,Mariusz,Potaczala,M
3095d1e4-a6ad-492e-8ef8-571907eed422,Brian,Thompson,M
d1c56dbf-133c-4aa1-8de3-e03c75088795,Matteo,Ceresa,M
c8a735c2-7309-49f3-95ec-5085fa5d06be,Rainer,Door,M
2d51f4ae-b09d-4a04-b226-39fb1eb692f8,Jakob,Taubald,M
367a0ade-aeea-4ba1-990b-d3e0ecdef604,Cain,McClary,M
667eb7db-a464-4dea-8ef6-3e16d97477fc,Bethany,Sanchez,F
fef4db52-8320-4590-a5de-340ce9ba850e,Markus,Goetz,M
cde24501-d5db-4b89-8407-9247cb1591d3,Bianca,Strunz,F
fe5b8525-b23d-430e-b289-b6796d49e7c7,Shaggy,Navarro,M
98e34154-9b77-4c6e-8bd7-066a0fe8d5b2,Matt,Gauthier,M
d512a614-be8f-43b2-bb91-d39d778b66f0,Jen,Oller,F
00368b27-a679-4e05-b56d-224c44d2b49e,Dreison,Arango,M
8ec2bc2c-d42b-4716-825d-584ae80f1f51,Erik,Drummond,M
3c9c89ce-286d-4e09-a792-9911b702d270,Rich,Bartle,M
b15ab1aa-9c58-475e-b111-d5f522aafc95,Doug,Russell,M
ec96fe18-12b8-4f43-8afc-f5b25f1161c8,Fabio,Vinciguerra,M
7a974935-62b3-49df-b8fa-9ec62ad6edd2,Jakub,Sedlak,M
022d8248-2188-49f0-ab57-fd1905976c7f,Dean,Tannock,M
23a07a8a-2ce7-478f-8fbf-b772cbab4cbc,Petri,Isola,M
1cfcf8c0-657a-461c-a171-0cb257a8cc38,Jakub,Matula,M
37f0225d-b74d-4191-963a-d8cffdf1d666,Benjamin,Myerson,M
bb9f1095-bc9e-4593-b83a-c92d53f397cc,Carlo,Perrone,M
90a26a94-21b1-4d62-82a8-b18c89ea2b67,Dan,Magallanes,M
fb63e824-a599-4e21-9b24-c815d9c77f92,Kevin,Young,M
a392589c-c89e-4642-94ce-e627656eb85e,Alma,Cusma Piccione,F
9deccbd8-e3f0-4658-94be-9e3d3d1a1461,Stephan,Stoll,
2ec250b7-8f4d-41fb-adc2-9231a879d3be,Sten,Sturefeldt,M
5b745df0-7305-4ada-85ba-0dc0503180ff,Barry,Noakes,M
edf26463-754e-4c11-acf8-4fee4970fdf2,Glen,Whitlock,M
58fd230e-4d22-4edd-a545-66c011681a58,Giulia,Martufi,F
c18c02c8-5789-4486-a7fb-98c8242aa93a,Renee,Pardo,F
da9ce090-43c1-46a9-8973-072f0ca578c5,Kurt,Walter,M
52fe4e5d-c0ca-44c2-8be8-d810f0de6b77,Bernie,Murray,F
a964b6ac-53a4-42a5-ade6-94bd4129162b,Johanna,Matthiae,F
c4df96e1-4381-4ffd-9a13-c0db52655dc0,Carolina,Gomez,F
132fe144-fc75-4e8c-a476-a5fbeff6173d,Peter,Hamilton,M
01deff92-8b89-4585-a5a0-4ed06f00efdf,Robbie,Robison,M
57407e0f-34a9-413d-91ec-9aba07548713,Giorgia,Lombardi,F
e044b5eb-884c-49d3-ab85-e87c39770cc8,Mike,Stoneking,M
fa1e6e38-0644-45c7-a330-29ecabd5ed8b,Jose,Garza,M
7ac059ad-4369-4cf0-ab55-b5ace50c723a,Jakub,Kostel,M
98dcfb60-0b4b-48ce-95a0-b7d46d37c8ea,Vic,Allen,M
e23c1e1a-4c00-431e-b28c-779a177010ea,Jan,Huybrechts,M
b74e6feb-0f3f-4a3c-a3d7-e52b43e03147,Brano,Jendek,M
ff837039-46a9-40e8-9665-766b2f2fc7d2,Benjamin,Edelmann,M
168200bb-1d46-4620-b825-82b6fae0c8c4,Randy,Fargher,M
a24836e8-9660-4abd-9404-7882e1165d84,Antonio,Cusmá,M
0e7351c4-a6d3-4ed9-8dae-ea837b8801e1,Dave,Cain,M
2b5093e5-3ea7-49e4-a2d2-3cbae9f93366,Paolo,Mirabelli,M
476d3e21-0f71-4c16-a5af-5360b6a2803c,Kurt,Hollander,M
65cb5cd3-4921-45a3-ab12-d5a256403820,Ron,Huberman,M
8ff02019-de8e-44f3-82d9-b45627cb3592,Bob,Gossett,M
68c96972-5a15-4f8d-9d94-62c8d4fc5bc8,Aaron,Eickoff,M
24ee129b-8a95-455b-b62d-bf23d2d8ed23,Louie,Cohn,F
3107ed14-3e51-414b-86cd-8dc951132354,Giovanni,Coppo,M
1960ab92-9dfa-461c-bda4-52d41c51cef9,Ben,Stadher,M
42aea46c-1cfd-4eb9-a468-5155e764800d,Jason,Varvaro,M
fe29ade0-983d-47e1-812e-3fae0ec95eb6,Jeff,Soule,M
a2a70af9-7fff-42f3-83e6-f7142636fb59,Janis,Degenhart,M
6c2b2cf7-ef6b-4f09-b633-a61dc10bf293,Garth,Weaver,M
f914449d-0153-4029-ae9b-f72466faecb7,Hiroshi,Ohshima,undefined
1b6056c5-d9a7-45dd-a978-1b03e085a5eb,Tom,Monroe,M
b796caf6-2f22-4076-bc9f-735a3390e887,Gina,Sample,F
a8490b37-da48-47c1-a3b7-600e2bee9524,Michael,Cloud,M
8326e8c1-8c02-44e7-9537-19075a603e5e,Paul,Schultz,M
b704fc2d-6ae6-4ed4-8e68-4e5c70c35cf4,Kevin,Cardner,M
84bc7acc-d3c7-4700-86d0-376e4515eb18,Steve,Scannell,M
b3a66c8b-70d3-4c7d-84ea-fb47528f7f0f,Jack,Cooksey,M
225eac98-645d-4711-bb77-be107b8e4629,Dario,Pacchi,M
2088dd95-cc24-4100-afcc-1d52590e1220,Terry,Miller,M
07c868aa-3336-4b81-94cc-66bb68cf0852,Masahumi,Kanbe,M
dc53b5bf-9c8a-4b0c-adaa-1eceb0e7a3f0,Johny,Gustafson,
c1af739b-6046-4a76-931c-2dd974862fc2,Eddy,Cohn,M
abd276ae-8e77-41a4-9688-db63579608c8,Joel,Rogers,M
b48df4cf-d727-4c37-a067-637eb6c751c4,Jeff,Palmieri,M
077de0d2-4c7c-4168-8d4d-759574ad08e0,Smithwick,Von Matterhorn,M
8a994d67-3393-4a63-87da-cc7ac20bf0f7,Jim,McMillan,M
7929f578-05ea-450b-8720-26c4779de858,Janis,Brunner,M
a410eaf6-f1c1-4179-b81e-d3efaf9007e2,Gary,Burdick,M
9e157f95-bfef-42c3-9452-0fe2db6b38ff,Andy,Gerson,M
e9c67381-eb6b-482a-9147-76e7e8b1421d,Peter,Sontag,M
0fc353b5-9b31-4c0b-bcea-e24730280f44,John,Connelly,M
888eac78-5e4d-4235-a89a-bbf15671fa9d,Big,Ter,M
b4490387-8884-46a7-ac7c-ec8343a51daf,Federico,Biko Iommi,undefined
f40011bf-87d6-47b0-84a1-aaa591bc892f,Johan,Josjö,M
9d10a6d6-0106-4914-9b77-3f6cf99d2ec0,Michelle,Marini,F
125f16bb-7ec4-4146-91ee-e9d5e7f6d433,Christian,Sandström,M
0c5ed9c6-428c-4d9e-b1cb-62f01c881296,Mike,DeNomie,M
fd6c7e6d-bc2e-4323-8234-af4a6685dc9d,Travis,Mick,M
d26d40f8-b881-4bde-a36c-d4dd3d00ed31,Ginevra,Gazzotti,undefined
e316e853-a6d8-4704-ba7c-c521dc3d12b4,Betty,Garner,F
b9fe312f-2e2c-4cfb-871e-bfd43840a657,Jonathan,Dybbroe,M
a1e1782c-b458-478e-b2ee-4d9178e16fcb,Michael,Esterbrook,M
1b210c5e-73a3-4cd4-badd-599ff0d63a9d,Ryan,Collier,M
01fbcb5e-09bf-4f86-ba67-949b6e7baa10,Frieder,Thaler,M
aaad0f5d-aacd-40cb-b7ed-06125f5dc2ae,Rory,Self,-
49ed1c32-af63-4e96-9b56-84c6d3682d68,Robert,Walsh,M
c5c7a751-0389-4405-904e-9056c2fdc8fe,Rod,Rust,M
64190b0c-8082-46ce-859a-d08095da8cc5,Alex,Wenger,M
58d8cb3e-01b9-4072-81e1-3e661b69dbc1,John,Knoch,M
3dd7629e-4bcd-40fa-a177-3d8508580afb,Jerry,Perez Sr.,M
2d5b230e-a01c-426f-9202-ad87912957e5,Patrik,Soderholm,M
75108ca2-93c8-4793-8792-e806ce17d74b,Marcel,Meinardus,M
a295c542-5860-4b9e-a059-37b35b330b71,Jonas,Bengtsson,M
877d5b84-9e03-4140-8806-8fff8cfb7266,Lukas,Prokop,M
22be8973-5c79-4a25-9ac9-250dd9b617b6,Giovanni,Romagnoli,M
e521b388-b5f1-4f62-8e37-275feee0661e,Diego Alejandro,Pardo Rodriguez,M
1eee6552-22fe-41bc-8c7b-a0d1aa7ee61b,Paul,Thompson,M
4d74fde9-103b-4f32-9af5-62ceab28c40f,Sebastian,Roldan,M
3b7edbdb-dc9d-4be3-bfbc-8e98ec33be36,Vit,Drga,-
9adccc57-94da-4d10-830a-b4c2603b338d,Martin,Fullstop,M
051dc192-e2d9-4b69-b9bd-74bc76db321b,Kurt,Karlsson,M
175414a9-9a65-4148-a57c-5437d67daa71,Don,Marshall,M
652d3c53-55f2-46b3-b6fe-e108aa2e2e41,Rafael,Vogler,M
3f3e1443-386f-46a9-8271-660ad582c782,John,Green,M
b9443324-602a-49f0-8f20-3dc5a227afe0,Dorn,Deraad,M
1c4999eb-774e-42ae-8faa-09df11b1e029,Steve,Raper,M
b63d22b8-b91e-45b0-b4c1-4ec1a9f42dfa,Maurice,Eugene,M
1f7e91ec-4156-4a8e-a148-0209e6acf00f,Laurent,Zed,M
14b063b1-4f11-431b-9fd0-faa879ede650,Rick,Rivett,M
8966461e-eb39-4196-aa6f-9531a054b2dc,Jason,Wakeman,M
73b15ac2-0a80-4a17-814c-47d4987f967c,Eleonora,Imazio,F
de193be7-9681-4ca8-9f76-2b85f0bcd6bc,Deano,Matsumoto,M
d97402fc-6c35-4c9e-81ee-0555a40f12f0,Fabrizio,De Rossi,
a575910a-7b2f-4bc8-8ab6-0adbee13132b,Vladimir,Bachnar,M
0299fcc9-8b9b-4fc8-b5ab-69b9ea333e9f,Gee,Kirkland,M
8cc6fd42-832d-40cb-b2b0-2f3f565bfbbb,Judah,Moser,M
63d6ef7d-6085-4c45-aeae-10c06dcf3131,Fredrik,Bodell,M
1fd02bbb-16f5-43df-9b51-49e2751aaf4b,Mark,Danna,M
bb0ba3a0-9883-47c2-99d9-ce4b10bdf9c3,Baruk,Afek,M
e9ebf4aa-3a25-46b0-8591-7386b6aee8f8,Mikael,Hjartso,
41facb5c-dc68-46f7-b9d5-4c32608a65ae,John,Greensage,M
1d482819-91e1-4d4f-9618-1d20c7b098bd,Serge,Marconi,M
bf0a2c84-6c92-451d-b804-c02f9cf2ae7a,Martin,Ulltin,
46f92f8e-0f6b-4fde-9e12-7dd9a2ac3e05,Edoardo,Turri,M
ce4b74e7-58ff-42c5-a887-ee7bf76f0d77,Ingar,Sandum,M
1d9827b0-0d7e-44c9-a705-a1cbb6a54b43,Ayal,Benin,M
4fb31815-ce2f-4edb-9e6c-25c373dbf3c0,Ken,Reynolds,M
de7491b6-7584-4f2a-9001-366e40fb756d,Andrea,Javier,M
af1321ca-1731-4fcc-9dce-da12c31bd616,Tim,Troy,M
8da58537-4349-4454-8a3a-f2a39e735e38,Paola,Garcia,F
9e2ce0ed-3706-4777-9a70-c0609cdac1c3,Stephen,Shurson,M
c53e7c36-da64-477a-8e5b-9850bcb715a0,Richard,Ahigrim,M
ef86a14d-0cd3-434a-a19b-7b22d8369ef5,Guglielmo,Feis,M
396abb1d-a56f-4725-8aa3-4a46e61928ee,Martin,Sievers,M
15e7d054-6965-4398-b94c-6425bbbe0ca9,Davide,Livi,M
149ca2a1-951c-4b65-941f-12ebcc09a234,Danny,Sullivan,M
e623479c-95ff-4e88-8278-d793af8692c5,Reo,Kamiya,undefined
d465a865-0fe1-4b37-9fe1-fd8088b8a130,Joel,Price,M
b9c8efd8-a0ea-4269-87ff-9433ac3d5d26,John,McCray,M
32d9c1c0-8347-444d-ae0d-240d6e8bf035,Martina,Frosini,F
cea1f8a0-7c88-48ef-b9ee-5e33b04d0abe,Timmy,Shumate,M
7cc8799e-3dcc-4884-883e-c7f72395d34b,Oriel,Heled,M
83f756b0-f826-42d3-9b5d-69cd549b6d99,Harry ,Hall,M
e5981339-54cc-42f6-8326-152967549ff8,Alejandra,Estrada,F
2e4b9955-331a-4a5b-80cc-019edb524cd4,Jim,Brown,M
9a35510b-5bc2-43c2-93d0-05087b836c5f,Chritstian,Bellaj,M
1bcc0fa2-1866-4aa8-9363-3f712d8b7cfd,Wesley,Hartwell,M
7f3200aa-4b0a-4226-abb2-c18f1ee37c0a,Per,Persson,M
b337b796-9c18-45d5-8f6b-ae9a35614763,Lorenzo,Telo,M
99549774-9b90-4dd6-b1ea-9f0ee31cfa20,Robin,Ray,M
413ff947-ed48-48fa-9c23-350561ca7468,Emidio,Prosperi,M
6b195cc5-00d3-4119-96d3-2998ed79f31d,Randy,Lahm,M
82ca68b2-ea65-461d-84c6-2c6ffffb471a,Tim,Kady,M
a08f03b4-a88b-4579-9795-d9b854c1e1cd,Amir Abdi,Tzedek,M
28107ea7-7b77-458d-8564-de04d336b414,David,Lagoute,M
3b852bb5-712e-43bc-a0eb-0b4369d37ae1,Jorge,Araujo,M
d19721b6-8a53-43b1-bd05-f2ae7a82c4f0,Pepyn,Tavernier,M
0d09738c-eb60-457c-bd37-8d2daac4032f,Jim,Dodelson,M
83462877-e32f-49a5-863c-b40d967d34de,C.R.,Willey,M
fac64829-f1dd-412c-adb9-67f5362a9e65,james,roberto,M
a0554fd0-0c5a-4411-bae6-f63202ded6b8,Ed,Sinkler,M
81e4e44b-6ad5-4691-87c1-55cee64bd6c1,Bob,Cole,
efe0e869-d881-457e-9576-da777d812d57,Ken,Westerfield,M
e4136a85-7019-4abd-8f39-5639e8ddc9c3,Mary,Lowry,F
63a523dc-b3ce-46d6-bab4-38e748e9f4a5,Marten,Jansson,M
20a9925c-8809-4fa4-ab65-d0143b400fd9,Gloria,Alessandrini,F
d4f8ec47-ad33-4473-9ba3-4ceda8c6581a,Amber,Hoffman,F
afc0fea4-e566-4667-9d43-7afee7aefbb1,Jimmie,Nilsson,M
08e707dc-6a3a-4e4e-829a-38b633aa333f,Tetsuya,Kanbe,M
1c397b9f-cfa8-4d7c-8234-fe9d6f6d5288,Steve,DuBois,M
bb7d9014-322a-4ec1-975d-354d140058b6,Jason,Koonts,M
96c2e20f-4f95-488a-8b10-f5e76effffc8,Gustafsson,Hana,F
e8a40bf2-7d91-4bf1-b403-cce6b9ec2944,Eric,Taylor,M
d0ed17cc-76a3-4cb4-af21-3206a3742d82,Gregory,Lo-a-sjoe,M
6262159f-c9b6-47e4-8514-9d5709033bcd,Tobias,Gebert,M
f5acbd2b-f7dc-4873-84e6-9a4d8d7e03ef,Tony,Pellicane,M
439652fd-6d13-49e0-8c7e-f508c3897dba,Alon,Hoffman,M
c6176bcd-5611-4e63-b2a5-d20b7196b6c0,Corky,Gillis,M
84db9514-c364-46de-afa5-9917ea6ce8d2,Tim,Sahlit,M
759aa17f-4312-46fe-b257-46b88e1a36f9,Jeannie,Cameranesi,F
2775bf58-0878-4b63-9cc6-a41706814139,Andrew,Lemann,M
9d0dfdfe-7ca2-4c66-a8b6-1d52b3f10e7c,Hiroyuki,Takeno,M
0e3e028a-05f9-419a-99f1-b7661c09d65e,Paul,Sequeira,M
c4c30e30-78ab-42b6-bcfe-e227177830d0,Paolo,Cipolloni,M
a27efe89-ed5b-42d3-ae56-150b2411cb47,Jonas,Karlsson,M
958889dc-68de-4c4a-9b68-f23328fa8009,Heather,Gray,F
f83c76b4-c4d8-429b-8559-7c1274b10b62,Andrea,Marín,undefined
c654b0d6-2855-4009-bfbb-3d84a385167a,Korneliusz,Zagórski,M
e68e40b7-c1fa-4e3a-98c1-51ad0b7a61ab,Jan,Ekman,M
f56edd25-e27f-457f-8938-578eeff15519,Carla,Hoffmeyer,F
b6070b38-f926-4478-9de2-b5aba7b1207a,Yuval,Reikoren,M
e586b341-ec2f-4337-bdb7-d75612488080,Jacqueline,Hummel,F
11f78861-c418-486c-bbc6-df8cf89096d1,Jeff,Korns,M
74616a92-09d0-4e7d-ab94-53068fc1a804,Everett,Evans,M
37b2857e-3897-4244-a5f0-e7fc04966012,Cynthia,Land,F
2285ec80-34d2-4f55-a8d1-764815fc4e0e,Brian,Warner,M
d1e457b8-df47-4440-9a81-8bbecd864a82,Jack,Mason,M
81545c7d-b7d6-4e81-b328-5e01b2a58502,Doug,Simon,M
f884675f-11d6-46d9-b32f-52dddc79a54d,Jim,Atwood,M
44e9e34a-0503-48df-beeb-602b9d690395,Danny,Evanns,M
7a9cfff7-538a-4478-966f-966f6d548aef,Greg,Hinkley,M
e81c4b63-3f1c-457e-934d-50696a8c5d6c,Greg,Marter,M
61e45d3e-c88f-41f0-9cf4-a6be278c2458,Pat,Marron,M
a58b8fb1-2752-4049-b840-7c7c59b1e992,Giacomo,Poli,
7e73ab55-8f24-4342-ad89-6366d959228a,Bill,Tulin,M
4ed57fa2-0543-48ba-b5a1-6953334ade36,Heather,Knicely,F
926ed192-94b5-44c8-8b38-660dd9c373db,Cissi,Lauren,F
c31c2084-605e-4c0e-a75c-b057ef55c81c,Lynn,Tingle,F
2e6adcec-1b00-4187-b296-627573dd8a8b,Gloria,Alessandrini,F
f7cefab3-d616-4bc2-a0ba-48839f4114b7,Olivier,Trbojevic,undefined
cc1a3932-9539-47df-ac77-4db967f93196,Jamey,Adams,M
85ddc85c-173f-4647-b49c-b74e4e5c0d85,Evan,David,M
7b0fbb82-077e-4103-9b50-2551e0931973,Tim,Dodwell,M
8a2fef37-d685-4f20-9605-adf9bffd0fa3,Paige,Pauli,F
6fc2d02a-abae-474e-8d7d-334fa1068658,Amy,Test,
ffd11926-a53b-4a15-b55b-b2bb450d031f,Michael,Clarke,M
5b973928-ee25-4204-987a-149c07d1948e,Juliana,Korver,F
28ec096c-c782-4664-a34a-4951e26c11d9,Magnus,Kempe,M
e539250d-06e7-4669-9569-15c083feec3b,Daniel,Shriki,M
81424844-6dd5-4ddb-8b0f-8311d7dceee7,Steve,Rhodes,M
1eedd016-d25c-4518-ab7a-915b5fcbac94,Volker,Kaufman,M
215ac370-96a1-4d48-9a15-bf0a87c41d11,Koichi,Hirano,M
a66ecc7a-628d-4da3-b026-f6a61c054aab,Lorenzo,Modarelli,M
adae6f22-be70-4380-8be3-6c522bc6d1ae,En-Hsuan,Chang,M
3ccd2de3-6ddb-4377-9c61-61694bbf484e,Chris,Koslowski,
9711e36d-b968-464b-a6cb-a9a7517eaa76,Alex,Siliano,M
23f46e78-a15d-49af-9a46-4ec16e87cd54,Mark,Horn,M
f4692294-f810-4fdb-baec-d893058fc151,Judith,Hess,F
79c1c9da-de30-4310-809c-87e20cc11809,Stina,Persson,F
e6753383-bdd8-4489-baa9-e3fba982c522,Konrad,Konda,M
1ecd6af9-8abd-4c66-88fe-c8073d0ef9f4,Nadine,Kampers,F
d69b031a-a6d6-473d-8b76-7bd80169daa7,Ben,Weisberg,M
df290c29-2e20-44b4-91db-5f96ed1298ef,Matt,Scanlan,M
342cfb78-a9f0-4daa-8f5a-25c2dc8efccd,Bianca,Kostelova,F
911960dc-c751-47cf-a22b-e690f137093a,Scott,Weaver,M
fd8c2d85-7d51-4c20-baff-088fdf591746,Andrea,Meola,M
b7f31d36-2800-41d7-b077-e940c72c22b4,Hunter,Wootten,M
6051f4ff-00af-437f-b5e0-7db191fdb8e8,ZemonK,Laurent,M
2f42847c-7799-40ba-a866-1df177f40a59,Bob,Remey,M
09840ec5-29ef-4b11-b0df-150b3fb3c2aa,Daryl,Duncan,M
b7755e71-9f46-48cc-9d09-2a800756a06f,Anders,Johnsson,M
0b8f9d00-9b88-4829-8f09-a436214ada8c,Doug,Propp,M
993da59a-d456-4658-ba3a-104749f778d9,Dave,Tayloe,M
6e939265-6c57-45c4-92ce-ae7e14d4f721,Debbie,Emerson,F
969a9bfd-7156-45b5-8e34-29ff4d1a11f4,Alan,Valdiseri,M
2a39ddcb-e831-4d2a-9634-7424358e0115,David,Bonnell,M
00f102ac-a230-40f4-8c57-57aa30d89b77,Attilio,Picciotto,M
02b3583e-0a4d-43aa-9f17-d19b4858cf3c,Steven,Sager,M
89c842f1-4c3d-435d-9ab1-15e322bc5957,Don,Hoskins,M
be4c5bd7-bf0c-4bc5-b039-50ff495f9b4c,Jeff,Jorgenson,M
fdba187f-774d-489b-b2d7-ff48551051eb,Jamie,Koopmanschap,undefined
9bbceb5a-96f8-4311-96b5-75686650e8e6,Melanie,Kranz,F
0bfc94a4-89bc-4aff-811e-400ee6cb63ca,Mark,Ide,M
ba93f365-47f3-4fc6-82c6-53008c18a404,Hila,Yaniv,F
cf6fa48b-4d1c-4ebe-9db1-6819333c8885,Dazz,Switalla,-
64ec2ffe-c760-4ff5-af53-4a13c13314ee,Roger,French,M
c641769d-2dce-4076-9e50-a1a2d2cf5a75,Christophe,Legendre,M
daef1688-f2c3-4f46-8f4b-32fe222d85b3,Antonio,Iannettone,M
1099aba8-8b3d-416e-83d5-fa087d232ff3,Justin,Counsellor,M
434d5763-6d88-41aa-9063-89337fe09405,Alan,Stevens,M
99424f6f-1bef-40a3-8497-80df1dc068d2,Kathy,Fagelman,F
0650443d-6e18-4148-96f4-45d63e66b9c0,Susie,Horn,F
2e284b46-cbef-4ebb-865d-f85ff82c64d4,John,Gyneses,M
2b1d4a67-deee-4f09-99b0-0770257a4aad,Patrick,Chartrand,M
f618208c-c2a9-4a3c-91e7-c0c2ea4e3ca5,Fernando,Direito,M
04932d95-355d-42ec-93cc-d34fff51765a,Petri,Isola,M
b9ef977b-7aca-4151-808b-7ac56b6f08f1,Mike,Wohlgemuth,M
6fe7ec38-c7ed-4dbc-bc7d-aca14b802486,Rick,Neil,M
d443c1b5-5f7c-42ad-86f8-763087ec3384,Cristina,Niccolardi,F
94adb1f2-3343-4ab6-8d5c-a71bc36ba6f8,Richie,Bartle,M
4b75b279-aef6-4f40-a0c6-392757001e88,Boguslaw,Bul,M
dba76dba-9589-46a0-a7ed-89a4fdb1c201,Darryl,Daugherty,M
0176b3c8-be48-4f2f-8847-ae5a31c130f4,Paul,Wanninger,undefined
017bc16f-b13e-4bee-891b-669fc824b940,Ian,White,M
904b8cbd-e05d-4888-827a-2a33b7ab93b7,Bo,Dorn,M
34a5d47b-8bc4-45f9-ae08-c4e64121aade,Dennis,Loftus,M
b7cc4696-6608-4c21-a381-a337aa523e07,Nicolò,D'Ardia,M
ab4a3787-21fa-462e-8f5c-78df0074fe6c,Francesco,Paolacci,M
f26e62ec-7c8a-47f0-9d78-2aa0a1c1d0c8,Bill,Newman,M
4f9222cb-01d1-4ae5-9022-4c8aa897b6e7,Benedicte,Audet,F
287fbc39-d00c-4a1a-867b-38ff09387553,Railey,O’Neill,M
4c5847f2-f972-4ca8-859c-28635e097478,Roger,Meier,M
a6c89401-5294-4a0e-932c-2ed34311c33d,Jim,Elsner,M
37f52a7f-7735-4601-b594-7edd00b28f95,Mizuki,Takeuchi,undefined
40de8e0f-4a6a-453b-a469-a8f69d26da30,Tom "Harry",Goltz,
4c3b8b93-8c0a-43b0-86a3-eaa02a30b8f5,Jack,Herrick,M
a8b42bcd-6d3f-488c-b595-768c937a62af,Marty,Cook,M
2b7522f7-ef21-4186-8b2d-632f53cf9a52,Peter,Ellis,M
60a2b553-18f8-45be-b7d6-a4a5462a0518,Bruce,McCray,M
acfdc3cd-a8f6-4663-84c7-689979ebdd63,Takahiko,Yamamoto,M
d440c13d-b461-4a79-bd76-c21406ba6b92,Peled,Amit,M
733d0802-a2d4-4fa6-beef-b97859ce62a2,Danny,McInnis,M
0403dac6-3649-424a-9a98-650288ceca18,Jenny,Smith,undefined
c28a8ede-282f-4d20-9940-be13ef715b91,Maria Fernanda,Meza Bonilla,F
a1d79fb4-b214-420f-bb39-efae7a25cf90,Dan "Stork",Roddick,M
cb60cc04-f78e-452d-944d-4984fdca28d8,Neil,Tolan,M
ec7dbc30-4c3f-4a90-aea4-6dd9921cdd2d,KENJI,ARAUCHI,M
9f302d00-2849-40a5-a9c6-0d18819136ca,Toby,Künzel,M
99a274eb-346e-4fda-b502-952448593fc1,Bobbo,Karlsson,M
7044a8cc-5708-4bca-9234-9fe99d1f076e,Scott,Lewis,M
a2dcef8f-c2dc-487d-bc75-c0fd243fa61d,Steve,Johnson,M
8ab7837d-d6a1-4348-9965-00b4081dbc0f,Steven,Hazelwood,M
54456183-9144-449f-84ca-330332437b6d,Craig,Ewing,M
b7ac850f-52c9-4b43-a5d3-e7c5d0962280,Test,Person,undefined
35ebb7ba-5c1d-4f11-a11d-12d4ecb1b056,Stan,Fredrickson,M
5739fdd3-91c2-491a-8cc8-cd17ea2e5ba4,Paolo,Braico,M
1e58b81a-9e8d-4d8c-ab16-aded3066482f,Dave,Lewis,M
73ad63bb-f4a2-4db8-83db-8a24232b53d6,Jörg,Wachtler,M
c2cafabf-1ef4-4323-8ac8-a063261269dc,Michael,Dussault,M
76b80404-db76-4dee-952a-018cb4052c48,Alan,Caplin,M
67ad2ae6-d115-47d5-b912-6f989ff8c0d8,Jake,Eckerd,M
231e86a9-1940-445f-81e5-a8fb78eb6782,Satoru,Kondo,M
ed7eaf33-742e-460d-a1c5-cd9d9b481a4d,John,Powell,M
7a019c0e-c69f-497f-817c-37a277dc10b5,James,Cunningham,M
2edd3f15-bfc7-426e-af09-feedfdf2b9ea,Chris,Hill,-
2edc32bb-6cc3-4a46-8ed1-b92e39c378ca,Svetozar,Popovic,M
f5e7238a-7913-443f-b937-60b8c025d8fe,Richard,Murray,M
1ed81368-7e9c-454b-b325-1279acc16f29,Judy,Deering,F
28eec1e5-82e3-48e0-9be0-5701280a0081,Larry,Kenney,M
caf12e33-3906-42cc-87e7-fd2356888803,Michal,Piekarski,M
0a61b467-1ab8-41d3-bcc4-5a9d2bd059bc,Claudio,Cigna,M
562d8305-000c-4045-a262-ef35c7bd7200,Freddie,Haft,M
89081ee9-7249-4d03-81e0-75ba8c292b28,Mary,Katheron,F
7f7aa8cb-acbb-40c5-a9ae-37b0cdb15eed,Alessandro,Berra,M
b8c5c055-c166-4f47-b1a7-29803f6af73d,Francesco,Romeo,M
be235ed9-0d6b-4ca1-a031-ce8773cb85a4,Kurt,Karlsson,M
ce57c3f3-5048-49fd-8e99-33626fb6167d,John,Tisue,M
d2ecb1d6-debd-4aeb-892c-2bdfa5b1d1e7,Jerry,Seidel,M
be4375af-8c56-46dd-8e49-c2d12cc125ee,Nick,Hart,M
e3e2cdbf-e758-41d3-898a-69270bca163c,Graeme,Hargraves,M
87aea68a-50d1-4869-b9d0-9b5bd01562ee,Dieter,Johansson,M
b6d6c211-0717-425c-8e5e-1f2d75989fdd,Stuart,Landsee,M
7ea31492-f80d-42da-a0e2-b587c3d437ba,Ellie,Cymrot,undefined
d90abf60-f334-4936-851e-3cd871fdf405,Krisi,Mills,F
bbde0163-bfa3-4250-bb7b-1df05a6d4735,Michael,Slaska,M
a75970a0-6859-4069-b1fa-1b31d2f0f925,Dave,Zeff,M
84f99871-f236-4a97-a8ba-ef8be5aed26c,Fabian,Dinklage,M
6d41c28d-05cb-4b42-8039-7440e7d17e94,Brad,Keller,M
acc3107c-906d-431a-b3a1-c9df2dc78746,Yarden,Borkow,M
4aaade0b-3158-4351-b55b-daf8693e7779,Evan,Wallberg,M
9bcc365e-b33d-4d10-a9d0-6f31280468e6,Andres,Rivera,M
2fb832ca-9f3a-4dd0-8d0a-af16cf3111fa,Fernando,Botrugno,M
06fb0f58-de8f-4c7c-ae3e-142154169c31,Vico,Silano,M
fc3c281b-d8ca-4d78-9de1-bc08a3aca343,Rick,Lebeau,M
f0d0cfd4-23ac-4316-8dad-a5ff611473c3,Johan,Stensmar,M
42396f1b-e565-4587-a7af-0cca6cd87974,Michael,Szeiler,M
75466796-cde5-4917-bcf5-90d63035cd28,Rob,D'Alessandro,M
774a4947-b9a7-465a-b35f-ce9176ddb6af,Nigel,Thompson,M
e1ae599d-6e82-4264-ad11-6d35fdc5bfcd,Darren,Hartwell,M
da9cfab2-4a0a-4100-9b1b-2ffa22b274cb,Chris,Korn,M
d860c6c7-d849-4b7c-aa33-1d814ed0ef0d,Gerry,Lynas,M
419fc4ef-5fe1-42db-a76d-4b103e644318,Rick,Williams,M
bf71c58c-d798-451d-a693-2cc2fceb9aeb,Noguchi,Tetuo,undefined
1f5ad51b-e06e-481e-b514-fe626435f307,Davide,Bianchi,M
9519098e-0e26-47dc-8c91-69e7f8727069,Tomasz,Hemerling,M
b505d371-031a-49f4-b4f9-6e26aaf2ff0c,Phil,Kappa,M
5f063d13-50fb-4d49-9920-fad82292daa4,Phil,Cappa,M
bcb44f31-eed6-4dfc-b320-f06051cd48f2,Jim,Zuur,M
97c660a2-248d-4590-883f-b3c770afa417,Jim,Herrick,M
133d35ba-7261-4be2-aa29-f197bf85ce1c,Serena,Lai,F
0a4e24c6-497e-421b-b72c-e16756b1a2a8,Anja,Enke,F
377e3362-4644-47f6-9a93-7ed39398ed94,Fredrik,Blom,M
caba3eb7-d04f-4468-8fcd-4d97b8f692e8,Fabrizio "Nino",Nicco,M
a1794317-e079-49ab-bc52-58a2ec4e7b4f,Mauro,Mercuri,M
c6a5383e-3740-418e-86a0-4591845785ea,Amir Avdi,Tzedek,M
1c1ec414-3a3c-49dd-ad84-738c86779c34,Ron,Vingerelli,M
06f6dc2b-2051-46e8-8a0a-7cddb3e4dc0f,Jim,Kenner,M
bf107d83-3612-4ee1-8528-1acc1b3d1805,Rick,Moody,M
dc33db6d-f235-4d8d-8c47-d66e1c18cdab,Dave,Jewell,M
4b6abb1f-db89-4207-95b4-31d7f31a0809,Dave,Moody,M
07ab97c7-dba1-49be-9e01-8e4606210399,Anna,Hedberg,F
073fc850-2f5f-4351-8295-6796b0ea001a,Stephen,Cobb,M
5f625d56-23c1-42e4-90e5-38e485a79fa9,Alex,Humphreys,M
1499d4f4-7ac6-4c7a-a00d-fafcaffd2e66,Robbie,Ward,M
9768468c-c09c-4eea-b5c1-3e43ba2e4b51,Sophie,Wolf,F
d54be4bb-4d41-4048-be9c-3bc0658c916f,J,Kaurt,M
397e1a74-1ca8-4f61-b52d-536abb49be2d,Don,Wallace,M
1e9ff3a9-e95c-4d76-bbc0-c72d754f40cc,Ed,Malloy,M
3ee57b3f-399c-4028-b948-831fb7b45632,Chris,Baker,M
745374a3-be9a-4cf6-8b07-ba41d25554d9,Tom,Sahlit,M
c3692bc6-1546-4eb6-9ff9-1f4f1c4c6411,Yumiko,Tauchi,F
6a056c8a-aff8-4f0b-a8fd-d0c7e2261864,Masahiro,Takayama,M
e47b6ee6-26cf-4a4b-bb0e-c713583b9248,Bruce,Page,M
4d5dcae8-afda-4fb8-bc83-b5f81ebde5ba,Andrea,Stazi,M
33e509a0-e37f-4663-a657-8c52e0fb900e,Alexander,Wegner (Enhuber,M
a1980613-4f49-41d8-9cc8-48468829c242,Jeannette,Ortiz,F
a5335b66-e7b9-4130-a67c-5c130d197fb9,Dominique,Weißenberger,M
970a6178-7684-4407-bf93-a9ec39c5e3b3,Andrea,Meola,M
867e71c1-5c63-4066-a56b-085a20e98e55,Harvey,Brandt,M
ead279a6-4186-48a9-aac7-2afaec3a902e,Bronwyn,Ryan,F
10915a7b-20d2-4e4c-a98d-823fb856cf59,Hauke,Raschen,M
3301a632-f842-42d3-8de3-2ec69e2bb53f,Margaret,Simpson (Curtis),F
89a5798c-880a-4c8b-8e50-cae837219ffe,Peik,Johansson,-
b0b9b4da-f4d9-4bf7-998b-02583385d15b,Mike,Beckmann,undefined
64c4db70-5905-42a4-a76f-76269f52dfea,Greg,Beukelman,M
b11cf5cd-c591-4913-b6c7-fbb821210357,Dave,Steger,M
94c5c10d-a7e2-4970-a172-8f5b51e6bd44,Lindsay,Sweeten,F
91616aec-643f-4d9b-bda5-58531a74ba75,Morgan,Smith,M
427dc1f7-6405-45e2-b983-2845625c93ca,Tom Carlos,Schuster,M
71038927-4990-49d1-8255-1ee451a3afd2,Zach,Wexler,M
f2fe4e6b-bbea-4104-8138-ef826f7fe4ec,Rene,Mueller,M
15187ec4-1546-467e-a92a-38f346291384,Andrea,Dini,M
1e4f6bcf-5cab-442b-8c25-614a52cd0012,Don,Hunkel,M
cea2fd7a-9a91-4943-a5b7-21d69d5389b7,Mattias,Nilsson,M
6f73104f-7428-46dd-8563-d05272789632,Linda,Johansson,F
03985183-4321-4640-a7c7-cf5cef601749,Sam,Schatz,M
51d58719-682c-4aac-a770-1174b2809b3e,Andy,Moering,M
3649fe30-4ff8-4577-bde1-897e51c40865,Steve,Jennings,M
6e9d225a-c40b-40a9-aaad-edcd31e555dd,Alexander,Enhuber,M
7af0ff98-cd36-4062-97a1-354a9e40b4f2,Michal,Maciolek,M
f7840dc8-d64b-476b-aad1-2a18f04c07c2,Mike,Boisvert,M
d6574f86-f2fc-40a7-a12f-9965de330b0e,Lasse,Schwarze,M
b0b688a6-9e5d-460e-a064-eac8c071606d,Nicki,Nicholson,
4ddf8295-ffd0-4d00-9de1-dcddea04537a,Scott,Scholten,M
4a7a4cd4-f661-412c-97e9-f43d2ae1ef7f,Daniel,Weinbruch,M
5e898f7b-2da4-4f4d-96cf-118ccafb0b83,Justin,Biehler,M
a588225a-0296-44fb-82f3-71c8c311142f,Davide,Bacco,M
2b439991-3570-4ef7-8714-7e0d661215cf,Josh,Forsyth,M
8a699f4d-d34f-4440-a52f-93e850a15a49,Anna,Harris,F
36061ee8-0710-4b51-83b2-6abc4c775fb3,Dave,Bolyard,M
5fa83589-0858-4f6d-a54d-36aa97368eec,Kouji,Negishi,M
5e0af90a-1c63-46b5-b68d-b8afc674e1d8,Matt,Wolff,M
519fb7ac-26e8-4af4-9c80-3cf3e585b428,Mike,Boisvert,M
b6ce11db-98e4-4964-8a9f-7d0bac951213,meera,nayar,F
f83f82a2-c1d3-454b-aed2-891e578d057f,Michael,Casey,M
0984abf6-f109-402b-b4c8-bdcf0f1a61db,Antonio "Cusma",Piccioni,M
ae6addb7-047b-4eb0-a1bf-f42167ed9d7a,Dániel,Kárpáti,M
ff00d69c-6e3f-4d2c-9c61-2f3dbbff9654,Stefan,Duenkel,M
592c72aa-852f-49c8-a2e7-91b99c1ce0f4,Max,Schmidt,M
468f1f29-ca86-407d-94b0-d2a197e390ac,Adam,Perry,M
c5dad85a-b2b6-4654-910a-db2513cf001d,Jim,Parks,M
a330c396-7e28-4b17-9813-a712feb66193,Kevin,Dunn,M
7d310636-4481-44ba-a9fb-fa2f765b67e9,Jo,Cahow,F
3fa55bff-aecb-44b7-83ee-8a60f23b9e00,Andy,Ginthum,M
9b501803-ce51-4f84-ae04-1f0ad4c8f9f6,Amy,Betty,F
42bc2b2f-d9f6-4132-914c-14789e6edcb2,Kevin,Willis,M
e8084c59-5dbc-40da-a2e0-a6ef70d3def7,Claudio,Massaro,M
cf1f526f-59c4-4364-94e6-0c37de7c740d,Francesca,Chierici,F
3319f498-89ed-4a71-8403-8d096e9caca0,Sarah,Zimmermann,F
6b26b088-8749-419b-8dca-4c09f8831e2b,Keith,Baber,M
2841de39-44b5-4825-946c-10d082ad62bd,Lin,I-chi,F
3a84d7c4-badd-42c0-90e3-59d30ff6be53,Felix,Schwarzbach,M
e17c893d-5ba9-4f8d-ad8d-4a15a9efe5f8,Jochen,Schleicher,M
7308093d-1a17-4027-b6ef-9824b3cfa1f3,BirGERSchmidt,undefined,M
48b73138-991b-45d9-b0cd-0a7d3ecb2622,Rusty,Courser,M
858a0bdd-a813-4e76-9944-8d40c558ba66,Daniel,Reichert,M
aae71d62-c231-4414-8c24-0071af42db16,Erik,Hoh,M
a5593173-0223-434d-946a-9e71a9c7a333,Damiano,Alessandro,M
c9f9d9b1-7f0a-4b74-8645-d5895d16d130,Nicholas,Blankevoort,M
fa095828-4eed-43eb-a71d-a1b837650b6d,Andreas,Jaderyd,M
992ebfe1-50fe-4206-8fa9-6fa439226369,Ben,DeLoache,M
fcb216c7-a7de-45db-952f-592cd7ba2aa7,Jakub,Zahradnicek,M
842ae509-d573-4735-983c-a6f9a3865728,Marie,Bracciale,F
b82364fe-95f3-4659-a733-24f0af02d99c,Deanna,Ross,F
8d18d61e-aaca-476e-a3ac-8bce506520fa,Pat,Holt,M
d989e8fe-15f7-4436-acd4-3a972b6d97db,Virginia ,Ceraldi,F
4befea05-be0e-4374-8baa-d444d6843048,Gery,Németh,M
0d14371f-0322-47da-834c-54ae0b9ec7e5,Frank,Senk,M
ea3d2d1f-b442-4bc1-a064-86c64dce44cf,Stancil,Johnson,M
a9221fa9-174d-4d13-ba45-01bed1c47e12,Ryan,Mowbray,M
dd8b3582-7cfc-400f-89ca-646b097b272c,Bob,Boulware,M
3e68f8ab-4397-4d7e-a2d4-dfaed760bfaa,Tim,Pattberg,M
56e266e3-36fe-4ec0-a7ec-a6e405f278fc,Jean,Marie,M
e50dad8a-58bf-47ea-8e2a-faec996e5d64,Simon,Wassermann,M
0655bc54-643f-468f-861e-71f86bb1b865,Anna,Gustavsson,F
b36250bf-9def-4a9a-a716-e6d447d3cffd,Alex,Leist,M
d0384d27-eb1a-427c-957c-b3760e8ae213,Carlo-CuginoLup,romashred05,M
a4517de0-b458-464f-89ce-ac42eed353f5,Salawu ,Mumini,M
ac561b31-07b4-468f-bde0-74816f63c2b8,Fabio,Nizzo,M
20c39535-047e-4d42-b9db-a384a46d929a,Atsuki,Takano,M
ff6143d1-341e-44d9-b19b-80f1abf3ded3,Andrea,Girodo,M
2570d85f-55e2-4b6c-97fd-0e5fbd6b1139,Connie,Bond,F
91067c87-926a-48d9-937d-cc3c75c26318,Tre,Watson,M
e0853615-ef05-4c3d-ac6a-6263dde526ec,Dean,Rozenberg,M
4939d0df-5fb7-4450-95d0-61bed24b1a9b,Bo,Wahlquist,M
4cb968bb-6067-4a61-b357-1ff3880bc683,Sascha,Höhne,M
5187d732-637b-41af-9dbe-892f3089ca7c,Yuval,Reikoren,M
395c2870-7518-46f3-baff-29cbb221a96a,Dave,Zabel,M
f75fc91c-6cfa-4ef6-ae35-9dee4541d96e,Adriana,de,F
4f99c5d3-6456-46a7-b8c4-5a15e5d3012f,David,Tomiak,M
1a492527-b265-4924-be31-4a41f5816d05,Per,Persson,M
97a54bc8-2bec-4c21-9566-41625a2d0c71,Miyu,Ebiduka,F
a5a49553-8eaa-48d9-ba42-0498426535e5,Takashi,Terada,M
71bfcd20-ca52-47e2-b4bc-5ecd395f1d91,Scotty,Inman,M
9e2018c9-f91a-46a6-84e5-954c12e8bf92,Dave,Schiller,M
b02d3bb9-9d16-476c-973b-f64d199286f0,Ziv,Lavy,M
fe1af5ad-ab94-4f56-ab31-99942b4d41ee,Jake Girlfriend,Eckerd,F
b69f0296-407a-41ea-900b-58c1f495811a,Allison,Wylot,M
0ce71ed1-38e4-48d5-8aec-b0851518c068,Paolo,Magni,M
cc4b2c9a-d556-4fff-818b-25bbeb699a69,Juan D.,Ramirez,M
2e3f2bb3-e124-40c1-bd29-79a3fd2e2aed,Seweryn,Janeczka,M
f5fbb5a8-4698-4d6a-a964-58c9ae3efa26,Cody,Kirkland,M
e22d41c8-1779-4841-9840-7990540a1136,Jon,Freedman,M
fbb5734e-3e27-453a-a45d-b7ea24b3d6bd,Steve,Gottlieb,M
53bd784e-bd11-46db-9622-421516873d3c,Daniel,Sloan,M
65a2868a-6841-4a8c-8c27-3e93622a11ea,John,Ruvelcaba,M
6413db1d-d0e3-48c2-8e78-1fbbcbe77c02,Henning,Worm,M
c69f1a46-e274-458c-bbaa-31a41cfe1b07,Gail,McColl,F
96c34b98-0316-4c7f-a09c-c979ca095149,James,Hendricks,M
db0e2fdc-fba2-430d-802b-f74f314f1658,Sascha,Scherzinger,M
b2451b41-95e3-40c4-9a4c-59244d16b0df,Marco,Prati,M
829eb0cf-ff66-463e-9f71-c7b792e07246,Christina,Ladera,M
dac25563-be68-4267-a7e3-89e52fc16c2c,Antonio Piccione,Cusmá,M
1cf2ce71-fd89-4129-a047-e947d7a982aa,Lauren,Soderlan,F
a1d240c9-c581-41b2-8370-bbc130836418,Miroslava,Martinez,F
f57cb7d2-6129-4ef4-ac40-8f766c0250a0,Paul,Smith,M
f3cb96ca-8b67-4288-9aa4-ba1f6e11a1c8,James,Wiseman,M
62103875-f878-471b-a6eb-020a4f6abd9b,Valentina,Labate,F
4f16b90b-47de-475b-8ec7-1d2ea8b6f339,Danilo,Torzolini,M
cb51eb09-4b46-4e01-af47-a22f49ce7c85,Anton,Capellmann,M
f2cbb2e6-88c0-437c-a22c-62385546f191,Manuel,Zach,M
545acf8b-de85-456e-b648-b6cafa8f7e29,Katie,Stauss,F
c7b81064-369a-4085-94c3-1dc798db1729,Jason,Southwick,M
045ee4af-ff30-48f6-8c71-a78d57fe3c28,Jon,Drummond,M
f82d2233-83dd-4218-a90c-5cf939aaa322,Enrique,Faria,M
da647d68-2c0c-45c7-a516-7c014a6f8798,Shawn,Stevenson,M
567a5162-ef4c-4dec-9ae7-b6d47f1ebae1,Steve,Ivey,M
2670220f-3e3e-4017-9242-61d41a7e21bd,Mike,Pratt,M
2753991f-cb43-4018-a305-f97dc0e249cd,Mary,Uhlarik,F
2ecc2f99-9955-4bff-b854-9f5665cfdf3a,Jan,Gropped,M
5d9df085-dc36-4a0e-a9cf-0207a3fae4f6,Aksel,Finborud,M
4f6c5885-8d94-4f1d-9117-2bc4a7ff6572,Charles,Richard,M
44616de5-4d7a-432b-bc64-1c9302c1ec87,Matej,Kostel,M
71737679-df3e-4252-aa80-55fded4a6ce3,Jim,Herrick,M
1799140a-5429-4140-871a-d0a1a8a197e8,Andrea,Pecchiari,M
0a62092c-b4f5-4a3a-8c13-03f08320c1f9,Carsten,Heim,M
04ff3be0-4fbc-4d11-bb90-a00d5a3ce435,Rick,Sader,M
641278eb-bc6e-44ad-bd6f-46032c83f931,Hal,Erickson,M
2e3606c1-6983-4cfe-8b31-8fc01fa17c3f,Jill,Kennedy,F
5676eeec-5313-4325-a96f-53e033764ca6,Randy,Victory,M
74423a89-d62b-4e14-8271-aa62946e5641,,nizzo,undefined
c8a8b990-05f7-489d-a612-938e534caea3,Tomas,Burvall,M
f04b8354-d65c-4344-9034-ed45ad8943f5,Moss,Cremer,M
c5091aa8-f733-4f1d-9f0f-37f26f2baa1b,Gerry,Geare,M
b8b542e2-2898-425f-abd5-80d1780f8824,Reidar,Hogseth,M
cf65dd88-5efd-4258-866a-c36020f3e27e,Jeff,Blount,M
ceaaf19c-479b-43d7-b643-5038677bc9d0,Jack,Ognistoff,M
1eac89c5-e32c-47a8-85ec-85f9342a1328,Mustang,Harris,M
dc450f42-4ddd-47fd-9547-c1d1012122b8,Ron,Robert,M
7bf5512c-dc24-4bfe-9994-3954a6b89a66,Roger,Meier,M
11efc451-96f8-437f-b70c-c942806689f1,Jan,Skladanowski,M
d2c948a5-4fc3-4f2c-8687-861705be9dc8,Larry,Bledsole,M
32784df2-a8b7-4dcd-962d-3d1387285a0a,Per,Persson,M
5eb70017-060e-49bf-9345-e79ff8fc1607,Don,Hunkel,M
4457ea93-159b-4edd-aa54-e8522c567b89,Eitan,Labinaz,M
275de145-0fb0-4ef9-9c57-e5cdc085f4bb,Dunia,Doumi,F
1ed2e94c-b454-416e-b9b5-7f2ef6f8c5d6,Fabio,Martinelli,M
413eddc9-c7d7-4227-87e1-b46fd9c7e936,Sue,Strait,F
2a49a519-b853-443c-9b20-b018230bf86e,Dave,Bailey,M
2cdbb6b2-7c9c-47da-bafe-f1ba07b148ad,Lorenzo,Cazzuoli,M
70920c69-ba45-4c35-a86a-2279ab91b136,Philipp,Stahl,M
4cfae48b-3b85-4253-8ffd-a2e7899b574d,Jolan,Canrinus,undefined
b9e9117f-26bc-4ba9-941d-23e748e7a618,Kamil,Calinski,M
ea763978-48ae-4fe1-9ae7-96b538a9bb70,Steve,Porter,M
98222fa1-bb14-4719-ab56-1de72e398e3f,Lorenzo,Sforza,M
d9c2d87c-8236-4efe-94df-b07d57e7c20d,George,Desch,M
9d9ce628-e04f-47ff-b073-35ef4538dc50,Lou,Sumrall,M
9eb47dfd-9a4e-4b04-8873-6abe887aaa52,Amy,Bekken,F
02954593-2dc8-412b-aae0-fd02e81a6f7a,Teoman,Yilmaz,M
3b680263-24ef-462e-8e98-26f39febbe77,Sophie,Rickers,F
325b8df2-d1af-4d29-bcb2-f6c9e8fbf904,Calle,Cultus,M
456b20d4-ab05-4e54-b25d-8be22fad42c9,Jeff,Risse,M
0f9fff48-b7ab-44f2-b340-e89cdae9d95a,Markus,Hein,M
b9a69bed-442e-43b7-b0e3-e34cf2132a39,Eric,Marx,M
c7bc5e9d-b02a-4d78-9975-826408bebf4c,Berni,Murray,F
36163e8c-bf20-4083-a77c-f3d85b64f20c,Gören,Holm,M
3262fb30-a8ed-488f-941a-2c6c88816a76,Antonino,Romeo,M
abc59e9c-1194-4a7b-8bef-d7861e7361bf,Jim,Herrick,M
61f1116a-5c52-407b-9eff-991f38f7fa23,Harper,Ray,F
908a4cca-b726-4d65-b216-c9e3f951aaee,Mike,LaPort,M
f98781cc-f438-4fa2-b367-4a9b76884be6,Paula,Willin,F
d1ec5df2-6199-42c6-80d5-962b6262cb35,Andrea,Pietrangeli,M
6f7e49f4-630b-4c39-b145-40803ea33624,Rick "Rico",Schneider,M
4fe4aae3-3404-448c-8766-80a716bc58cb,Skippy,Jammer,M
fd349cd2-c7cf-44d7-8154-29a40fd28766,Marco,Ruperto,M
10737a8a-cfd4-497c-ad07-993b0d0ef33c,Paik,Thürnagel,M
f8956322-ba44-42cd-81f0-33a62ec50c38,Brian,White,M
832d32c2-280e-45d3-b297-0a270355bed8,Shousei,Mizuno,M
864d39e0-e222-44b3-95e9-d5cb95f08e12,Paolo,Papini,M
d5fd65ae-96e2-4134-a351-11eb7b50a50f,Alessandro,Damiano,M
c1b4bd83-d4dd-43df-81fe-a14e1739c2fa,Jack,White,M
c83f2b54-d5d7-4953-8bb8-a4d9bec6fce3,Korneliusz,Zagorski,M
68bf6c20-c3e7-40c8-95b5-b6afbad7eefb,Simon,Emmerich,M
fc09cc21-f99d-49e1-accb-ecfa5f4f001c,Toby,Henderson,M
768b4055-e7e1-4ec4-be68-e76754f1a9ab,Noriaki,Wakabayashi,M
1990e65e-8dc9-498f-9082-143abe4e8b93,Stefan,Minkvitz,M
1db08502-6e3d-49e6-9729-d65fbc4325de,Theo "Sunny",Cade,M
aceb6c6a-125b-4aa6-a033-da7db203616c,-,Danzo,-
ea7fb821-4085-4b61-b74d-2d72c4f74f39,Robert,Mcleod,M
96463449-32a3-4108-beff-dd59e25d0ff2,Duke,Stableford,M
a0239762-e43a-47c5-9f9c-a356a6996384,Donny,Baker,M
481e13eb-530e-4fd6-b7cb-89f6736aa7e9,Roberto,Rodriguez,M
63771a0f-8a00-409a-9b1f-f0e00286f35b,Z,Weyand,M
f33f510a-e8ef-4a57-9afe-8860b5c0c7ac,Chris,Anderson,M
0d01bb2b-6060-4bec-bac4-2ee0c5b25f3a,Tomer,Adar,M
439c12ce-81fd-4a55-a610-e95549fbe00a,Eitan,Rei Koren,M
a8f42535-e854-46fc-9996-e55c7ccc9fee,Philipp,Stahl,M
ded7fc20-0bc7-424f-88bd-6a47b83910b8,Karolina,Hagenbjork,F
fbc417af-2195-49be-85d0-746eb00313ba,Bob,Wigersma,M
c2e6bd58-268f-43e3-88e0-403fe0ebc0fa,Jakub,Kostel,M
77797a9f-7607-4494-b9d2-e091b06d13d1,John,O'Gorman,m
73d2688b-006f-4748-9867-4148312fda2f,Chrisophe,Schott,M
4a11cecc-cc19-4107-ab93-bdbe2126eb74,Victor,Malafronte,M
c87e6f76-3cfd-4801-afdb-63e3f2a1540f,Allan,Clark,
99f10bc5-2e3f-42e9-89d7-1a16c74818df,Vance,Anderson,M
bd4c7a75-aff2-417b-887a-e1f40a01c690,Luana,Morelli,F
8f6f9afe-6e82-4726-a728-19fad3a96a0a,Glen,Whitlock,M
83857962-096b-4f5a-b75d-456c871f9d9e,Ron,Olsen,M
3cfc7940-e470-4c7c-a9ea-fb6a80654fc9,Grant,Guilmor,M
c943ae45-c349-4391-a553-d2a4c2224e70,Philipp,Kleis,M
bc570035-e251-4330-8437-0bcff052dd8b,Allen,Elliott,M
b702fb5f-8187-4b8b-9f2c-8b90d22585a5,Gregor,Marter,M
2b440de6-fc52-4f2c-afdd-78996023a02a,Chen,Kuan-hung,
4366b7c1-3e3a-4259-b9c7-616e68700c73,Bejca,Turanova,F
35f9e8f1-2d91-4ac6-9141-ad4a08521f61,Rafael,Von Der Grün,M
bc66cc98-9212-4582-97d6-2b58776721d2,Ilka,Simon,F
c5c1d8a1-024c-4978-b7dc-a43ed300f339,Fabrizio,Valenti,M
f6182842-b040-4843-8ef6-c019e3fab0ae,Kijo,Yamashiro,-
6e38bbf0-3ab6-43f0-baf8-238d74992556,Radek,Lenczewski,M
66bab0e3-ce11-4548-91dc-bc8c8bb702a6,Peter,Labos,M
b769f92c-79ee-4621-8b4b-e11d13d3542e,Crawford,Shortt,M
c4571027-0021-44c6-b8e6-63ac2f728253,Takeru,Okamura,M
81c07f89-0d9a-4a95-ab3e-e08af7c30484,Peter,Henriksson,M
261c4e0b-b1c0-4489-a066-c659958eac63,Mike,Redmon,M
8d25ec13-73d6-4eb5-8087-0ec1d47d10c8,Julieta,Cardona,undefined
14153b4c-669f-4337-8bbc-2ad1a09c326c,Salvatore,Pennacchio,undefined
17b68df2-d7e0-4af6-a785-3afb334f532d,Mike,Cronin,M
388cc4c4-62cd-4ff8-934b-d45532856d98,Terri,Carver,F
a1851d17-dcd9-4de1-84eb-80c8b113168f,Frank,Coussens III,M
43055abf-c39a-4962-a266-2c52fffbf811,Alexander,Voigt,M
b56dcc72-e633-4dd0-8c9e-7ec93a9ca30c,Gil,Korin,M
1f6f09df-5f0f-4e17-baaa-04a61a0e98a2,Dean,Porter,M
9bcad337-d098-46f5-92bb-ed0eac5fc316,Rodney,Sanchez,M
3b52111f-1170-483e-913f-ffacb50040fa,Denny,Orser,M
3dc2cb03-094b-40bf-9a72-7ac7677229ce,Jeff,Knudsen,M
bf0ddd8e-7f97-4f0e-a38e-82aa1aea362b,Johan,Robertson,M
acb2a2b9-bfc9-4447-b593-9d7faa9981be,Mike,Boisvert,M
a01f0476-f02e-4875-a637-472faf49a42d,Steve,Moran,M
ae1c09f5-9b5e-4070-b5a8-67db32fb1098,Arthur,Coddington,M
a2bd5b37-e514-4a93-8ef2-0b8cab01b13b,Cate,McMillan,F
3568633b-9945-45e2-9b82-3a0cc54fb6e1,Mark,Truble,M
bca8921b-955d-4d5f-9a01-51ead6495270,Riley,O'Neill,M
ec89b705-e58b-425a-8fcc-0b09675a0727,Fernando,Brotugno,M
8726dae9-6129-44f2-908c-4eb736d278f5,Chipper "Bro",Bell,M
604af3cb-160d-4783-ae5c-35ddc7733a9f,Krzystof,Zak,M
e4c512cb-974e-4dea-bd9d-466915f2cea5,Amir,Hoshen,M
8d70bc3d-43b9-4e60-90d1-6b978258790b,Gus,Emerson,
f08412c2-076a-4e9b-a8a4-e58a293e0227,Cameron,Cundiff,M
8cc1f7b3-0eb9-4aad-a476-161dc4d8c6da,Zofia,Wilczek,F
9b0f584b-fd0d-4222-a949-ed8b0ca8734d,Peter,Henriksson,M
61edbad8-3c75-4968-b04b-86a01ed1bb33,Abe,Calzadilla,M
093efa56-e511-4ec9-b4f2-0034d67ef7ee,Isa,Galeano,undefined
4d8bfc03-42b3-4195-abec-3aa0b2a63f9d,John,Rzepka,M
86ea256b-db90-40aa-ad5c-c0341904cd02,Tobi,Prestele,M
b87d9174-0c01-4d5f-ad89-1da0ab23a9e7,Heather,Bogenhagen,F
8564a111-7d8f-4bc8-b513-fb36f1e2ac74,Tom,Coffin,M
25be7c51-6bc5-4a13-afb7-f7df9249848f,Antonio,Caporale,M
1e3049b0-d3fc-4604-aae2-5983caeea773,Greg,Clement,M
32777b1f-52f0-4403-a1e4-035618ea5e76,Jan,Zverina,M
3c5a0019-f08c-49c0-b3e4-bf24e950d1ce,Roy,Mizrahi,M
5310ce1e-9879-4eb9-bc67-8453b2ac9d29,Dylan,Rocha,M
e7d5b555-a81b-42c0-a3ca-b0dc650147a0,Jamie,Chantiles,M
f7857e5b-bb60-4f87-8125-747eb2f03aad,John,Affonso,M
361102f3-637e-4734-befc-54dc65378f23,Charles,Logan,M
fce61b5f-1f11-425d-ad38-77e3d4743255,Andrea,Berardi,M
6e544307-3569-4fa6-8801-cf1cb28c337a,Terri,Reinl,F
601f77c6-67fb-41f1-89a3-108bdb19f969,Gergo,Nemeth,M
2c8320bd-e244-461c-ab75-f537f73c4fdb,Joey,Hudoklin,M
5a6a3afa-6067-40b2-a521-cb24befdeef9,Andrew,Lemann,M
d79e299a-f21b-449a-b012-9b6b291e6841,John,Tallent,M
e109f48c-1b6e-40a9-9a4f-9629e7bd5940,Tom,Lasher,M
d458053d-0ec0-4fc8-81f7-001217973c60,Heather,Wootten,F
3db98eb1-2f27-4db2-94af-0316e98afcb6,Tom,Cremer,M
eab5f2bb-7e1d-4b28-b819-690693812dd8,Brian,Mcelwain,
07e4c0cc-c879-4979-b023-b2c3857f0940,Leo,Kamiya,M
5a2b0410-11fc-41f9-a54a-88457da788e4,Jan,Soerensen,M
d062cd0b-d928-458a-a207-db919388c538,Paolo,Valesi,M
d7cdd5c3-2c76-4350-8a68-779b23d14d93,Jay,Hinkle,M
a39b2802-2920-40a4-a45f-143a87969e18,Gary,Nelson,M
59988bb2-d8d8-4dc6-9e80-700c98230620,Fabrizio,Gori,M
85dc742f-6133-47e6-9fa8-41d5261866c3,Takahra,Yuki,undefined
41e56148-822d-4fae-a55b-79d6a123b8e6,John,Pratt,M
79cf3c49-67fb-4a55-be25-965943f7d1ca,John,O'Malley,M
b7820f97-2ad6-498b-b83c-e16ad101cf09,Nick,Kelly,M
c6652a4a-f8e7-4fcc-996d-67a7ac0e53b6,T.M.,Dyer,-
1392ec1c-731d-4631-ad5b-5aa7fc880845,Peter,Rydberg,
83b65497-e124-41e8-a63e-8dd7c244e131,Jeff,Getty,M
aea10603-3146-4a6e-b6f2-a16ac1b9ff7f,Markus,Janssen,M
9145dea4-24ff-4ffa-b8bc-feac6cd07b30,,rivera,undefined
f1f22fdd-c08b-4d55-9e83-6258f78d2d34,James,Hancock,M
5b533a86-9e81-4dfc-9a15-4097a3fd839d,Jakub,Matula,M
fe00cf18-2928-4784-a241-17597367548b,Paul,Siefart,M
c7bc4fa4-4543-4979-a81b-1de25cac028f,Irena,Kulisanova,
9a4f0dd0-7f77-4a9d-b24f-bd5f62b0c676,Kerstin,Ulrich,F
47b0bb0f-ae0f-481b-8ac8-ce20ae01ad93,Dan,Doyle,M
a3fcabda-7a37-48c1-a64f-11db905a8d4e,Anna,Fusari,undefined
b546d0ad-3c96-4e01-8b47-ad2ae987db5c,Sheila,Montoya,F
65496256-883f-40cd-bd97-ca0f5d0a8111,Rob,Knapik,M
d024f0bd-ce34-43c5-ba35-1102c9ce833a,Aaron,Williams,M
a20500eb-b26d-4525-bba8-d92a2379137a,Shelly,Krasner,M
af402e7b-1b6f-48af-b213-1eb5625c1975,Mark,Regalbuti,M
b2dda7d0-7c58-4864-939b-957ea8a17fa9,Bill,King,M
575fe1e4-0b65-4916-b671-4deb657dfc5c,Kolja,Hannemann,M
742d2bb3-a7dd-432d-b564-75a72dd1b42d,Jay,Mulenhower,M
c1ea0cf8-e80b-4e5d-a6df-eab7bcaf7d00,Gary,Auerbach,M
ce01872d-d463-4fa1-ba23-6650f8876e5f,Florian,Hess,M
db1902e0-6e72-41d4-a0ad-b581a1e058d6,Brian,Earhart,undefined
9f362e0d-55fe-4b09-bf1b-f8d2109bd76a,Jarod,Roecker,M
af1acbf6-1d16-4bb9-b6b8-09be0a659dd9,Florian,Hess,M
204bb27a-f0dc-41eb-ba1b-2a5e8ff2b3f7,Beano,Lucier,F
4305a8b7-3ccf-4376-ab1c-8b7d03c67f2f,Flavia,Figa Talamanca,F
dc205cc1-df79-4bd4-aa76-f6e1d5a313b1,Mary,Brenner,F
31976794-6c4a-48c6-a878-ca9db0e5f8a1,Bill,Chetel,M
389bc5ed-40a8-4792-8bb8-151439b9baf9,Alessandro,Fogazzi,M
efae4330-7d20-4580-a189-72c9e8a7b9b4,Frederic,Rudel,M
dabb3734-6a80-43e5-80a2-ab1932f62fc2,Florian,Plender,M
27d38940-e185-43bd-967c-2ddba9928b39,Chuck,Richard,M
6b436eb8-da59-49e4-9cdb-b7dea0b730a2,Sabrina,Donaldson,F
eafb5498-c4ae-4b6f-9f04-a92072b40b86,Jim,Tobish,M
d3890194-db39-4cc9-b6b9-ad107ad86fed,Chris,Budzien,M
178715fc-130e-468b-86d6-c0d3edacbbf1,Keith,Armstrong,M
2b33650b-13f0-4bfd-82ae-5623fa6f0325,David,Waisblum,M
0ef00402-fba4-44db-9aa0-773a6db1b1fa,Hirone,Inada,M
c016cd8e-f80f-4878-813e-5775db3d9a1a,Dave,Villareal,M
506c8efa-4a1f-461a-850d-b20e12393363,Ray,Hoggard,undefined
e4c40573-9728-4ef4-8714-b5efc3dbfcc9,Thomas,Finborud,M
939bcd5f-51e6-4b20-a6df-38acdab1b641,Paul,Siefert,M
8140b03e-cca4-41e0-b7dc-e57640a65665,Pablo,Azul,M
3d8330a1-b795-48d6-bb63-d02409cc8256,Aaron,Slezak,M
50712f05-92c4-42af-94ee-f32652675bfe,Matteo,Feller,M
4649038a-e3e1-4ad9-8b29-c1795bc498ee,Carl,Dobson,M
b335a42c-7108-4473-8e3c-58a5bc5ae3d5,Pat,Marron,M
72e9a8f4-a255-4ea7-8053-57601ab48f14,Scott,Dickson,M
a8be0821-6f88-4591-8054-c74bcac06fc0,Paul,Brenner,M
24fecb24-e406-4feb-bacc-5be33f02f422,Jamie,Ruane,-
f8308508-3efd-4449-a0f1-c76cc29c29cb,Giuliano,Maldera,M
2d25ba89-b076-4111-8266-57123b078588,Jim,Terhorst,M
d31c18f3-06b6-40e2-844b-db4f4e99c333,Deb,Adamson,F
b0dd670f-d82d-40d8-bfea-2373bc47db12,Karl-Christian,Storz,M
482e8aa0-30f3-4ad1-8399-f32220c5fca0,Elise,Thatcher,F
eb9cf41a-1ae2-43be-887a-7cf335937673,Josh,Emerson,M
4acc227a-4203-40e5-9e38-abf89894ac8f,Mitch,Hardy,M
eb8395ee-6755-4f0d-a9e6-9de0ac78fac8,Mike,Tremble,M
9798bf45-d103-4341-8a67-b4e25bd311ff,Richie,Wolf,M
7c3ea22b-16a6-4789-8eb3-831852ec59ff,Gaia,Massimino,F
ed90a14b-72a7-4096-a42c-59924d2c5821,amit,kumar,M
fe67c304-9ccc-46d6-ad41-4096acaa9ecd,Ethan,Lahm,M
739ad74a-7d63-4db4-8cfa-02658182e77f,Fabio,Girotto,M
27d78276-b266-4e26-adfa-94ce864ff9d7,Fabiana,Ciciriello,F
820823fb-bba7-4297-af1a-df4dd43a3939,Valerio,Cascone,M
07a4a7f7-fac2-4b09-ae16-50bbe0a7ff38,Ed,Dissosway,M
b1e4b164-8fc4-4203-ab25-8a94a64cb6d1,John,Buttrey,M
8a6a051c-6fa5-4292-a601-7e8de51ac84e,Conrad,Damon,M
59eed04c-5fdd-4bd7-b19e-aa558d1bb4a7,Andres,Serna,M
7695a354-51db-4c3f-bc4f-390648773eda,Markus,Fath,M
c6d6811d-d30f-481b-bdf8-3d0db37cd852,Danny,Cameranesi,M
f74755f1-21e0-433f-ab95-2ff2491ea864,John,Schiller,M
776d3ad1-8c18-4997-811c-6d7c8a587f73,Mike,Mosher,M
c731bdee-6e9a-4a15-861b-8bbac1419c72,Scott,Zimmerman,M
497116bb-d76e-49cf-b838-f7725a9a74f9,Tristan,Doshier,M
82ead902-ebfa-4035-9f4e-c4a9fe600622,Brett,Winter,M
6d8e33cb-dfd1-4ad0-a6a0-e656409daf52,Charlene,Powell,F
bc7b3ad0-64ba-43e8-8755-190cdd45c1ea,Allen,Elliot,M
bc4499c7-27c5-44c6-91e2-a9735601c0c7,Florian,Leist,M
e779dcb6-0bd3-4fba-9105-e0ebfc70fd00,Elena,Del Gesso,F
7ee019e6-62ca-45bb-b921-79d062b537d8,Claudio "Clay",Collerà,M
b7ee4e69-6002-44c7-b6dc-0a9eed5c04e5,Sarah,Ziegler,F
105a34da-362f-4d25-98c9-52019fed0cd2,Philipp,Krüger,M
e469f725-d81a-4da4-93c3-e2cd28371cb5,Rufus,Manley,M
a9006924-5f11-4fcc-a617-c6cf728e4b4b,Randy,Lahm,M
ebbe3a4d-8bce-42a2-8608-9b410e34b240,Pavel,Baranyk,M
e98f2bd9-b4dc-470d-aa31-681e2d78961e,Dan,Burke,M
e9f6b739-f19a-491a-ac5b-636e6447b393,Matt,Gauthier,M
d8863752-d2e1-4628-a4e7-d63ca5b31949,Paul,Hobson,M
5d87cdf0-0447-4493-a4b6-a08eeb36c786,Anne-Charlotte,Johansson,F
bc8bec95-3c5a-4a7c-b35a-d95babc8a9fc,Jessica,Ladoé,F
31de5ac1-8639-466e-a35b-06b98b000230,Terry,Rester,M
b5e1609d-52ff-4790-bf60-a9978b8c2e6b,Julia,Schuster,F
d7e8582f-4dbd-4e33-a8d8-5d1782e6fff0,Jeffery,Scalf,M
89fd89a6-6268-4a77-b5df-9da99a8b7073,David,Starry,M
9b405f45-240b-4be3-9607-1d64cb54a272,Adam,Stal,undefined
3bffe1f3-2f99-43cf-9841-61651c97bde4,Janelle,Wendt,F
0c2b75e3-af10-49dd-94d6-cb00d602c400,Roy-Ove,Brenn,M
3e381566-41bc-4cf0-b5fa-bd092c788489,Ron,Vingerelli,M
e17f234e-0291-4f33-8d32-3584ab55e636,Rich,Carbongra,M
d8ad3b9a-e3bc-4e56-ab52-3bf66fa98e3e,Luca,Muntan,M
f015dd52-a796-4559-aa16-bf241af01b1d,C Enrique,Ortiz,M
906c4250-af8b-49aa-a7f7-803366428ddb,Otoe,Aero,M
dfc56777-01a2-49d6-aaf2-e0771eb1c4a2,Tim,Troy,M
555b99b2-58d7-40b2-80a2-4defc74ce578,Paul ,Kunath,M
905be0d8-d9b3-4314-9abc-e8a5103bf936,Mark,Horn,M
037ddeb4-2605-46a2-8a3b-94e0a00cce8f,Joe,Garcia,M
526f5ac0-d329-42a6-ad6e-5b7c8c7fee4c,Joseph,Uhlarik,M
c88a38f4-193e-40f6-8434-5d8467458d70,Scott,Michaelson,M
6365477f-25e1-4a86-8c2e-62dc850ea1e5,Tree,Rust,M
0864eea8-7222-4342-ac41-aca0ae5d7938,Andrea,Festi,M
8bad136c-d34f-4fc2-bd1c-a9844922b7a6,Akito,Ueda,M
5d62a22c-fa46-41ba-b8d5-a2cf8e198165,Enrique,Ortiz,M
dc078285-e609-411f-8556-0bde19fc9466,Andreas,Steiner,undefined
67aa0d25-3643-4925-a3f3-22aebcb1856a,Mary,Greenwood,F
15565a0b-4b5a-45ad-9f69-0f911b205582,Z,Weyand,M
1411f31f-9cde-4ade-9b8b-0fb187c3f425,David,Kessler,M
49cfbce0-5d53-4d09-a53f-a720f980a4fd,Anka,Radwanska,X
b9da76a3-d3cc-46e7-8ec9-20b206b1ed7c,Rick,Werner,M
62b02bcd-80b2-490a-ad6b-d42e14eda58a,Diego,Gamboa,M
c1ee2b04-0c75-4dc0-ba7c-5c76bf82eb35,Rob,Capper,M
4c75883e-5c8a-4d0c-ab23-71df5b162e23,Dave,Lewis,M
c75410c9-2550-4bd2-8681-7d1385689c2f,Ozzy,CohenAbramson,M
34fa8490-55a9-4976-88d9-54c61fcbd5e6,Ramon,Galliani,M
0c903bfb-1f6c-4ae5-b839-8d96a47f5301,Michaela,Galloupe,F
bdd50c95-e1f2-4af6-ac36-ab3878b0614e,Ray,Rogers,M
3a49ac43-b576-463c-b2c4-c98fb1d914fa,Keith,Kleiner,M
d0b7ca70-0fe9-4916-a101-184fdb3a178e,Danny,Cameranesi,M
674e33fb-941e-4bf2-81a4-66aa1fb562da,Svante,Ericksson,M
7985ebc7-923b-41db-86fe-0a5963036003,Iva,Svrchokrylova,F
552d9993-948f-4c0b-80a4-53a2cea0bd20,Jackson,Lukas,M
cfcedc91-f8fb-4f27-a336-1c1baf15b890,Fabrizio,Nicco,M
e42f8484-6f5f-4dc2-aa56-1af69ab0df25,Kyle,Black,M
4f652961-970e-4169-8dea-267c3732cf13,Giulia,Chanvre,F
17d27957-2360-46eb-8b7d-4b3fcdaf0f10,Wagner,Mathias,M
2e5df75d-64ae-41bc-9d0d-fd79087e59b4,Curtis,Benoit,M
07c76c29-86f9-4a19-ab78-1adef3a4371c,Ken,Hambleton,M
d80fdc26-552e-4f86-8b2f-a50630cd7f55,Jeanne,Black,F
07442e55-06fd-4d0d-ad69-4177170e5495,Quinn,O'Neil,m
1456f5b1-9186-4554-93f7-eab163359493,Steve,Howard,M
050c9f19-ddfa-4fa1-adef-238dc5d9219f,Nick,Thielman,M
cd13f1b7-4f0a-4eaa-8d31-1e72b3777144,Joey,Hudoklin,M
ae801d2b-b6a1-43b7-aafd-9218d40dd195,Katrin,Schmeisser,F
b1ed446e-abd9-44fc-95d6-38414fe19d25,Chien-Hua,Tseng,M
b22ff943-ab1f-41f2-827e-2b4594e22ecc,Carina,Lindblad,M
d380dcda-6aa7-4b7f-841b-39eb885fe98e,Qxhna,Titcomb,F
12cb0cb5-db42-4cb8-9f03-3c1a103c5511,Pavel,Baranyk,M
07648ce0-e9c8-4a47-af44-1075ccafa8d9,Peter,Henriksson,M
4f974b1b-a1a4-4e34-8ab6-b1e724404792,Mark,Smith,M
df565520-941f-4878-930d-89e2505fac52,Chuck,Kennedy,M
c65863ce-b610-452c-9592-dbcb5778be5e,Matus,Navrat,M
4ac794fc-4c23-4687-858b-8903f7c56fd0,John,Houck,M
02e12cd6-674a-4217-9c27-eef0346406b1,Bob,Benner,M
0f8e2462-8773-4fd9-a11f-26c9ecca2926,Eitan,Reikoren,M
db85e3a4-f5ea-4b58-98d6-0f8085f4063d,Ken,Reynolds,M
9ea721b1-d92f-439d-9417-a77b5b68996b,Luigina,Tasini,F
3cadeb01-1195-442f-9382-e2d6c6ff7b89,Jeff,O'brien,M
050f02df-4d24-4454-926c-7ec6e8ae9f9c,Naïm,Megassabi,M
08f678f2-5407-4240-b7bb-596fbe8ad9a0,Greg,Riley,M
88ac368f-f627-44d8-8a6f-85ed116797fe,Carl,Emerson,M
192e7a5b-a8d7-47f0-8da0-49c1b9227a23,Cliff,Raskind,M
2b3660ef-725c-477b-8dc7-69d5883c5c05,Mirella,Martinez,F
ca5b22f5-36f9-4b98-a435-266806a5add0,Paul,Mihalec,M
8c5ba8a2-5939-43d9-9317-6e83444f9d8d,Martin,Mehring,M
34f830ea-621d-4123-b4e5-fa1194a92767,Scott,Zimmerman,M
635f1bf0-0df7-4ff6-99f8-930d6c012023,Beth,Verish,F
8f61aca0-3219-412d-ab02-da9bb5419326,Pan,Yu-chen,F
2f5ffdf5-08d1-49eb-9d2b-7ff48bcce667,Dave,Griffin,M
6e9b2910-78b9-4f8b-91bc-3e600a2227ff,Mario,Mayer,M
4b10aeb5-dd5f-4ec2-83b3-4c7c557be1a4,Elisa,Freddi,F
f13698a9-3dbc-42d1-8183-44697e33478e,Simone,Caliento,M
ca5da13f-6988-4380-bd42-c70266d2d94e,Dennis,Ryan,M
d3f23bc0-22a5-47e5-9d2d-034ce20021b9,Aya,Takagi,F
07ab4588-e66f-4677-a601-0aeb5adbb124,Corey,Basso,M
051cec9d-28dc-4a00-8ce0-f96ff895641d,Luca,Sanso,M
e9270a7a-189b-4acf-a3d8-8484f3049aca,Nick,Raisch,M
c7374bad-181c-4d85-bbd7-382a1faf931c,Mike,Connaway,M
f9e01490-6927-496e-b018-b06e5a17af6f,Manuela,Cardona,F
166fbe47-a9c6-4b99-b529-7bbab8553796,Mike,Crowther,M
2b6cd1d6-e78e-4a82-8b62-1170cbf1e75b,Mark,Neuman,M
e0d64bee-2a0a-46b7-8305-980b457c0e05,Jay,Hinkle,M
794163f5-3ffb-4e13-ae2d-07251a434b5d,Mike,Barr,M
35847e11-7bbc-473f-9a1a-80d528b0f564,Tony,Taffey,M
b23c77b9-d0e3-424c-8cf4-5f7bdd784d63,Steve,Hanes,M
38856202-5d15-4d79-b511-b71d0a673067,Jonathon,Waian,M
e22675e9-ea4d-411c-9ef2-a2ae694b115c,Katrina,Malakhoff,F
4a857255-12d7-49b6-8ffd-b53b42236aac,Sebastian,Rodela,M
945a5503-734d-48f3-801f-5d62df38e880,Dan,Schmitt,M
2c1856c7-fd2d-4c1a-932c-3560db98c5cc,Cindy,St.,F
bc4f8d77-d467-449b-96ad-ac2f67d9ffd9,Agnes,Lovecka,F
c233515d-00c7-4afa-a867-00e41e906b27,Mikey,Reid,M
69d4537b-e7ea-4c25-8227-7caac2c84177,Paul,Galloway,M
cfed3aea-099a-4405-abaf-469e65182831,Martin,Desch,M
d96172ed-838d-4c0b-8373-2567ea6a4b0e,Derek,Robins,M
70cd285d-d6d1-44ac-9953-c8616e2618dc,Ronnie,Turner,M
b6758cde-fd97-4a9a-a956-668ed13e1abe,Heiko,Müller,M
223d31c8-b787-47ae-94e5-3c94e721971c,Mauricio,Lobos Fernandez,
c0599016-d9b1-4358-8668-257421b2a3ff,Alfonso,Lopez,M
b9b61662-308a-4ef3-aaa4-c66ec149e482,Joey,Hudoklin,M
2300c9dd-de44-4bab-a2bf-dbdd4822ab93,Hans,Svensson,M
c3a8baee-ef8d-46fc-9036-d1128c442223,Sergey,Pashkov,M
c0597637-2367-43a4-b584-c5023bfa2901,Jim,Dodelson,M
f9e8fb74-d43c-47fa-b594-90fc4b549035,Steve,Hubbard,M
a8380944-5a0b-4bc3-bf74-a025717b02a4,Steffen,Verstichelen,M
44a42fe2-fb29-4ba4-8d88-fa00439a1af1,Jeannette,Ortiz,F
6730d702-1a7d-429a-a4cf-c8f97de8c2ab,Ivan Pierre,White,M
b7b17176-acb0-4bde-a3bc-29d2bc07c0b4,Joakim,Arveskär,M
1d59e2cb-aa10-4c23-80bb-a95a1454ea0f,Katarina,Brage,F
eaf4946f-124b-4e81-9446-c233402d12dd,John,Coxhead,M
77919aa4-c11e-4e87-b853-d837eb633293,Marta,Fernandez Ferreira,undefined
0cd8a723-27e6-4d95-8682-b97526d0bc02,Ian,Kitchens,M
51ecf150-1676-4ee5-a8ee-1d38c66ad756,Marco,Fera,M
c96d07c8-7b8f-44bd-8afb-3e32f5aa810f,Steve,Scannell,M
26d41752-ee18-4f23-8ba4-6ecf2032de26,Randy,Lahm,M
89a79873-e934-4b23-b8cf-7836a3c7bb59,Andrea,Poli,M
897ec944-6245-4a28-a63d-4272e06b0b86,Brian,McElwain,M
0e5ddfe8-af2d-454d-abd4-d0582318707a,PJ,Callender,F
37fa162e-f3cb-4127-b207-f5c0737d7078,Bob,Culbertson,M
f4cdee05-290e-4b6c-a5c4-a1f1d729946c,Alex,Pozzy,M
acd70026-9888-40d8-b21a-9662a0f7ad6c,Wayne,Khan,undefined
80fc0ac7-6dcf-4c92-b42d-a0ae01c16e0d,Allison,Black,F
270901d9-527a-4257-81af-945948a63d39,Daniel,Weinbuch,M
08e74416-966b-4274-888a-e4c3ecc74d09,Bob,Morton,M
d94f0101-5534-4caa-aea6-616d9fb06306,Trixie,Jacob,F
68f71193-9cd0-420c-ad4d-b6ec1a62ee48,Bob,Coleman,M
3a041bab-231a-4318-9f8d-8aa7d90cca95,Eilam,Raz,M
21abbff6-9fa4-4e2c-a1d2-8724201acaa1,Rudy,Martinez,M
903a7fed-6965-475f-812b-667358ea4a1f,Branki,Janko,M
f5642396-c7ea-4d9a-af8c-ce401da17387,Ben,Singer,M
1e105f94-be59-4249-91e0-710572abea67,Rodney,Gardner,M
a11e8c37-82ac-4817-a6f6-890874a9bf13,Konrad,Skorza,M
364691e5-2cef-452f-83cb-46a62047dd71,Justin,McLean,M
716076d0-eaaa-4ecd-8f5f-25d3139f6aba,Kazuki,Kaji,M
9aa9cda1-10ac-47cb-80f6-e67b435add45,Scott,Weaver,M
f1b47cf1-3be8-4bdd-b150-ac084c1f5008,Shawn,O'Connell,m
d7928b11-8ff0-4f1e-aeee-192fe4ba7019,Kirsi,Järvinen,F
99498e50-4626-4936-8428-c6fbce53cd8b,Keith,Kleiner,M
422cd7dd-52fd-4a83-be8f-553c780ed721,John,Fox,M
fb672642-099a-4f24-886b-b5225fc2c925,Demar,Wagner,M
9326906d-34e9-43ff-8dc2-4238ee6b88cd,Jonas,Bengtsson,M
78100696-f0b3-48e0-be48-b837d5c18c1f,Ilene,Uhlarik,F
4ed0b50f-3fbe-4158-a12d-38e35ee8a191,Markus,Kjällström,M
8676d4f8-8f63-46a6-b545-ca2d4ee51fe6,Yasuhiro,Komori,
2a0542d2-f504-432f-8353-4f34c5a15c6b,Andrew,Schrank,M
7c954ec7-b3f5-4841-bfb1-597b4d47f335,Erin,Waldron,F
40086723-9cb2-457c-95d9-7d92dac2a01e,Ilona,Leonidovna,F
6ba1ec27-cb49-4423-a577-394ffb2ab058,Balázs,Major,M
7b65a007-b333-4cb1-aa36-af40c20aaab4,Andy,Shrank,M
d1854567-0512-4bce-931d-6a41a9da7f14,Marco,Prati,M
a7d8afcb-02ce-494d-aee8-040d525fee56,Alessandro,Tamassia,M
7121cc48-ca4a-471a-876b-9feb1bc34eaf,Glen,Noakes,M
655e52bd-9fed-479e-a5db-e0cef503130f,Nicholas,Reichert,M
830f0262-abd1-4633-8d7a-00a53adb586e,Justin,Bogen,M
91afd2f1-e759-4dc1-8726-940703a3b779,Johnny,Melfi,M
5e4811a1-873b-415c-9e7a-846b0062abfa,Gene,LaForge,M
c28d74b3-7455-457f-a422-ecc6f567208e,Marco,Chessa,M
e40aea74-642e-45f2-8de0-b06b45103255,Rohre,Titcomb,F
fc2d9a8f-777e-4985-9273-358c32451fdf,Conrad,Damon,M
b0a1a74e-a1f6-4d7d-8355-e75eb9324235,Hirom,Bale,undefined
b4c3f74d-d2bb-4557-95a4-8d24ad1707b3,Pat,Shartrand,M
e4b0976b-5b18-4cb0-957d-6dcacfda79d4,Manuel,Cesari,M
a5d8efe8-0765-44bb-98e8-21a2d89b2203,Julie,Edgington,F
25bd04aa-000f-4369-b23d-0cf727946d09,Steve,Deering,M
761dbe4d-4fe1-4263-b3ef-79a714bb4221,Greg,Anderson,M
79b1c63b-bc3e-4ea4-b896-2efd5df4eb0b,Matej,Kostel,M
70dceb40-e836-42c0-b82d-1fdfa65714e9,Lawrence,Frederick,M
c6cd0563-21e1-49f4-be58-405bf48399ec,Zsolt,Balogh,M
e498abd1-9a5b-45d5-8d2f-7190739e7cda,Jason,Thelen,M
4c68759c-d5ff-4f7b-bca3-e254fdd0dded,harry,boate,M
b69b69d1-8530-4b53-81e1-7a26f2f8d96f,Olga,Fisnerova,F
cd72cb7a-6e5e-4b0c-8132-6b07a391fb1f,Henrik,Klein,M
9f94a31f-3b19-4eb1-ba1b-8c12f1bbb0f9,Gerry,Geare,M
2d0f69ff-c6bb-4582-9555-22fa988fd65e,Israelita,Olaez,undefined
b69fe309-44b1-42a7-b12a-f23d1fe81339,David,McCormack,M
0baac4ae-6d1f-434a-b9a8-da7cf81ebb26,Natalia ,Agudelo Muñoz,F
238af5da-6a31-40fb-85d0-7445b83c7e6c,Tim,Brodeur,M
a38d1acf-571b-4400-9462-6df9769d18de,Scott,Starr,M
3ed3f967-c23b-4033-9353-644978bfc955,Nate,Joswiak,undefined
fa58597b-a811-4496-bf8f-6856bbfff339,Kevin,Breslin,M
8dd80e33-1452-42de-ab92-a1b73816a5d2,Freddy,Finner,M
6d5facc2-1234-4ed0-9985-55e4d4eef08e,Brendan,Griffith,M
1d9c469e-ac27-4fc8-aa7b-9e4b603c2016,Daryl,Elliott,M
889c1e45-31f3-46b5-b57a-f10e1b4bd147,Angela,Maria,F
29fd461e-b51e-433b-b0de-70201d7a26e0,Tim,Mackey,M
24966afb-dbfd-4926-8896-6929e256fd8d,Trevor,Harris,M
b4c3a53b-b07b-4e6b-b7ae-a2fcf3e00b0e,Jens,Friebe,M
99027c1f-82da-4606-8949-d4976dbfb999,Shahid,Islam,M
10da05d2-c32d-40f3-841b-d9e65a6fd09d,Brenda,Savage,F
9feb357b-7be5-460b-a04b-527d9a1d2e45,Manuela,Amaya,F
413bfd31-3d69-4d58-afb4-4942683da3d0,Jason,Davis,M
5584bfec-4331-45cf-9a4f-6f0a2dc47c93,Nick,Newman,M
d77fec0f-bae6-431e-854a-f3d590f3d5fa,Isaac,Doris,M
8ee16ee0-7ed0-46b5-be92-0dfcfd761266,Dan,Swanson,M
3bcf6072-5eee-4069-926f-93ccce557d7a,Carlos,Julian Obregon,undefined
9bfad1b7-3996-4fe6-9a4d-50e015cc9edd,Bill,Dubelier,M
384ec1ba-6103-47b8-b14d-5038658ab01f,Albin,Lindblad,M
6e5e20b7-4c13-4edb-b78f-eaefead35630,Dan,Turner,M
56b7b68c-25e8-4207-80b3-e9c5b963a8d5,Linda,West,F
f67ccb38-a89b-4433-9f1d-e12171069699,Corina,Schusfer,F
d727d2a9-dd81-445c-8078-d6ba21c2b23a,Willie,McBride,M
92bb8fa7-a8a6-4357-80b7-28cbd2483fce,Steve,Leak,M
f546ebb6-3dce-45bb-aadb-2e7c545c4d12,Andre,Zaharias,M
d58524eb-97af-4bb4-885d-c225f4d40a44,Ricardo,Montanari,M
6cb6465c-65b3-4dd3-9a79-a8078162324f,Andreas,Fernlund,M
174aea59-3678-450c-bbde-f2c417eeb56b,Conrad,Joe,M
9cf1ae3a-8401-4a03-b1c2-dc656da5c334,Craig,Osgood,M
1969853d-d9b6-4b85-be68-694ac0c668a7,Dean,Porter,M
568edbe4-5e9d-4a74-bab2-ca935602cb75,Kaito,Ouchi,M
0e1f78f4-33ca-466a-a7de-9f5a22486baa,Balthazar,B,M
e5e29044-b725-4183-960d-f07b336d39ef,Lucia,Navratova,F
8bf462d7-2b29-4aec-bbd3-e7853ad22a8b,Gary,Lopresti,M
853bd4da-b811-4eb8-abe9-776f5129409d,Mark,Boseman,M
a7db59d4-fc01-4d49-ad00-8e48fe5ce7ed,Jeff,O'Brien,M
172f8e38-238a-4480-b301-e490df1591c8,Enrico,Barsanti,M
f38f94ad-d545-48d5-9a01-73bbe63d70e3,Chad,Dickson,M
ce3c1e8d-ce11-4712-9f1e-57741b7a6853,Manuel "Cuqui",Viner,M
051d31fc-0b62-44fe-b722-128f560eafa4,Dave ,Kuettner,M
9f669b25-f498-4841-b341-5d6cfd231e02,Jerry,Perez Jr.,M
3d30783a-79b3-4672-910b-6aeff16cc104,Johannes,Bachauer,M
561c5581-092e-4bc1-ba4b-90c5aac9a1fd,Frederica,Unknown,F
16ff6d3b-2dc9-4552-90a6-1f5d5559bf62,Ron,King,M
fb0d6c51-cbfb-45b0-92ab-101feef7621d,Bob,Cooksey,M
49719aad-80ae-43a4-8662-b85e13504c06,Kevin,Surdyka,M
e151c711-7160-4555-adfb-a060a776d794,John,Barsky,M
5edb2314-182b-4d94-8d51-054c10f965a3,Matt,Oller,M
a6486b93-c6a1-4139-bb44-715ab3815f8f,Kevin,Konsorr,M
2543671b-b588-4b0c-a26d-0d68da805dca,John,O'Malley,m
756f3ae1-4b71-4f4e-9151-09f51a6f752d,Fabio,Böhm,M
43b419da-ddc5-444a-9b02-3adec05b0d79,Carolyn,McRorie,F
61028914-8aa1-486d-8b32-538e2b9ec72b,Shannon,Winn,-
677ce12c-dbee-4f75-945e-36e54ab4af1e,Peter,Albers,M
78fbdd5b-bbbe-4a93-ab3c-bd649a3b187e,Alfonso,Lopez Velez,M
175d0ab2-50bc-4f4b-a0bb-7ff462fd8b81,Mike,Duren,M
5fc54ce0-61cf-4c95-8989-1891de8e5ea5,Lorenzo,Apriani,M
ffa30774-74e3-4845-8571-624dde36b901,Tang,Der Hsin,M
4b0cd653-6569-4b74-8d92-491022cc4564,Mattia,Colombari,M
0a56e25f-621a-40fc-994a-82a7d1c4837f,Susan,McElwain,F
7833d204-6e86-438c-8f4f-5cfa57be9375,David,Bikerman,M
b9fc338a-fa46-457c-995f-1cc15e923e41,Per,Fällgren,M
99591660-6bd5-4178-a738-e0f8304172a3,Heather,Gray,F
49594e0b-bf75-4adf-81c4-a8fca04cf721,Avihiy,Haim,M
38ff2b13-2c7c-4e1b-ba66-2634832812f1,Henry,Snyder,M
76fedec6-dd0e-4d51-b52a-bb8817d5a151,Mario,Soler,M
08f85e2b-7efd-4e8b-adcb-18e4b4dec881,Matt,Goldfarb,M
92560944-1a64-4b25-92f0-8a5f7a1f5f18,Gary,Oberreith,M
158c6b5a-5214-4082-a52a-da5937930b7f,Neill,Ramsay,M
ddcbb980-2d56-4a19-816a-f91011c62f21,Bill,Ashton,M
91bc858b-15b6-4e4f-9318-70cf29e2feca,Pablo,Andres Mosquer,M
7389c59a-9c28-44a4-b824-5ec8efde6a73,Philipp,Ludwig,M
afb8830f-40fe-4e73-8d97-9cb432e0bc09,Dave,Steger,M
e021568b-7eec-468d-a6fe-02551966b5ee,Gene,Ray,M
f45934b4-0b59-4e38-9d88-51c54a109d77,Mary,Lowry,F
74223ffb-2ec7-4233-a7aa-ad5c1e1cf273,Ed,Schorr,M
2ce7f6da-286f-497b-8723-51152d0bb7fb,Cedric,Stevens,M
5635d8c8-2ca8-4b10-9f29-2d9c8897f449,Adam,Wright,M
0a9ac9c1-ad92-49be-b533-b3a8e2246731,Chris,Bellaj,M
26afd65c-3a23-4c76-80a2-aa5ad1ca97e8,Maurizio,Ranieri,M
3a90d039-f61c-4d42-bb1e-336bcbcfea4b,Dave,Murphy,M
057453d2-20de-421f-9fd6-ca7501c14e89,Randy,Silvey,M
6231cc5e-8861-4e93-89cb-be2d0ee5586f,Mike,Young,M
10d78f5e-1971-456e-8322-098c0607e7ab,Bart,Lodewijk,M
9397e1f5-800c-4e00-b145-c4c2f31a7f6d,Scott,Kincaid,M
ff38b0ca-7812-4b58-a225-113e7617ba3b,Riccardo,Montanari,undefined
0bc31a7d-35a3-49bf-859a-15bae96cbca1,Alf,Saunders,M
d177e18f-63dc-4e4f-a2e3-ca54169cb27e,Jens,Velasquez,M
52d23da4-8d70-45b2-b788-5f9bcaf77da1,Emmitt,Kuettner,undefined
939cd141-f6cc-496d-8ab2-b003455628e6,Rita,Pennacchio,F
3a79f19a-f2b1-478e-9787-1d17d4916d7b,Murray,Lauder,M
e7968868-3a9f-43a7-b9a4-000a679226ab,Jan,Dufke,M
98613fcd-c56b-4ef1-a4f6-1841c51425a4,Joe,Christensen,M
75ad71dd-419c-427b-87c0-5ddb9dd4ae7e,Jiri,Krotky,M
e612515d-c26f-4acc-b852-8facf535b349,Carlos "Pipo",Lopez,M
bb1db985-c401-4cb9-b838-2acc0332d9bc,Riccardo,Bovicelli,M
265d6649-93c9-4cb2-87ba-870a18ad91e8,Tyler,Rentz,M
e45128f3-ac50-4a67-9dbb-7346e0483c4e,Casey,Beuamont,M
3b0b2981-299c-4e42-ab93-4a8f8e153231,Tsai,Shin-jung,F
1decfd58-4ad2-4e1f-b113-a5db06181308,Keith,Mahan,M
31b790f9-5e5b-406a-b5ee-18440437e1c1,Espen,Mökkelgjerd,M
a43c5b00-0d4c-47a3-bb5d-d62bb058c8ed,H.B.,Clark,M
92b3a4ee-fc45-40ad-8171-dadda5d9ec66,Stefan,Karlström,M
e89014d5-9390-4251-b70c-a80ddfb3e904,Emanuele,Zetera,M
1e386681-cc16-4747-9b9a-6dc15565edf4,Fabrizio,Stefano,M
d39ab5eb-a27d-4662-b97f-a0014323b6ba,Stefano,Brancaleoni,M
a383efb8-200d-4e57-9ad9-61d5ef0b04f3,Doug,Korns,M
94a379e3-978d-4a4b-9205-5ddd1bf4c647,Boris,Ruhle,M
7f386fba-e70d-4cf3-848c-4ac2aeaabb10,Yujiro,Suzuki,M
f9e41559-8032-480e-bbee-1ecfe62b0791,Charlie,Richards Iv,M
80275301-4d6e-4c3b-b76f-20dc6d67965a,Alessandro,Damiano,M
939e3f0a-c845-4154-b7e7-1e7b659f110a,Nikki,Ross,F
538bcc1a-e442-4ecf-bd3e-4ad1b3de8980,Jack,Stanton,M
24bd10a5-a6cf-47f2-ad7b-3163398e63a4,Pipo,Lopez,M
4eebb67b-868f-4fd9-871f-5f76587248a2,Jean Marie,Abel,M
22477875-7a19-4081-8883-5067ebc9d394,Christian,Loiseau,M
e5dc0e12-2e11-4e93-81e3-be94a2058c91,Tim,Pattberg,M
1daa5ad5-66cb-4edc-8c06-2ad5452097f0,Mehrdad,Hosseinian,M
dcfafd24-fa19-40cd-9c9b-e7e871e329c2,Mateo,Espinosa,undefined
13bb1350-2799-4ad9-bd6c-3fd338a43ab5,Stasiek,Sapierzyński,undefined
71e8d58c-e4d8-4750-bd33-95d5bbd9f86e,Mark,Vasicek,M
2ff25c21-6148-490f-88ad-3a8fcde4f3b3,Mike,Sigrist,M
873384ca-f960-4d12-b998-e2a71d05a989,Mattia,Colombari,M
4f535b3c-3aa5-4257-9293-122b9b7660bb,Dave,Bolyard,M
39f36c84-fef6-45c2-9358-f3c4e920f838,Xtehn,Titcomb,M
987cbc61-e7e3-422b-ad7a-abbf6fa3a72e,Nolan,Rhiles,M
704aca8a-721c-44a0-a720-9ebd2756b3b9,Alessandro,Berra,M
1f56f1d3-717e-4d13-88c2-1fb4ab84de5a,Lukas,Lacina,M
d35c067e-9cd3-40cf-856f-ceeeb7fbd7c4,Baba,Brak,M
fd0872f8-92e5-42bd-9162-e9178bd6ba71,Dan,Berman,M
98da5870-172b-40d2-87e8-f0fcd2e16760,Sara,Cordero,F
408d536f-4bfc-4943-83d3-7a55a3d2a578,Don,Steinberg,M
d52c7a1f-406e-4846-8fcd-10878c3c1fe2,Andrea,Poli,M
f2102210-39cc-4210-b6c8-a3f21815d8b6,Kimitoshi,Murakami,M
dea1e3a7-77b9-4b11-9605-9c9aca5e06ae,Tim,Mackey,M
56c9f257-4fe3-417a-8877-0c3a33cc9060,Don,Bowsher,M
8c9b3dc4-85bf-4010-b59b-6e7f6832e8ac,Marysia,Ryszarda,F
8f7d25f0-8920-41c4-a546-16a6238c1563,Annalisa,Bergonzoni,F
59d96a83-2b09-4b00-8298-5280e2fe8f10,Julien,Ménetrat,M
54d73088-5d90-4993-9d40-058a3c1312a3,Jeraume,Fink,M
6435671d-98a9-4df0-8c66-71e06d4cc7aa,John,Coxhead,M
99bd08be-0e94-44d0-a790-81326a4b9f92,Emilia,Zoila Hermana,F
acc96d87-6252-40dc-9358-e6329616b60e,Lars Ake,Vinberg,
7cd6e721-2997-4ebe-9cfe-c42e8bea7660,Ted,Oberhaus,M
cabbc03d-29a4-44b6-a68c-7f2a244551d4,Joe,Gamon Kossi,M
e8bcd0c2-14b2-4948-96a8-6c65f9033697,Aria,Andarizig,M
12d2590e-bdbe-46d5-ad22-d654cf3a803d,Michael,Fiske,M
a83a4856-6e14-48d6-8fae-1dac03610b7c,Lori,Daniels,F
837f082c-796e-4a52-bac1-a83bf632d4b1,John,Collins,M
a590350a-a779-4f44-933f-280af48c5f06,Stephanie,Chan,F
5e237269-03d0-4dda-925d-d5b0520c50b4,Nick,Purpura,M
9fb9d2a9-73c8-47ec-9032-407128ce68b1,Jason,Mcglade,M
2f54c72a-87b2-488a-8f0b-8ac06c547c62,Paul,Klemer,M
0adee40f-1334-4674-a4f8-411f82ad13af,Jim,Osgood,M
75e87f71-be86-4bbc-b911-c49fbaa9994a,Steve,Cobuf,M
743c003c-3eac-4976-b2b4-0b3040301bad,Brian,Meigs,M
d4e7f566-549c-4b1a-94e4-3b50493e5753,Paul,Kuffel,M
89a99990-afd0-4021-865e-66a485450eca,Shori,Ouchi,M
e409fb02-e670-4cab-8d37-c57d8b5e4f1c,Dylan,Rocha Pires,M
fbcd9957-94a9-45b3-9e32-0d092e292e6a,Riccardo,Montanari,M
9b62bbed-8bd3-448f-831f-78b5b85a00a7,Matt,Hull,M
86accf13-e095-4afe-b836-d0681e4cc460,Chris,DePaola,M
c4ee259d-931c-421a-ac4e-122e33dc23d8,Kristina,Gillin,F
3bc6ea5d-a434-4faa-b223-d142e8df471b,Michael,Brendel,M
24838086-c2d8-436d-b2bc-82de2d1bf9f4,Jessica,S.,F
8aaeb521-3ccd-484a-9e1d-71d2a84cff2c,Randy,Bailey,M
68d9312b-dac6-417e-bbbc-1a83e135fa25,Mirco,Zanchetta,M
89f639de-0565-480a-9588-b32b3557da42,Tobia,Valente,M
758dfb10-450b-4f71-bc62-2230940f4950,Roland,Karlsson,M
9b84a15e-8b8c-45b4-80de-eaa289629d41,Roberto,Pizzi,M
e346ad0a-c74a-42fd-abcd-a692c0268284,Fabio,Possenti,M
17f323a4-f479-4080-b02c-fc97f9c867c8,Dima,Pcholkin,M
7ca7d6ba-86ec-43c6-9bea-cc41865d3a24,Doug,Korns,M
a266c12a-96de-4a7e-9b84-6ac05302d379,Gabriel,Schlemme,M
6929380c-4ba5-492d-b648-21ad830a49ed,Danny,Miles,M
81828372-4545-4989-a73e-5905941bc7e3,Deana,Guadagno,F
f47040ce-81a5-40a3-8b48-7ca696402825,Lars,Neumann,M
1545bee6-63cf-48ed-9a90-2df7220d95ea,Jiri,Sedlácek,M
f60ec867-aa9a-46ac-9690-0e8aafc24485,Roger,Cansler,M
9656abfa-53e8-4913-910f-1ea06abb2e01,Brian,Roberts,M
1d428e2f-f0f3-4790-aa62-e42bcc940ea6,,Rummele,F
d53d4417-ff94-45f1-836b-7fa9d1fea6fc,Speedy,Guerrero,M
ec16fe4e-fe6e-4aca-90f3-9e7a39d5538a,Jan,Schreck,M
e4d1701e-bba7-459d-b9c9-9694d200df15,Jeff,Olmstead,M
2dfd4574-15a1-4d57-a7b0-08b55ed2e9f6,Andres,Figueroa,M
64036b02-dfa3-4aac-90ff-f17c80f896fc,Angelo,Mancarella,M
c7321ae0-4345-4eb6-a103-2a8fedbbe55a,Jonas,Schaefers,M
6b671d8a-b5ae-40f6-bfb9-101fb51bf02f,John,Anthony,M
23c41ce3-59f3-439f-8a02-c423ec115321,Joan,Matteuzzi,F
9ee528ea-28ba-472e-b3bf-b3a5db92a686,Andrea,Ludergnani,M
ed7d6aaa-745b-46b2-a188-81cab5468729,Mike,Hughes,M
206f6567-4484-453f-888c-b150b37c1166,Geoff,Gregory,M
28f89682-bfc6-47e5-add6-a1fb5b242602,Mike,Streety,M
bcae8568-709e-4e8e-bd72-d5df41d7605a,Klaus,Ruppert,M
d0bfe3e1-89b2-40f7-b4ff-1602b4e490dc,David,Marez,M
9c98394f-a137-4a11-b20c-618966585c1b,Theo,Liegle,M
6b7e1dfa-a4f7-4688-b77f-2b4547a5c62e,Jordan,Huston,M
47b2e188-4e70-4400-b16f-f949aa01596a,Drew,Preiss,M
b002b210-ed07-4cab-8b47-c198a9460fba,Angelo,Trevino,M
7fbca7ec-7fb5-457c-80dc-98945b98253b,Carlos,Andres Echeverri,M
70d1dd1e-c5c4-49d5-b15b-824625e2e8bf,Judy,Robbins,undefined
10d64539-2af1-4591-8e01-52a858236cfe,Tim,Sahlit,M
a2d12d16-5db2-4ab1-b80c-846ea13f826e,Wendy,Dushman,F
fb76e3cb-57bd-4f1f-b53b-955f9a92a599,Daniel,Nothaas,M
5728130a-ae67-477b-9d5d-231fe6dc4207,Neil,Gardner,M
9394519a-9a95-4e2b-8b83-2f96e59a1aa1,Luca,Trotta,M
4971f28a-9eb9-412d-9fc2-6cf0e48d2da6,Lagoutte,David,M
859a6885-14bc-4f68-b7e8-d80c552d8d61,Dwight,Doherty,M
47a60542-b2c7-4665-b56a-e1b665f7a3f0,Harald,S.,M
94746422-8d70-4628-857a-814f50ffd04b,Mike,Slaska,M
60fe8f4e-51e9-4185-9d5f-cfcdb6097c0b,Stefan,Weinreich,M
970db825-af0f-4835-a966-3a748d1aabfb,Malte,Berghaell,M
42e1369c-ee5f-4f9b-bc17-60a48e0c8f7b,Yuriko,Sobue,F
bfa46095-fb4f-4688-98f5-faae2a41ae15,Petri,Isola,M
e060ae7f-5319-4a8f-8242-0f2613e4f299,Nancy,Malakhoff,F
48666bb6-07ad-4742-8d37-37ec6890e533,Todd,Canuel,M
085844c1-dc63-4447-8477-dfdb8b9aad74,Angela,Cusma,F
12b620f4-e9a2-42e5-80c0-e1de7d7c0a77,Jeff,Sewell,M
8feafc55-1f75-4cb2-8281-44821aecc88a,Anna,Longoni,F
678468ec-c080-4fd1-a662-f92329980b1f,Kijo,Yamashiro,M
f8368f38-1d78-4512-8d04-6f8878c9631e,John,O'Malley,m
81b7fe95-9150-4160-b05e-a602839571d8,Jeff,Kennedy,M
12913346-e6f6-4ca2-a7b9-8aa38e65ab56,Tito,Torres,M
18768197-9dcf-480f-bd2f-d07052f0b799,Diego,Pardo,M
a0043f82-d8f5-4f18-9ddb-a51ca2eb1ad7,Chris,Oien,-
55595f3f-bdfb-4159-8ac4-24ebb0b79044,Robert,Dittrich,M
51603315-8198-4577-9e68-686846f8c573,Crazy John,Brooks,M
830ee6eb-77fe-4f4d-b6fc-6adf2695be02,Fred,Salaz,M
6e9e66a7-dab0-493a-8d2a-dc695505295a,Brian,Bohannon,M
24545fbc-1275-435d-bc82-2aadd0d3b165,Greg,Goren,M
67464ae1-4294-4302-be13-3d3d7be8b002,Cliff,Hanna,M
36fbba20-8c6c-43de-bd93-25f12386d2f7,Damon,Allen,M
808adf33-9af9-489b-8cd0-93a7281e7c06,Anne,Goh,
9c6a367c-fce3-4460-b256-d03491c4bf11,Doug,Fresh,M
eac719fb-0573-4b64-85f8-a206ed02fce1,Deaton,Mitchell,M
b751e7a4-e817-4237-ab6c-85b86c1f0c0b,Kim,Caldwell,F
84bb0536-c5d9-409b-845e-f4b6da64087d,Elliot,Wentz,M
7a01709c-0fd2-492b-a6e1-59cb4906d0c6,Larry,Imperiale,M
13ae4783-9bca-495d-9433-a4de0d777d9e,Alexander,Alexandrov,M
33c6f188-0aa8-43fa-9a06-bc76c3fb1372,Pavel,Hanka,M
a94c2928-a310-4a6f-9416-0315c9a55f18,Elena,Dalmasso,F
1e345df6-1ebd-4993-9bd0-8a6622d6b520,Janine,Warg,F
e5cfeba5-6d14-4c7a-b307-9ddf9378198b,Regina,Olnils,F
9c6428a1-0c05-4f8c-8a25-4742c9ec13b5,Gary,Edge,M
885cb54f-2437-4b57-93bb-68d773e8f252,Amy,Bekken,F
c4e61350-313d-4948-b688-a18e1573ecbf,Sandy,Kelp,M
a1acc33f-c579-4155-bd9d-0d3a75833e3f,Mike,Sullivan,M
e924d2db-12a8-4e21-9608-ac0783e42e74,Phillip,Polski,M
3f4dd168-f0ef-4656-9882-f03a7e61f1d2,Javier,Pietrangeli,M
827cf6d2-758a-4ad0-a987-4669a4a7382f,Carolyn,Yabe,F
fdb3c540-3fe1-4ed3-937e-426a6191f0d5,Randy,Wylot,M
79f89acb-d4bd-4fc9-bbb7-003a1b3066fe,Silvia,Caruso,F
82d90e1a-44c9-4252-bc60-6250a9d001a1,Jason,Heline,M
111a8196-b08b-403d-9405-0d1b60071004,frank,anthony,M
f99d5dab-55f1-4db0-ac09-1b2370e2e567,Cheryl,Kenny,undefined
135fad62-c74f-4df0-8f79-ef46264510ab,Darren,Edgington,M
8c35161e-ba15-45a3-98c7-73a5b9cac563,David,Vescio,M
98625792-1906-4ae1-8113-ac86e8f4ae54,Amy,Schiller,F
6d4648cc-4bc4-4518-b7e6-3b66e18f3223,Ozzy,Cohen Abramson,undefined
f3ade7fd-b582-4a97-8e15-52a2ba4a4e24,Steve,Scannell,M
71619872-2d31-4d76-8c43-736b665f07b8,Peter,Jansson,M
fd2d270c-92ad-4c0f-9c16-d412da910fd7,Kurt,Walter,M
e58d762d-f501-4e5e-8a36-a07a1743c367,Kazuhisa,Terakaku,undefined
393b5cac-1469-4db7-b589-74297692f594,Brian,Traichel,M
7b58dc5c-d080-4e50-94d5-7c78418796b6,Konn,Kummins,M
16f12575-1d08-4c49-bbe7-b27bc071888f,Rob,Fried,M
2465144d-6b2b-4166-9425-3da84f0e989c,Maria,Krajewska,F
7602e8ad-8f57-4a19-99d6-79d76cdad62d,Emilia,Fongi,F
4e889a4b-5538-459d-bcd0-3b4d357a80fe,Keegan,Eschenbach,M
4e424760-3e77-48e0-b20f-e10824d24fa4,Will,Ho,undefined
95c956a5-7ffc-4c94-9e06-f57052df201c,Jeff,Eng,M
94dc234d-1770-4171-958d-3132dbe5dada,Fabio,Caruso,M
b66465b6-249a-45fa-ae26-cdbf2728cebf,Yarden,Gefter,M
db8bc593-6abe-401b-94b1-7eebc113ae9d,Mafer,Bonilla,F
7478b737-8c88-4e30-a4a1-fd7b44d62d1b,Pat,Rabdau,M
0b55b413-a299-4f70-bc87-1775839c6ad1,Dominik,Rurek,M
27de3c26-91c1-48fa-b734-4f678a594864,Emanuele,Faustini,F
37a5de16-cdf6-41a5-807c-08c45b72323d,Mark,Anderson,M
ae46b810-37e6-4676-95cd-362f994988ab,Jim,Dodelson,M
a3215ec3-3fc0-4d2f-9a65-64032b7b5e82,Masaki,Hirashima,M
39eb0594-1596-42af-8fbc-e0a909b3f5ee,Kate,Gester,F
3c2be0cf-d7c1-4738-87a7-de17c887ed69,Lee,Hao,M
44716c10-631d-4e78-a46b-e3ad46752358,Motohiro,Hirabayashi,M
a535bcb8-b7ab-479d-b930-afc286d5c245,Frank,Wulff,M
6ee32aa7-1320-44c5-a018-93a38b1108bf,Rich,Darter,M
c6c74cf9-b250-4c73-a766-13b93596b6c7,Michelle,Sobiech,undefined
96b9e509-e627-4d2f-9a5c-493f408edb52,John,Lasky,M
2bfd8f3e-86a6-49ca-8da0-81745c0556d6,Marc,Pestotnik,M
8b9ddbdc-359f-4a5d-9967-14be2842c17c,Dave,Zeff,M
ba534eae-1ef3-4938-a4b1-ac6655b9eda6,Gianluca,Giglio,M
75a3d341-3fcb-44e7-9de9-9b55e70cb479,Jan,Vincent,M
fa56ae6e-ff4f-4172-8403-1c81f0fa8f37,Marco,Sanna,M
72b0b232-84b5-4545-bda8-3a6156b073ab,Alan,Platt,M
403a28b1-23ef-459d-a4c2-f6a2efb584a9,David,Voisin,M
80633a92-68c9-413b-98c2-a2db75e322a4,Leyland,Bolan,M
254380e6-d1e5-447b-9e30-3d5c75ebb583,Philipp,Lenarz,
9ca911e4-049f-4b0e-a613-2c1641b4fa87,Samuel,Cardona,undefined
33750ef7-3c3c-415b-af1c-fb73b37c5363,John,Osgood,M
db8ec8d4-855d-456f-81ce-4b72e6f24ab8,Brett,Schramek,M
8f7ba1a7-ea42-499d-91b3-f74d0d7d8ddb,Edoardo,Favorini,M
33c58b30-8afa-41c8-bdbf-6a4d117f9e7c,Stefano,Bellucci,M
b76303e6-8b00-4fb7-8037-eb3ede9ee89d,Kelly,Bird,F
16b0e86b-894e-4701-bc3f-ba241e850cb9,Kyrre,Kristiansen,M
f3c2e960-a287-4f4e-b2f9-4600ad8a1dea,Andrea,Izzo,M
699bedd4-7d94-4fc6-bb50-8b796c79cdd3,Lisa,Löser,F
98353d7e-04e6-498e-baa4-4218550e7067,Nina,Laas,F
5ea73924-45f1-44b3-a745-2644de2595d4,Marcel,Gut,M
fa9c4b18-6224-44a1-b184-ae15c1cf3f74,Omer,Rosenbaum,M
d1af6a6e-f702-4376-b7a1-5e69910dbdf1,Jano,Goliard,M
49730b24-72a9-4c2a-bc0b-e5229d32f3f9,Frederic,Finner,M
8a8a62d3-6b2c-48b9-a8ec-907553c20ed5,Danny,Cameranesi,M
f74ce462-98a1-4ab1-98b1-caf4267618fc,Kerry,Dunning,F
22a1b494-f320-4fe9-af1c-0f36f0352bbd,Jonas,Riemenschneider,M
8263c243-b81f-4403-ae29-8ac9f90eaf85,Merrill,Detwiler,M
1ccb500d-a4eb-490b-9ae1-06399332111f,Lukas,Lacina,M
b2ae2be4-ea47-4d08-a0e1-ab4c946f26dc,Roy,Barrett,M
6216fe4f-d5f7-4f80-a93d-d925ed773ccc,Yung Kai,Liang,
3c820fd1-9c5d-4255-bf7d-bbc0b1d4a9c6,Peter,van Gool,M
bb8b3242-fc48-49d3-9c4e-9f9b31a7551a,Rivers,Sherrod,-
636378ef-75f5-4524-b9ee-fdd27ec36a71,Johan,Rabell,M
ca1dbd4a-f5cf-44e9-96c2-1d43cc62e52a,Jay,Moldenhauer,M
cccf955b-3a6f-4ed3-bb93-36cfa9592aa2,Philipp,Maubach,M
2bd14e45-cad7-4acc-929c-309a6fc70116,Mike,Prost,M
6aa12669-3328-4a07-8132-1ef19a0928f5,Maurycy,Szpak,M
c68f31c5-596d-4dd6-90eb-10be038f90e6,Dai,Takakura,M
e066631e-28b1-490a-8eb8-89e7f80357bd,Dean,Marshall,M
a8262640-a1ed-4722-9dc4-5bdd28c896d3,John,Duesler Jr.,M
afda3d1f-f830-4e58-b3e8-bf44ecb14e72,Chris,Kohn,M
6197d344-75e8-4f86-b104-160645bde241,Gary,Auerbach,M
2a7b03f0-8470-4c1e-83b6-4a44b8b1ae5f,Manuel,Cesari,M
db08c351-1c00-4476-a8b6-a67ff8599f8e,Yuta,Saito,M
47476e5b-0e9e-462b-894d-47fbbe75e1d9,Tobias,Shelton,undefined
8e2269fd-275c-4644-9b30-54392e7ea6e3,Matt,Gauthier,M
17ed10f5-00f5-4d02-b45e-40344dd771aa,Mat,Lee,M
48b673e9-b82d-414e-aa43-c80321748218,Scott,Severnson,M
c4d0325d-a791-49f7-87c4-16152c4bb4b2,Dan-o,Porter,M
e25b7a14-91fb-48e9-aca5-780e4f56c297,Raphael,von der Grün,M
efe86f56-2a65-4dfa-b8f1-b6b418bc0c39,Bob,Boulware,M
098426d2-432a-42e2-9b6b-4467d7b6a22f,Padi,O'Neill,-
2b3a4f20-3185-4862-95bc-bd7a2c8bb30f,Scott,Roebuck,M
8a06412c-a0b4-4003-9e3d-48dbeacbfc37,Dale,Dunavin,M
1e8e60d9-ea85-4c64-afcc-3a661237fb20,Ludde,Andersson,undefined
37b1fc92-daef-40b0-bccc-68491e355503,Rob,Fried,M
fa1d47ff-de97-4f91-be7d-864c86b8887e,Andrej,Adamcik,M
5f08496e-7443-4767-a98d-71ac958e416b,Michael,Rausch,M
182306b4-e4d7-49e3-b222-d0939d02e75a,Judy,Robbins,F
404b5f16-fd7a-44a2-a8d3-b47f68712013,Jon,Layne,M
fecdf790-5e5a-49c4-856c-1e356d2ac113,Tomas,Burvall,M
6de19d49-0a3a-4c06-b2a0-aed55a55b316,Steve,Hartwell,M
79a620fc-bfbb-43da-a3f9-5477d2a77903,Spencer,Hovel,M
1e9f31e1-c501-4f76-ba87-730e059db1f1,Polly,Sacket,F
aaab1df5-804f-4b07-9437-80550a81d387,Magnus,Hansson,M
fd4c3bf4-d124-4782-b23e-0ae072c8192c,Andy,Dykova,M
7663df23-4224-4029-9bc5-54620ff58497,Heather,Gray,F
1e2892a0-3ec3-4e2a-9b6c-467ffe6a2649,Ryuichi,Suzuki,M
568192bb-62eb-417e-85ed-65ca2a9a6eb9,Ron,Dorn,M
301e9b7a-f4a2-47b3-a924-2b12adfb3e0d,Paul,Kenny,M
95d3cf98-0c51-48c2-b913-c8c15a855a85,Paolo,Calabrese,M
9964f0fc-5a55-4dc6-b0d7-910aa8b51dc6,Angela,Avendano,F
03ad6087-61a9-4d4a-b81c-591735c72510,Roman,Horvath,M
44d9089c-b36f-4614-9f71-2e0a4a1034b2,Costantino,Muciaccia,M
b12975e0-bd2b-414a-818d-c4bb484743e0,Ron,Gallegos,M
19a4c18b-26e7-4fad-936a-b79cf52d1c93,Victor,Ouzoonian,M
16595aff-1ffa-4174-9b1b-e33cb842487f,Luca,Nogay,M
2679d626-25d5-4853-8acc-27fa4c44587a,Brad,Wendt,M
a1053d8e-6a0f-4e53-a074-84a54036e539,Luca,Sansò,M
570149fe-79a2-4e31-abb3-10ccb0191b99,Shannon,Fosdick,-
e7542251-8f6d-448d-b49e-b75b114ec77f,Ninna,Ekman,F
bce3f683-5cd1-4c7a-900d-5a79313b24eb,Marco,Pavanello,M
f87c2bb0-66a9-4a1e-9f50-703b3edb5d95,Plas,Giuliano,M
d9590115-3389-4d04-a6df-826f55f7e4b5,Dave,Adelson,M
125931e3-f63b-48ec-88e4-ea122d993be2,Fabian,Böhm,M
b94e7a8e-8f13-49be-af0c-7d1d9cf035d2,Tarja,Koivikko,M
1a5123fc-3e3d-4d81-9228-94008125702b,Naim,Megassabi,M
a3dca8d8-4041-4839-94ad-8bdb3acaa041,Flip,zzz (CO States),M
9cb8f06c-4472-4993-a2a9-9011e5ef1fb4,Karen,Palmborg,F
637e0c00-31b5-441b-bfa5-ae20bf8f67f5,Chen,Chen,F
0168a94a-5837-4383-8ffe-c8dfe14161d0,Bob,Gentil,M
baa07dd0-d0dd-4f51-ae50-015920d8cae7,Jeff,Korns,M
64c4d450-13bc-4aa7-a21a-5256f97f4e76,Christy,Ogden,F
badc3a08-ebcb-4465-b60e-934db43dce22,Tamas,_,M
99d14a91-0c30-4766-a812-0cd823fbe28b,Jonathan,Brandtberg,M
4d878d1d-756a-4f36-a78a-b1a4587cc9b3,Mike,Cloud,M
d16f357f-6384-4bc0-a43f-767d1cb7a907,Christian,Lamred,M
68d9cd93-3dc5-4b6d-917d-3102e2333602,Pablo,Rada,M
dcb3f0cb-13e3-429e-b0fc-d12609c1e1dc,Brad,Wendt,M
97b8c208-0735-4425-a781-a741d471b4b7,Michel,Otte,M
f5bf6fe3-fe3c-42a9-b76c-2747e30de8b9,Ryan,Hornickel,M
acbc07d9-9a60-4724-bd2d-ca08746a755b,Carlo,Perrone,M
c38ebfd0-1753-4ad0-9cbb-be0e940067d7,Jimmy,Strathis,F
7ce708fd-05b4-425a-9406-3a994ea059e3,Beka,Namchevadze,M
da498334-1d87-4047-a418-245c541af213,Alex,Grammer,M
75fc101a-f5b4-4cd6-8a6d-7318b2dbab89,Alexander,Enhuber,M
a4db3369-58c0-498c-a302-690b058e937f,Tim,Bratton,M
25b802c2-d369-4df6-9dba-5976e74ae6b0,Stephen,Scott,M
152aafc2-252b-40db-992a-47ec23ba4456,Andy,Absolom,M
d059b1d1-3bfb-4e4c-8ac3-a2f0816e7caf,Chris,Sieben,M
09eef281-3c66-4840-9de2-3eb1a48e0ead,Rob,Fried,M
03c77a53-d9a5-4c96-939b-e5181683d691,Timmy,Broxup,M
c3fd1aa4-4331-4fc1-8b1a-159ef65b9eb6,Bob,Herbert,M
94a996e2-b0f9-41d9-9b75-076cb3ac2279,Carlo,Sestieri,M
e6ff5759-88a3-4274-ac24-4df06d0dab5b,Richard,Mitchell,M
19018b80-3a07-48a8-a8af-38b4044fa008,Maple,Cymrot,undefined
400bb764-2089-49c5-b7f4-bed4dbf87a56,David,Kelley,M
3a6aa537-8d6d-474a-9c85-3ba1e5c36d80,Mike,Clay,M
f5e17894-d7d1-4cb3-99da-84904cd19a5f,Jonas,Rask-Samuelsson,M
e4143b7e-d6bf-436e-b5cd-eaf48d94e2bc,Carl,Dobson,M
19354aa9-29c0-41df-b21e-3493df6ba0d5,Rick,Lewis-Shell,M
1af28101-ee66-420c-a17f-3c1020968df4,Jakub,Zahradnicek,M
0ec89741-9b21-4bf8-b94b-5ab993d319d0,Marie-Louise,Schneider,undefined
ef353b9f-ee52-4357-9576-f3f80ebaa394,Jens,Friebe,M
bb60cb21-5730-4196-b828-59c26f95beb6,Walusimbi,Mark,undefined
e11552b3-26a7-45f0-98f1-6c0c5daa6afd,Jake,Gauthier,M
8846fada-95a2-432b-a484-7d678113f794,Asa,Holmquist,F
277a0341-6272-4cd7-92d4-a32cad63dc24,Carlos,Roldan,M
becb8fe2-c9ca-403d-94a3-c45c9f341e68,Kazunori,Kanai,M
fd580e3d-36c4-4939-83b3-38a9803d52b7,Gregg,Hosfeld,M
45be7c51-6ca6-47fe-8023-52441436b815,Lars,Ake,M
ed4e0cd6-b763-4489-a46f-92a0a125681d,Davide,Sanna,M
f33a6aa4-e567-4afd-b46c-8e504629f425,Manuel,Zach,M
b00a3c71-8dde-4282-95cd-f9bb839c042d,Santiago,Piedrahita,M
b823b979-bd19-4498-826a-e27ebd6abe78,Dan,Desch,M
d17653bc-ec2a-45ca-9570-4a8e5aed3f4c,Buddy,Steen,M
0e3495c1-dcd8-4a7a-bfe9-d9be154e2ba1,Seppo,Nieminen,M
a7002d21-2556-4ef5-90f5-e1c064aeb3fe,Ray,Ingle,M
87f2f41e-cb6b-4de9-8ef0-7c447865fbac,Alex,Pierson,M
9a09b8a5-7bd4-44b6-a166-8cdcefa0cca6,Ital,Gal,M
915f1d52-181b-43a5-aee6-ecba8cfa6945,Josh,Emerson,M
ecf743d6-28de-486e-a694-0faa44b9aefc,Sue,Beukelman,F
948a35ef-afc0-4feb-963e-af32de726f93,Maria,Fernanda Mesa,F
5482bc50-6c03-4906-a3da-1478f56f44bc,Char,Powell,F
b0a3a097-6404-4b7c-aeec-d2239cabf437,Mark,Enright,M
6791a934-384e-44f7-b7d1-c8557aaaaf93,Sue,Whitlock,F
f5e1c713-da4d-40da-9ece-2ed478151a53,Mata,Tibenska,M
c3e2dcdb-c3cd-44a5-8f6c-27cfe41b7987,Bill,Wright,M
5c4dcf83-3ab2-48f5-bac1-21ad991eb4c7,Krisztian,Farkas,M
245480ce-c0b2-40f5-b87c-7dc349f9b0dd,Rich,Smith,M
41cf78f5-95a0-4195-8b8e-b42a52c5fc36,Les,Bryant,M
f8d10145-be59-4990-b7de-0ebd4e94b229,Jill,Simon,
1cc32ea4-6469-456e-b646-4f40aec71e95,Yonatan,Kriss,M
82ac0c0a-bb30-4896-94a3-18e0fdb3f677,Raphael,Legrand,M
31cd27f9-9755-4d54-a164-085cafa3c31e,Leigh,Snavley,M
ecae14da-776e-4803-89fd-efb46b4f9e5f,Dan,Bailey,M
1283e7d8-0b2f-488a-a649-771a155e3852,Mike,Trapasso,M
43db05cd-4520-44d8-995b-2293d2dbd779,Mary,Dachenko,F
a68076d8-b355-424b-9ba6-ce44b31e3d40,Oren,Meron,M
3effd3bc-fa6f-41e5-b23e-863ece1a367c,John,Drube,M
220d5ff7-abed-43a8-b764-ece9e7e31e98,Laura,Engel,F
81896ceb-9519-4d48-869c-880ccd455972,Tim,Erim,M
452e6862-647f-42e7-95bb-d1bda0e67c24,Todd Bear,Rusthoven,M
1edd2317-ddcb-459c-87e6-29d35efe244a,Steven,Windas,M
24f5efca-703d-4db5-bddd-73f1a0791001,Amy,Schiller,F
570d717f-9b4c-4b63-99f8-fba85c1bd386,Edgardo,Balzac,M
76d50773-b858-461e-b5c0-e2234a85313c,David,Taylor,M
178c827c-e5e1-4758-993e-f7280b1c55ec,Katrin,Grosse,F
18ec9ee8-0a97-4c7a-af97-65d0d82fa00a,Brendon,Peercy,undefined
9208fbed-0bfe-45c6-a9b1-3f205915befa,Mike,Kukuk,M
ee95cb23-5035-4ccc-8cdf-08d2965e3eb9,Magnus,Gjerde,M
c2ed72f3-ccf2-4230-b5fe-34f9b0ac3654,John,Jewell,M
5811ad8a-0e28-4c68-a42d-9d6574092f99,Linda,Torngren,F
b09d52ba-67f2-49f0-9b0a-3287f87ccb45,Rodney,Sanchez,M
0224fcb6-c7f4-4e2a-b74a-efc09ccd52e1,Lui,Tasini,undefined
fadca2c4-2275-4cec-8315-d2d3f4cf7d7c,Claudia,DeLuca,F
bd0090d4-ec49-44ec-8464-8971fb8f9370,Patryk,Milczarek,M
483d05e5-e710-43d9-a00f-8c68e6dd59bf,Shawn,Sinclair,M
42489332-764d-417d-a52b-5785e2132218,Mike,Mattioli,M
3273a593-c297-48d9-be24-211ea7300af9,Monica,Andrea Correa,F
964d837d-5d7e-42d4-86b4-3196b8ed9271,Espen,Furhatt,M
a69bc5f2-fd71-4344-a138-47c024e5eae9,Martin,Dit&,M
f8f742e1-cf5a-4d1b-90d0-e35d41b818c3,Giulio,Raboni,M
52579d20-8d48-434e-959e-ecbed6774ed5,Larry,Imperiale,M
ae612cc9-6b7a-41bc-a5f0-12127cac24b7,Dominik,Gaza,M
5de968ce-e7ae-4b1d-bacc-f41091b39320,Roy,Pledger,M
c95c3473-3f0f-4eba-b027-d568f87872af,Lucia,Larrucia,F
f0cfc440-98bc-450b-b987-ce700d9de20f,Benedikt,Wanner,M
07a69a94-66c8-4e4f-adaa-8238b8e982b7,Gohar,Mossavarrahmani,F
3d4dbee3-9e01-48a4-aec0-be26c2e353c2,Simon,Hesselgren,M
a37f5fe5-d965-4429-abfd-25a738559ae2,Jan,Struz,M
9c50a3ff-1726-4f3c-b116-59547d06dab3,Rick,LeBeau,M
acf8009b-3a59-421d-a374-72f53570b1a6,Jeff,Cooper,M
7567fe3a-0e34-492a-8130-550d728addfc,Doug,Korns,M
6aa8cd92-618c-4e45-abf6-5fc5a20716de,Bethany,Sanchez,F
acfa9632-429f-4be4-98e9-c7a6d695929f,Ed,Scheminger,M
12c0755a-a382-4360-976c-33b6b64a48e1,Keith,Armstrong,M
6a8948fc-6d48-4390-93a3-736051c6c07a,Paul,Klimek,M
9a69f23d-97b9-4506-bca3-9f2316f2c5f2,Victory,Randall,F
b875e317-d0dc-4660-95bd-2bfd1633e2ed,Alison,Cremer,F
87c89a38-bc99-4371-b19d-cc72d602bdd6,Brad,Emery,M
eeb43915-ed22-4d34-bee1-afcdde308dd2,Rich,Montgomery,M
db5e0ebf-bf9d-4fa6-8325-80cbe8e995a4,Ivana,Holeciova,F
3557da4b-6353-4ffe-9d53-f668a9f3fdd5,Shane,Walrond,M
b3c38596-79b1-4686-ace6-4c0beaed304a,James,Wiseman,M
8e07e475-853f-4010-9025-880674fada36,Aya,Ichikawa,F
7474f26d-ffc9-4c95-a708-887e79333178,Brian,Moering,M
108b2cef-f9b2-4a84-b72c-1030e184ff0c,Mike,Layne,M
cd958fbd-12fc-493b-be19-108e3df7e1f4,Mondesire,Paul,M
094cb585-7f65-4e8a-92f2-2b190b9319ec,M.,Bowman,F
c3726a0e-7610-4980-b4c9-75c93bcd5dbc,Larry,Lindgren,M
7673247e-ba64-4e20-948f-41f3a6023f04,Steve,Bowra,M
ca3098a0-6d00-40b0-bd2e-f262d67fc8d7,Mateusz,Gajewski,M
dd568cf1-d056-45fd-ae02-6b7204b7b575,Konrad,Patris,M
f86cf70e-d175-404a-9b2a-83c4a374dae6,Connie,Bond,F
f9e3bfed-3506-4d89-8773-7aaf35347fb0,Oliver,Peters,M
0239b3f9-3fac-4a43-9308-51a11f171b16,Yutaka,Harashina,M
03384e5f-44ba-4e1f-b9c9-0b5ed9e6cc13,Mike,Isbister,M
eb227925-4e54-410e-aadb-a3ba17ab41c0,Ronny,Berg,M
c799036d-0e58-43b2-a859-e140687953fd,John,Elsner,M
7ffb40cd-55e4-46af-b4a7-e69b3fc14e5c,Jhonatan,Vanegas,M
776ac9dc-6bcf-434d-a172-f9b8d8962694,Susan,Farquharson,F
27a27f34-5251-4410-84b6-c9e7d57b7c92,Akram,Abou Nassim,undefined
ac7497ab-30b1-4d73-83aa-ae949592039e,Dean,Porter,M
a669c689-793b-4fcb-8848-bb1de4ff1011,Peter,Laubert,M
c4871421-9ca5-4ae2-aca4-33835968e13f,Ron,Zahradnick,M
2ab6e2bc-a085-42f7-b7ee-5a69b38d9933,Heinz,Auferodt,M
439fb7bd-a42c-42a2-af7d-f5f3024b2eee,Riita-Liisa,Soner,F
e98d99db-f917-4da8-a7bf-116d235b9138,Michele,Pezzoli,F
7e78ee88-a6b8-4254-a435-f3f80e137d82,Maria,Seidel,F
5c7c1d87-6c7e-41f5-b074-ff9df5c20f63,Bart,Mantel,M
05bf5e17-dff7-4f3a-bd07-45c1f7e73fb5,Meirav,Pinhas,F
fe9a5507-0b65-4149-98d4-64c9cb195273,Chris,Ryan,M
085e0e33-f674-4704-b65f-b48d7c82b5bb,Tom,Lasher,M
df2a3f81-84c6-4ff1-90ec-4dd6a1a3f7b8,Mateusz,Gajewski,M
197b5f51-493b-4653-97e4-bf8f9f462a3d,Tom,Holsten,M
98073743-b750-49be-83f3-174b4993f279,Marie,Geare,F
29fc72db-e5ae-4846-b394-0fbef2b08f71,Michael,Overacker,M
e1b4915c-0106-40dd-b173-c2a2e1c82a37,Roberto,Borghesi,M
a1a958cb-eb82-439d-abad-15de20f1a71b,Angelo,Trevino,M
0fdc291a-e9c6-47e2-997c-38fbb3e56d44,Hans "niki",Thoma,M
eb0a9863-b753-453e-a05e-51deae5a8ad1,Philipp,Luniak,M
e9373153-b2cd-495d-9e8d-a65fd3d3eeef,Robert,Bross,
0aa0a7d1-734a-41cc-af21-cd9735ffabaf,Dan,Hood,M
0415d869-84df-4116-ab46-8283dd9c27e5,Dave,Schiller,M
947091a5-a017-4dcf-88a6-f4c02094e2dd,Jim,McNelly,M
4917047f-1e08-4ec0-b10b-7b560f823d73,Joao,Veiga,M
1a61eb50-271c-4e0d-a1e3-ea143a415dca,Alena,Vojtekova,F
8f0d0627-557d-483c-bcdc-b70cb03452d4,Jon,Freedman,M
3aba7609-552e-4872-84df-4aebd601b6a0,Tim,Anderson,M
6e1563fa-9d1c-4703-8908-a4baa17f5d04,Chau,Rottman,M
97b7f91d-27fd-4d7f-8ae7-b85ced66f4b5,Peter,Andersson,M
9f0e9495-c6cc-4203-a4c4-8abe5d162cd6,Lisa Lorber,Jones,F
c96f2622-2950-48fc-9e64-0c385c674e7b,Jiri,Weiss,M
96bd6a81-8ab0-4910-8d44-7eb4debac912,Luca,Mazzucato,M
0c1e0b8d-abed-460d-a968-fc2171e212b0,John,Anthony,M
9d982472-679a-45a8-850f-3dfdaccd1133,Constantino,Mucciaccia,M
a0ea6ccf-056e-4bf5-aca1-1566c729d77a,Mark,Reid,M
f2ca1bb8-d107-4a46-aa7d-e5494518d9dc,Daniel,O'Neill,M
d37cbba0-7381-4128-8666-b92408f98ea5,Adriana,De Bedout,F
fb55068c-f9d8-4444-abf7-aec84444cd01,Dave,Swartz,M
552b7ad2-9831-4d39-9e19-228c30bbc7d6,Raffaele,Pilla,M
a01ed5a6-a694-4b56-b3d0-636fef948df8,Alicia,Juisto,
7434cdd1-1030-4871-bc02-1fa5a335b5ea,Yoni,Haran,undefined
d773a52a-7faf-4479-be97-8f01eea1d84e,Ed,Larrabee,M
8e356e57-6e17-4c14-a701-6c6ae39e765f,Lauren,Braaksma,F
8d182493-26c3-4070-90e2-b0ee66f512d6,Wende,Coates,F
273d3b9c-e81d-4070-85a9-8514b28e32b6,Riccardo,Sanna,M
46f37ffb-1d88-4f62-a139-5e3a10c1e3a6,Dave,Lewis,M
8d842c60-d36a-44d5-aa91-0207c6c486d5,Jon,Kraut,M
b74df7fe-3a88-48ff-93ac-ef635b968b74,Cuqui,Cuqui,
cde6c504-d45a-4696-a46e-17a9b7ccd9ea,Laurie,Zenicke,F
24968ef8-18c2-4ee2-956a-95825d2350a7,Claudio,Pietrarelli,M
74dbaf22-57a6-4b90-a5cc-64f0dbf54264,Jack,Cooksey,M
819fab02-73e4-4b87-bf89-8e1db7807d06,Ray,Murray,M
105dcb7c-b1df-478e-844a-da5fff5af997,Dan,Burke,M
4fcd52f9-c3d8-4975-ad6c-18a8c8653fd7,Tanja,Ritterhaus,F
b03cbd5b-92ce-4164-a6df-ba594d015b8a,Ivan,White,M
49b19460-0739-493c-af6c-ca6168702bbd,Travis,Wilson,M
dfdb565e-a39a-4533-9d61-58a3b04dd2f5,Thomas,Nötzel,M
5d85e049-efa5-4182-9675-3cf2dac0734c,André,Hillmann,M
be1eb56c-c340-4bdd-91d4-85e1382b0841,Jay,Svitko,M
bfc279d6-4411-4933-a1c2-8f1bedbf77ca,Paul,Nytsch,M
baa737ee-d97e-41ed-9d24-7b0f6332fb9b,Maxime,Mittempergher,F
e6cd7041-b6cd-48f0-9bce-240f35910869,Hayato,Hikari,M
95d62a6d-f6ea-401c-b4bb-2a464cff6778,Lori,Garcia,F
93ba7d4c-7148-4bed-9a43-da1175125607,Andrea,Festi,M
de2279ed-353f-464a-b31a-ee3bf8b85e0a,John,Bird,M
6b71d8ec-a66f-4f56-8de1-c97207a7083d,Agneta,Fuglesang,F
bfe2e98b-5d8a-4ff4-9d0d-fca35e27163b,Emanuele,Faustini,M
b6f0d956-eb73-491e-897a-c13386e3c886,Susan,Sobel,F
a9f97ecc-9713-4e66-984c-4c27570e63fa,Maxine,Mittempergher,F
d1648eb8-936e-42ee-a3bf-357113d19b27,Tom,Pitt,M
46a7563f-16ad-481f-9968-56c4220e57ae,Kim,Larkin,M
bfc933f2-bccb-48dc-a853-cd018658b0b5,amit,sing,M
1a474119-aa95-42b3-a36a-de32f8b19175,Stefan,Karlsson,M
51958741-a9ed-497e-87a0-aaf4c3b2e01a,Pontus,Howding,M
d7a164e4-a09b-4574-90e6-0afd29838d2a,Jamie,Vento,-
265ca8f3-ef3d-48be-b8f4-12559bdeff28,Dennis,Kretschmer,M
ae9c187b-d4dc-4679-a817-3fe62fe3ab76,Steve,Gaylor,M
a87105b1-894a-4e5c-9ce9-474b34551c1f,Lester,Lloyd,M
eb531f94-da77-4777-b2ad-40c06104fc55,George,Morris,M
77fe564b-1f0b-4b1d-b6e5-e7f84f798b09,Diane,Margulies,F
0d7b6517-b985-49fc-8d85-8d1dbd6ba117,Eduardo,Catano,M
4d208fa9-1084-4c68-b430-0672111915cc,Vanessa,Adcock,F
23f1475f-aaea-4413-bde5-7649ed82e4c7,Bethany,Sanchez,F
ffd9ba61-e2e7-4e2e-8e9a-7df9f5a88b40,Neil,Toland,M
a8bcc8c0-10a4-4a31-819d-65e368e22838,Kaili,Young,F
2aeb2023-7c63-45b4-9858-bd6f392a6e31,Gery,Nemeth,M
c56b1602-a3ba-478e-a559-96ce3f71e3ca,James,Demarest,M
307a6993-77c8-4fda-8b13-c1ce6114a844,Stefano,Pieroni,M
45fbb71f-efd6-4095-bd70-d160d6a4b528,Jan,Soerensen,M
0260f1b1-9c4e-4594-9b68-050d898ec38f,Andrea,Marcianò,M
1539e8c2-2c35-4da5-a318-01e7c91ce3e2,Krista,Sieben,F
522fdf33-fde4-434a-8b7a-d2da45592bfb,Ed,Schroer,M
431e4923-7543-47b5-bbca-ddbce2f8bc30,Alan,Caplin,M
a0a4966d-b86c-4bf2-9f8c-4f768b2070fe,Terrie,Houle,F
dcdc2176-0e53-450e-b9c8-95ef413bac22,Eugenio,Zaffarano,M
23d2210e-a2e8-4a1c-b0cc-929f8a6eb843,Greyce Ayla D'Avila,Rosa,F
b7a9a251-2200-4508-a647-61f85e6bc642,Scott Hamilton,Bell,M
110bf33a-f981-40ca-ac45-d7309713cf31,Dale,Crawford,M
d5bf2018-5570-437b-a490-1259f8ca7c95,Alessandro,Collerà,M
22618958-c235-4d8d-a9d9-9cdcdad53c96,Par,Persson,undefined
b435eb79-3bab-41de-a54e-e8079a461c5a,Brad,Hester,M
c4c51bda-f46e-4297-924f-a217c77398e9,I,Chi,F
5ccffad5-fb95-4745-9511-e8a759dd3367,Scott,Talcott,M
1c4874a0-6f7a-4232-9688-1f6e22b5f0bb,Emma,Kahle,F
42a37242-5f5e-49f0-9d2c-b5bcd746705e,Dave,Murphy,M
629bdfa5-4966-4c99-b0ac-52561492d727,Colin,Smith,M
148f71b0-c8c6-4b6d-8ecd-03b3335c5bc1,Kirk,Shipos,M
f5e5a68e-ab62-4b48-95e0-15dd8c9ff53c,Andreas,Nogay,M
d1a80674-a0fe-455f-b72e-7fe241bdd3ed,Idan,Levy,M
5ff84472-1314-41d9-b1f2-d6790fbfdff9,Korns,Jeff,M
9863af9b-c1ea-4e73-b9e9-6db88cf1dc44,Arnon,Avitzur,M
ff32d86d-74c9-4bc3-85c4-24528e8ea179,Mats,Andersson,M
1f16f2db-c807-4991-b6e0-117f03665631,David,Brady,M
eafce2eb-112d-4879-8735-4c7f5fc4e5c6,Ben,Northcutt,M
3adbda38-a1db-413d-96e9-7b208092790d,Phillip,Hanak,M
a313c1b4-c993-4693-b9be-0a5c38b69d4e,(Sonoma 95),Koruf,M
f2018b29-5b47-4b0b-9915-d1237d9a99ae,Holger,Hill,M
63c55195-7653-426e-aee7-cc9b4ccbe173,Massimo,Possenti,M
1b1594aa-b96d-41a2-8b98-63ec30ae43f1,Judith,Haas,F
b51ceac1-2708-4b5c-be44-f7486dec6aae,M.,Kalník,M
c14818d9-6280-4421-852d-f4c19144e380,Barrett,White,M
f7752577-1aab-4d8b-bd23-5aa11164ec37,Lou,Somrall,M
6502c7bf-254f-4f7d-9cb9-3091ef343c61,Jaden,Paul,M
ad07e9ab-9081-491d-a168-dc61e78c79dc,Elisabetta,Deidda,F
7add2761-611f-4b13-8b84-a51ac710f5d6,Paolo,Sestigiani,M
3e75725f-0793-4d45-bd15-8dc5d6e5a2a3,Pete,Fust,M
72dd1ae1-f4d6-4e87-874e-02da7c216d0c,Sean,Harrigan,M
24a4046d-836c-4f9f-b264-388a70a48075,Balu,Major,M
7da86984-2c75-447c-9bf1-69e6e3829102,John,Tormey,M
99165b7f-035b-42b7-8982-bd432117c9bc,Dave,Bolyard,M
b99d8954-5a00-452c-b63b-eb51ea1383f9,Anja,Enke,F
05df9387-48c5-4dcd-b03f-cb207347fc9e,Jan,Zahradnicek,M
b9d351bb-321c-4f04-9fe9-ad8255b448c4,Francesca,Cherici,F
640b3b33-baa6-49da-9075-72f1b5bae71d,Leonard,Muise,M
19c942b7-8c3d-401d-ae62-0405d7d17a4f,André,Zaharias,M
0bfce909-bbf9-4a03-96af-3d43ced6bea4,Damiano,Basso,M
d4ed863b-0e15-4bc3-9dd1-d48e3ef0f0fa,Dave,Neilson,M
246663f5-3413-49bb-aa8a-0d5872bebac6,Tim,Elad,M
d1bf213c-6fea-4158-a539-e2bcb96b92d8,Fredrik,Celinder,M
d2b72481-1c06-47ac-9baa-028a8a989160,Steve,Agocs,M
87a02af8-7b6d-4d3e-b9a9-24725ae96936,Judy,Horowitz,F
c6cce94e-f8ce-4af9-bae6-e71a43ec9614,Patrick,Chartrand,M
3328ea4c-8cce-4b93-baa9-ea8534e0ed48,Sara,Cintura,F
f6ff1c9c-2364-4680-9189-a258cc98bc28,Bill,Uhlarik,M
2b2e163f-104d-4a88-b810-fcdab8280b98,Urs,Hardegger,M
9591055d-e6e5-48b2-afb9-aa89194248cc,Yukari,komatsu,F
fea66d74-25f0-4ee0-9a96-c1be1315bbab,Mikey,Reid,M
04ea11ba-6289-4e08-ba0c-fc0b0caf903f,Cristiano,Erriu,M
e89eb888-07f1-414f-8ece-50853d16a5fb,John,Titcomb,M
6ffe0868-96af-410e-a68b-dace19cb9ee2,Mike,Galloupe,M
eb891250-c142-45ed-8baf-3cfc00f53846,Pete,Johnson,M
d1066dae-1bc1-4de4-b908-e3b605071744,Stefano,Maroli,M
57b6df72-d7ff-4bec-8365-dfedff1d764f,Andreas,Pellbring,M
14af2c71-39d4-4e76-8f5e-fe4c1e3fcc5b,Rainer,Dörr,M
c092cc2f-a4bd-4947-b962-ac2b4c76ae98,David,Silver,M
1ab869b9-be3f-4513-9631-d1fddc06bcff,Diana,Elsner,F
4ac2c731-e3c6-4b69-ab60-c16010641760,Hsien,Hsiao-fan,F
79222266-a8b9-491d-b04a-bdab501897a8,Jascha,Wollmann,M
11cd8975-0969-4f1d-a739-39d51380fb50,Jay,Garrison,M
eac65a95-bb3a-4e91-998e-cb1d86d0dec8,Linda,Almljung- Torngren,F
94b68b4c-6ca1-4a92-a92e-3aeb8488a747,Johnny,Mac,M
e15e9bb1-67ca-4cad-8643-ccbece212635,Dan,Roddick,M
41265b65-705e-46f6-82d8-471dfd9896fb,Simon,Lühring,M
fe211e90-6938-489f-8e09-5a460d81afcf,Antonio,Caporale,M
9c41769e-04f4-4921-acef-48a7e45f8acf,Tuija,Kohonen,F
69a19320-4bae-42cb-be4f-770d474a0442,Raz,Avrahami,M
045f2b1a-c4ec-404b-a801-d68fce5256c4,Tom,Leitner,M
3c9addae-a60b-47bd-a136-54d82312e7df,Dave,Pucher,M
d7670032-d53a-438b-9480-f55897fd2e04,Billy,Emerson,M
953c3a9f-e861-4548-a80b-86bffb3589b6,Jozef,Vanco,M
dfafa7a0-5890-4459-9b27-3258c5b1195a,Dave,Marini,M
ae4d74c3-2085-413a-864c-063f77d60c02,Travis,James,M
c6dd2d10-9a02-4405-ad07-16f4db1bfbb8,Doug,Ertmann,M
7abc5842-0a16-4ce4-a171-fd751182cb6d,Marc,Estenfelder,M
864b022e-6654-4a6a-b1cf-187a54ccea2a,Eitan,Vineshtock,M
4b2cef0a-e57d-4950-8d1b-1a64994706a7,Shayne,Sobel,M
0e5681e8-fb98-4869-b504-30bfd37c9227,Johanna,Matthiä,F
1145c18d-abed-44b7-a9c8-3b116e406c66,niclas,schmarbeck,M
3235e95a-b632-4b01-aab0-1fe214983690,Andy,Borenstein,M
f3ee2ad8-16b2-4917-a72f-31bef59f9d17,Thomas,Palmer,M
6d199e55-9135-4acb-a946-4a5368dbdf62,Kerry,Kollmar,M
2f0f5ec6-a1d8-4a2f-a4ac-e018a08c6716,Nico,Schwarz,
f002bd9d-6034-459f-858c-75e80718545d,Gohar,Mossavar,F
96c8863a-00ff-4b0c-9539-69ce9985c9d8,Doug,Corea,M
a424b6da-2c5f-4b54-bee6-41fe9d71165f,Tim,Kusch,M
b6a183e1-734d-48bd-b511-06c396d313f5,Art,Avalos,M
a0a8238b-b09e-4677-a756-c5420ec2f014,Matteo,Gaddoni,M
b0448615-d959-4627-84b9-c5dcf50ea936,Chris "Max",Voigt-Eberle,M
1f3a576d-f34e-4808-a21d-342b70369486,Angelo,Rovieri,M
484fdd60-7202-46ce-bce5-09e34cf400e3,Edoardo,Gargano,M
93936e0b-f25c-4c49-92fd-e6c3d5a26fcd,Nigel,Barnwell,M
af29dd84-ada4-4ae7-916b-e768f0c22d2f,Paul,Brenner,M
5c3dbd51-9134-4663-9ef9-6534d966059c,Dan,Rosmark,M
8e17e946-21ab-42b8-8760-969237547c99,Mary,Zurn,F
c3fa232a-279d-48d4-9c77-acde37037760,Fred,Lauterslager,M
8456601b-afee-4d7d-99ad-03fd4d05dc37,Rico,Schneider,M
b5de05c8-5eb4-43ec-80a7-feeb927fbc12,Niloofar,Mossavar Rahmani,F
c31e3ebd-8378-49a2-89a4-a7aa10bc8caf,Nadine,Klos,F
224abd74-4e4b-4a7d-a944-7d119dd2890c,Jeff,O'Brien,m
f7e9c85f-da3b-427c-95f2-c0a5e809004e,Emma,Kahle,F
daeee9b1-1d02-4d05-b3cc-9f3c50b68133,Ivo,Scheib,undefined
42181869-27bc-47d9-9b38-0c3d50a7bed0,Carl,Emerson,M
340d3a0f-6594-41a4-9db8-44e58f7fb03e,Ofek,Agmon,M
dc05cf80-f78b-431c-ac2a-9fb019bb10fa,Tom,Blockhuys,M
dac16dbc-c6bf-4ba8-a146-1e1c1094952e,Jennifer,Griffin,F
f88c4ccc-418b-4b4a-b40b-9ae561ed6c85,Bob,Boulware,M
2cdf4753-ca88-482e-85cf-32c1d251f89e,Joe,McCrave,M
84c606df-b6b1-4b87-b403-1bb6300c8b7f,Cindy,Kruger,F
8ff359af-9b70-4ed1-b2f8-88dc05f4e22c,Toufik,Lamred,M
e134b9ed-f533-41e6-86d4-8ebbfa960563,Andreas,Jaderyd,M
1ded88da-92c4-444d-b13d-6d4793d0ca92,Mark,Linden,M
d80025a9-a7ec-4565-b3c5-9b1bb2c4db45,Gur,Kimel,M
85aa03b8-acf4-47c8-9f31-b725a30475a7,Chris,Filer,-
1ab1f0f9-c504-4b09-9792-73068e85ecb9,Simone,Nonnis,M
067221ac-6bf0-4c2d-89a2-c2bd9e1d0c68,Thomas,Notzel,
2d26c5e7-7ec9-4b31-a5ed-48341d046061,Federico,Bianchini,
b83f09c1-0cfc-4bd9-94b4-f5c7c9d0d70c,Jim,O'Hara,m
261a4e36-c0b3-444a-aaad-41b8308c5cb7,Paul,Cameron,M
e283e584-e00f-4988-a39f-834190b230d7,Nate,Johnson,M
204ae2d5-9d05-4258-8fbe-916f3121d228,Kana,Yamamoto,F
eef336bf-3357-40a7-9fb3-9ed5b70f4346,Jenny,Luceir,F
50b37d04-29d1-4c6b-bf6a-58e3ec08bc0e,Tom,Whiffen,M
cca8c7e0-1d8b-4619-bf5d-394bff1cbd97,Oliver,Hocker,M
4d418dbc-de6f-4435-b105-c5c5ca168e48,Ondrej,Klega,M
c280cdb9-db9f-4226-9492-fb687c38c09a,Kurt,Bond,M
b097f743-e72c-4c60-a493-11f62665c9bd,Valerio,Mannarino,M
b8179e05-1b80-4fbf-884d-f6156415b13d,Jeff,Lewis,M
d26a37c0-1702-4f25-becd-ee08c2456568,Andrés,Rivera,undefined
92186020-5b6e-4b37-a110-43a230551baa,Judy,Robbins,F
1de2f748-cf3f-493c-8950-b9d3610e0844,Jeff,Shelton,M
a016f5c7-ecfd-4be3-b4df-d64b9c47d1e0,Jan,Zahradnicek,M
f9070d5d-1bd9-4f39-8704-d8132906de3f,Jeff,Kruger,M
371a9bbd-70ec-490c-b689-c589d2d2c213,Axel,Kensy,M
835b495c-2522-44b9-9af6-70781b7681ae,Maciek,Grabowski,M
876302a8-6c2a-47db-812f-5a5bffdb6845,Marco,Dotti,M
08abaf63-0c80-4912-80fb-dc7d97e4f3a4,Charles,Logan,M
17b48baf-7113-4bfe-b743-255681b35db4,Mattia,Lambertini,M
54d12050-aa81-4c65-9dc9-7db8d5d92d28,Silke,Sollfrank,F
08ff2038-4efe-4ef0-8d0e-1e06a1359e86,Pavel,Safar,M
0023c85e-6a8f-4fd6-bcea-2d144112ec17,Wayne,Brown,M
77a0ca70-dc9a-477a-b749-1b21473dad9b,Per,Jonsson,M
4db63767-81b2-4626-8383-9dc0b33d058c,Andrea "Oddi",Furlan,M
4edff181-36f3-4349-be57-2101f428bcbc,Chris,Porter,M
898f92dd-0682-41bc-9206-d2c5ab20ed97,Camilla,Rhodes,M
099b85b3-0ed6-49d8-9cec-6be4e57e2ca2,Matt,Roberts,M
d9a23739-9e7f-4ee7-9e74-1ad794a38f0a,Dave,Deremer,M
71a65482-45a4-4c6f-9d91-85f71a127890,Kelley,Southwick,-
3a3e4113-f728-4125-90c7-773be4bbc7fd,Gary,Harris,M
5bebf0de-242f-46b8-9f17-dba6725d75c3,Daniel,Marcus,M
97110293-66ac-4746-adab-7d2369fcc741,Jens,Velasquez,M
da7c15ef-797d-4c3f-8ab9-9412efcc10e5,Simone,Lo Giudice,M
7413b7b8-cc69-47fb-a563-6af46ff131b2,John,Larson,M
aee15c07-8caf-4e2c-bce1-2e5941c13580,Scott,Caeser,M
6ad431b1-1d59-46e3-be41-e7aee0113b45,Kevin,Roberts,M
783cffc0-bdf4-4f1a-a9fc-e36d472f98f2,AleX,Voigt,M
3961a159-fb30-4ff4-876f-d5a274c443d0,Olmo,Camarda,M
29ad58e4-efd0-49cb-862e-a644ae5283f0,Ondrej,Klega,M
b1d5fecf-02b6-4414-8ac1-0040c8e7b0eb,Gary,Jarvis,M
75037312-eb62-4cf8-9614-cc0a2172dfae,Jarno,Venalainen,-
87a684b8-4a8c-4c78-93ed-3edb21b37143,Takumi,Kashiwamura,M
53448c96-b622-462d-a483-36daa5e20016,Dennis,Martin,M
a4393c2e-8ab1-4d4b-afa7-d1a6549602a2,John,Kuhns,M
1a6799d8-a9e3-42b7-89d8-84daa64ab4d0,Jay,Koonts,M
8e117f6f-0ef9-477d-9549-1f9ae21c8167,Pierre,Kristoffersson,M
15796fcb-98ba-442d-a72f-e822a7ac9e8f,Fabian,Lindblad,M
Charlene Powell,undefined,undefined,undefined
71563506-6c67-4b10-bec4-9ad90ec0a6b9,I Chi,Lin,F
1015f3b4-0af2-4b71-b671-8cab6c6dc762,Anton,Kappling,M
75870ba8-693e-4a07-a5f5-97382e8aabdb,Masters2003,Malecek,M
183cb9a9-1e8f-40b9-a9dc-98c26c61ddd1,Shouri,Ouchi,M
66c3ec82-e930-46c3-8670-e283102dc1a6,Scott,Innis,M
108fb472-0517-4293-aa59-c80e268838ae,Giulia,Aretano,F
720e950b-8870-4804-a9d9-ce7824ef7dd6,Jerel,Davis,M
a74631cb-043d-4fd3-8027-db718ca29284,Jonas,Bengtsson,M
fbf9401b-08b2-425d-9201-240038699893,Ryan,Young,M
4841edb9-7fa9-451e-ac27-9064590b0958,Oren,Meron,M
8c653085-73bb-4021-aa0c-ed0a8b734411,Elad,Kahalon,M
e8c1ce5d-0eb5-41e0-998a-44e8b56fdf04,Olli,Baczko,M
b32e44ce-f20c-4f62-8ff0-43df2b7eb603,Philipp,Lenarz,M
8c2fc7a0-010f-4f67-af38-60e11e01bce5,Stefan,Dünkel,M
38576aa7-69ef-4b92-9ba1-da41312c8b12,István,Pran,M
41a19673-9c4b-4ff3-993b-f66608f2d58b,Shawn,LaMastus,M
c1aadd56-d59c-4e9d-bc3c-737e3b0fcad3,Tobias,Burzan,M
35c50780-698d-4d0f-bee9-5652e9684da1,Alessandra,Càrpino,F
f7ff8bad-b898-4a35-8a85-f76eeca0e69b,Tim,Gentle,M
7aeb4ce4-c9f8-4b95-8fd3-b382c9280f1d,Mathias,Franz&,M
27d4fd25-fe48-4915-849f-c88fe4f300cc,Benjamin,Coalter,M
6cdf86dc-cba7-4ffe-810b-a3b1f4d6d22e,Zé,Luis,M
0423066d-cb2c-4415-b252-793982bbc8a9,Yamaji,Kouhei,M
0f08297a-1d7a-4e2e-a95e-adb458a594cf,Leslie,Sweet,F
04e8870d-2f33-4a3a-9f19-8cfa7f8e3db7,Fabrizio,De,M
3bec3cbb-0556-49b7-a85e-af8c94e6d8d5,Bryan,Steffen,M
a4b9102e-80ae-4321-afc2-a951f98fd694,Ed,Headrick,M
d7b5b4ca-4fc3-43d5-a14f-1507aa83df54,Boguslaw,Bul,M
47770f0c-fc5a-4158-9be7-30cd6306f48f,Kevin,Fuller,M
18e0e7ff-f3f6-428c-be9c-5204a1f0914a,Jack,Stanton,M
db20a5a3-b1ed-4548-af3f-df4fac6b59f3,Don,Wilchek,M
4cc25fc2-411c-49ee-8d40-570ebb7f4c8c,Joanne,Loftus,F
e29b9ce9-c309-4107-9876-9401a53dcd43,Bianca ,Strunz,F
959ad0b7-d78a-4a36-9bdd-8b34e8c420eb,Ken,Climo,M
0c1dda17-7ee5-4440-a25e-e420fa633b7d,Pak Kan,Shai,M
8c540cea-6606-4aed-ba81-12aa045dd68c,RoGERMeier,undefined,M
7f46deb5-ae75-4aa0-a004-23f899427c02,Craig,Burris,M
93aa051a-f553-4fbf-84ba-878ec6c498c3,Phillip,Jancke,M
43de2ab8-7637-4a33-993b-de65a8950215,Visa,Ruuhinen,M
5c9e3244-4ff3-4d9b-b2b7-3509170e6e33,Jörg,Benner,undefined
743307ee-6f53-4e10-8c15-119b4ba548cd,Zach,Montes,M
6319a68c-8576-40cb-8c34-f56479305d3f,Joe,Graham,M
9ab2e90a-7553-4e98-a8d8-979bd2d5691e,Hikari,Hayato,M
88a7c11c-fcce-402e-b3f4-b5d84acb27af,(98 CT States),Newman,M
c6350aae-d54d-4f72-910b-34e135d81e96,Rik,Downs,M
837aba26-caba-4be7-9f03-93935ca52cb1,Morris,Starling,M
6cd3c011-eb52-4727-a001-e4505df32a83,Ronnie,Turner,M
a59b7848-d52e-4890-931f-9d881f014ebd,Morgan,Fiorani,M
b943c571-ded7-4dc4-9248-35e7565ba1bc,Scott,Halpern,M
95e16e48-dd21-423e-a5a1-873ee9b04e1d,Robert,Dittrich,M
92a6c6b1-2a47-48b5-b0f4-8c4b625b2a51,Lu,Szu-wei,M
0becf05f-9cd7-4bb6-a4dd-25375b3a7916,Sven,Deschle,M
7b2732c5-d22f-4963-a3d8-25e7191b93ac,Robert,Lower,M
6c491d26-b074-4ad1-912c-60b4d5cbe919,Kiwi,Sallehsari,M
50863e1d-d04a-49c1-bc1f-683fd99820f2,Martin,Rosengren,M
1c3a067a-68d7-4acc-9aee-d235edf94a59,Joel,Rogers,M
b062e646-a6c7-4186-b708-6fe4417b2715,Rob,Gallegos,M
6bba991d-83c1-433b-b030-6b6f5e5c48b3,M,Lof,M
038590da-25da-4dd6-bdfe-15c65e72d4a2,Joe,Fischer,M
7680e9e2-a4b8-4624-b8c9-7587e771a158,amit,jauhari,M
e782c4f1-cc10-406a-809f-4626029f0bd1,Masao,Yamaji,
51500b90-41a7-4c7e-9dea-d8743b254fd4,Bryan,Clavijo,M
0f93556b-4857-4c04-9171-43b8b47facc4,Christina,Burnap,F
3f0e6a31-9cf7-4286-99c0-f17f7d694441,Jan-Erik,Hanberg,
383715c9-1750-43ee-8c9c-3f4ffb49fc7d,Christian,Lamred,M
fa55dd6d-4b5c-4239-b8bb-aeb3ae3d7287,Mitsuru,Udagawa,M
403e0ac5-c4c4-464e-a437-b450d4e16b30,Svein,Hagaseth,M
d71efa61-d0cd-4d6e-b4a4-9f7593231aab,Silvia,Caruso,F
d8010347-2eb4-4a49-b193-a4eb9f906307,Marco,Cantarinha,M
60cfd681-bc1a-4835-891d-2af704d112e6,Stefan,Frehland,M
cee585d2-b0c1-48c2-a2d3-b4c6fbd1e790,Arne,Bratenstein,M
f138cb84-8e39-486c-8578-08216c7ee251,Scott,Bolsover,M
9dc19058-a0c2-442e-b392-75480c8517fe,Vladimir,Smidt,M
13851a28-9134-41f6-ac36-edad390ef7b8,Emiliano,Verrino,M
67d3348d-940c-4f73-8509-bc1f03294057,Mag,Hughes,M
84915e9a-28b8-494a-943b-ddf207c5e6af,Shota,Sotoyama,M
43c59d40-0ee9-4e0f-9fd1-d43dc98f1d23,Iwan,De Moor,M
9a1e5f91-9aa4-4a56-a7d8-bd5082e242dd,mit,mar,M
ee770b1f-d8f3-4d61-bd95-f3c7258392b4,Andrea,Corizzo,M
329581e1-070c-4eaa-80dd-6d14248d6f4d,Fabio,Floris,undefined
158e255b-bfad-4ae8-931a-441238d85b3d,Amy,Campbell,F
8b3da9de-7564-466a-a441-012cf010b920,Steve,Brandau,M
4d230071-b7f8-4d23-958e-ae6f3da4c79f,Andrew,Quinn,M
9f3ad06a-1ee7-4ca4-9bad-87bc9ffc6515,Liz,Applegate,F
847f9eea-70bf-4154-b597-0f6f75ecb15a,Valerio,Occorsio,M
c38c8a07-9bab-48ff-b57f-4729fb006dac,Tita,Martinez,F
d7030d18-273f-4c53-a2a5-33fa018d765e,Jeff,Freeman,M
3f950212-41ec-46d9-8e9d-e2c352b620d8,Anton,Lindh,M
e7132688-107d-4e52-81a0-b8cd73f8299e,Nocke,Lindstrom,M
2c58f096-f41d-4948-a577-a617bfb8f5c1,Carsten,Heim,M
ba873bd0-0442-4395-a23f-83f3286a8c3c,Ron,Henson,M
3d7c5bd2-bc65-4716-895c-7875b7a0a9e6,Shane,Egeland,M
df4c94be-7211-474c-9f4d-c2135e7fbbf3,Kyle,Boatwright,M
3d476a39-12a8-4f40-8e7a-4975013afcca,Maurice,Eugene,M
94dae80a-d36e-4dce-872e-a37bc8305ef0,Matteo,Gaddoni,M
30b461a7-5683-48e4-a9ad-d83415f13113,Conn,McKinney,M
fc18eea3-0d7b-4be1-a2f0-5eb8a6fd194f,Van,Bailey,M
b807eadd-667a-4660-90a3-0895645cd0e4,Niloofar,Mossavar,F
bcc26614-a360-4d9d-96be-026c8e798c06,Stuart,Farquharson,M
311a671c-3624-43d8-9d36-6f5beebc57f8,Brandon,Hanson,M
5d6d02b8-f209-41df-b351-9d3936751e5d,Lisa,Hunrichs,F
b6f778c1-2005-4aa7-b9d9-7b716907d5ce,Matt,Garber,M
54a0362d-4596-43b4-9332-7fac7b490e77,Daniel,Sorgatz,M
57de87a6-1e37-4477-aa0c-e1900f969f5b,Frank,Nitzel,M
d6316354-2aaa-4594-8a4a-d857f3434b61,Jeff,Watson,M
72a924f8-1208-4674-8927-9c6ad65cbc1e,Jonas,Buse,M
80a772c4-4bc6-4c48-9c38-d51ae90683d1,Mark,Sebastian,M
2e0d3bc2-a737-4284-aaa4-f925288c34f1,Johnny,Trevino,M
798936d4-f299-4e0c-8cc9-2718359cc13f,Andy,Wineberg,M
52f8c686-f537-486f-a764-cd9e3ba7104c,Oliver,Schacht,M
c13e56b9-249a-4ae4-8aeb-ad6812f7e882,Tom,Cleworth,M
a79417e6-7539-4f2a-b8ea-a6d35acf596f,Michaela,Galloupe,F
5337a9de-6e3d-4b89-ad43-3098ae47b459,Syouki,Maeda,M
fef73d72-2d92-4608-b2d1-80304283238b,Kevin,Givens,M
34dd4bca-2ff8-4ac0-99b6-9dc7e726b646,Ilka ,Simon,F
3d6bb44d-2d03-4074-8ab7-925cb50ae73d,Hunter,Wootten,M
ca57cfeb-5648-4e78-90ff-9dafc99e35f9,Andy ,Wanninger,M
8be25cc1-6273-4dde-8cd2-5e2bcc94c352,Harvey,Brandt,M
2712d1bd-a9b0-4b23-9e59-e86b5144ac66,Dave,Murphy,M
b2d1a74c-4925-4a0e-9d5b-99112feb0fbc,Chris,Phelan,M
1f092686-253c-45d6-8ca5-20ee262e7855,Fabio,Percario,M
05187456-725b-4df0-96f4-11dda0ecbef2,John,Stewart,M
3366838b-3092-4c23-981a-ec7c30faa357,Yinon,Werner,M
8bd4b3ae-ae93-4e35-a802-ce3de2725d4d,Leander,Zimmerman,M
a61fbedc-3b5b-41a5-b3c3-9ca98e422f6e,Niclas,Bergehamn,M
cd2b4ee8-3907-4059-9c64-68ea2e51c0a5,Jacob,Kruger,undefined
1cba8286-88f1-4346-82e3-fed2866081b1,Tom,Petrie,M
c2761f79-9ade-4aa0-af5d-21ee32b34075,Manuel "Cuqui",Viner,M
0487716e-47d4-47b2-8ed9-2a5cab124b92,Tam,Wolfe,F
91211255-c2de-45c2-9927-8a873232e0aa,Paul,Klimek,M
761c6484-c8c6-47f1-b849-c13db4fc93dc,Kajo,Balog,M
9c11d7d9-d1ca-4bdc-aba8-63b71d83718b,Steve,Hays,M
75da26b3-3beb-41e1-8815-1e008ccc9dcb,Matteo,Feller,M
0c7a098a-eb9d-41ce-a4aa-8571e25a8214,Fabio,Sanna,M
2c675364-f00b-4121-815e-3fcf8e792e77,Geoff,Gregory,M
059ca3b2-291d-4649-9b9a-a510bdb2b3f7,Dan,Pierce,M
032ac235-53f9-4ab6-9958-a34cebc7d385,Riccardo,Sanna,M
01fccdba-236e-416b-9087-32150d2644a4,Adrian,Wainwright,M
3d92708e-51eb-4a74-8041-70c0f35f3f79,Valentino,DiChiara,M
2361df8c-3191-47b2-a69f-54e955bc286c,Tracey,Jordan,F
4b1b956a-b10a-43b3-9feb-e05a7f897f61,Jack,Stanton,M
54d61ab6-57af-49c9-8870-9f268e02d50b,Henry,Schneider,M
9d48ff25-923a-432e-b80b-deb06141c3cb,Mirko,Vosen,M
7352360d-944e-4415-80e0-37952f647c53,Wayne,Marcus,M
9ad01b8f-7bbc-452b-8abe-cc403a3ccb39,Gary,Auerbach,M
2b8a867b-d467-4e5a-8517-eb645e06634f,Bill,McIntosh,M
dbd8458f-b554-4bb7-a827-a2853c775f0a,Brian,Capanna,M
c2caeb85-e762-4b30-85af-4b3d7ae9773a,Ashkon,Namdar,M
361f438f-715a-400e-bfdd-7ef1c7b0888f,Edoardo,Turri,M
183b80dc-dba4-40df-a920-1db4cf2fe9e5,Juro,Turan "Chorche",M
1d029a1e-45de-4882-962d-9a4d9b3820f1,Jeff,Fante,M
6c263974-3367-4e59-bb03-8429a3fb6d3a,Sandy,Steger,-
5d6e7063-3602-41dc-a2c1-d2bd4bd0e599,Shawn,Habiger,M
a5170ee1-5ccb-45a3-9d61-20cfa4320841,Tsai,Hsin-jung,F
2863484a-1f03-4d9f-b900-9754389b93c2,Steffi,Grob,undefined
04afee2f-8e1a-491c-9682-9de93a21bff5,Tomas,Olssen,M
e0c43e0f-cca9-4b35-adc0-af3d32bba286,Judith,Haas,F
3ef2abe3-22ef-4a9f-b89d-44879a8b4e75,Doug,Simon,M
c21d8a5b-b5ca-499e-b1e9-4f4927a7afda,Carl,Emerson,M
22cccbf9-919a-4eff-8838-46cd79c3125b,Mike,Galloupe,M
804d5b73-f545-4971-9ae5-9cc9b21d4afe,Johannes,Petz,M
e0e81368-999a-4d62-b3f7-b9767ecab5aa,Steffen,Verstichel,M
473974dc-cd25-4101-8756-ab1ec6878ec4,Zeno,Legner,M
fe80ac66-a817-4cd9-ae7f-00d563a09bd7,Peter,Karlsson,M
e2411d86-bd98-4e9f-a443-3c036b80d1b2,Thomas,Perz,M
c6c83160-381f-40b9-b9a2-4a85dec24817,Bob,Cooksey,M
ae435f9d-d348-46c6-8368-bd3a3ddab7ac,Kuba,Opaluch,M
43282356-c548-4393-aa4a-f77f3448541f,Karen,Wendt,F
f99fa0a7-b23b-409d-bd9f-8b03d30853dd,Marcus,Stenberg,M
2c1278c3-3696-4bfe-86f2-8e7c9d119aca,Jan,Zverina,M
06a20564-8f9f-4931-8cfd-35b3c64d4b3a,John,Burt,M
b1e2ba68-466d-4588-9f9b-610874879aa6,Mark,Oller,M
472ee97c-a504-47b6-8588-458443a3a176,Lev,Malakhoff,M
73ed1752-55d1-46a1-b39c-5abfdd3c3916,Jeff,Yoeman,M
b62e5645-d9ac-401d-b037-70fae193cd8c,Tilo,Eberlein,undefined
226893f7-1bf9-4c26-84ad-c7a904a4565e,Tim,Sahlit,M
196b28dd-62d4-4312-85ef-0a7cc88eccfe,Lorenzo,Apriani,M
09884684-c272-438d-8ef7-ae588f9f95c4,Luke,Itnyre,M
d404210b-a357-4b1a-9b9d-5fc131298ada,Eleonora,Imazio,F
5937c519-d988-4097-ac89-34622fe43f7c,Yousuke,Suzuki,
5b29719e-ba9c-4371-ab93-6114e699a492,Casey,Beaumont,M
f84246cf-cbef-473f-8aba-d09d498c3eb6,Pernilla,Bergstrom,F
c176c246-1098-4394-9b2f-5bd9a62555c7,Charles,Haggard,M
7731d81a-e2e1-4497-8bcd-215f8ae03a31,Andrea,Mizzi,M
af69b77b-6317-4f38-a7d0-1249f818ef1a,Sam,Fisher,M
12100934-7a34-4de5-8972-29494a461bff,Tom,Cole,M
d65674e8-b49a-4881-83c3-d11894667a70,Kolja,Hannemann,M
6a0a6acb-f655-48e1-96ec-0554a5ebda99,Rich,Reilly,M
5e709118-546e-4dde-9927-251f650ccf9d,Nadine,Klos,F
351a4602-ae75-403a-929e-7b305d93cc1e,Fathi,Abdelli,M
38a9fe3d-e21c-4b8b-b58e-adf764766ab0,Kelsey,Hedrick,M
bf706ae9-2713-4ee7-b43a-4ad51bd7bb20,Luana,Grosso,undefined
762c6028-be3a-4ada-a519-28bd5cd43db5,Karl,Ross,M
26df9d6d-24c7-4d6a-81ed-2bd216603269,Andreas,Nogay,M
c6089c9a-08b2-491b-be41-fffaec138e10,Felix,Krause,M
a9160dc6-fb2c-4374-a88b-ddb5a9d1ca6d,Jörg,Kusch,M
0ec19106-a219-4692-8c36-2937fb615c90,Konstantin,Patsalides,M
b7809d8b-dabc-409a-8535-695b55b974df,Derek,Robins,M
1366a278-62d7-4d5b-825d-200e20132f30,Linus,Andersson,undefined
d6461a94-e60b-4791-88b4-15414551e71f,Tim,Mackey,M
e0ed6d06-30aa-4225-8b5a-a62483c0cdcb,Zahlen,Titcomb,M
178782cd-7c1a-462e-a9bb-d248d2b11e8a,Peter,Rosing,M
a86e52c0-62cf-4d07-85c4-61369cd6c6fe,Brett,Schramek,M
a6270d2b-dfc3-4045-baa9-8ac75a51e19c,Christine,Jan Quark,F
6091861e-5369-48b5-8eff-f3f748f0118f,Suzanne,Fields,F
ceaa302d-b7ed-472c-9c47-39a3ffed9bca,Craig,Simon,M
190ee9b2-d73f-49dd-87a6-e8b86b0af703,Brent,Sanderson,M
261d8027-9ea9-420f-a1e3-5d5c4ca662b1,Felix,Rentschler,M
03fdb40b-b823-48ab-9303-4b7c964bd53f,Ryan,Genske,M
deb84da4-54d7-4639-a037-a5a85d2c3723,Lea,Herndon,F
ca78078e-65fd-4c24-9649-caccecf95c1a,Michael,Van Lanen,M
ddfc2a50-06fa-4b50-8334-50593bc64434,Steve,Hays,M
a37a8cc9-1b08-4e16-835e-f83975025a96,Mark,Kilgore,M
174187ab-1aa8-4eac-b22e-8b51e5cccaa5,Grant,Guilnor,M
f2f5e87d-1531-4260-a2f0-8b4ef6f39d20,Andrea,Piemontese,M
edcbdd9d-ec8d-4e8a-9ebd-7a6e2888b559,Crystal,Brodeur,F
1f2f07b1-6068-4c8a-bd47-133b8007470c,M,H,M
0ec10d12-f0b5-47bd-896c-2866b4695722,Andrea,Rimatori,M
9602086a-1fa7-4e40-9c2a-8ead605fd22d,Nadav,Zandani,M
6ba52e99-2283-4702-8051-1dea9fbb63b7,Dan,Lustiger,M
ca284a08-1d18-4f4d-8519-1943d8f2f442,Jim,Simpson,M
aa2a0b9c-2759-430e-af51-4f223561f65b,Mike,Misakian,M
bafed01d-d3c8-4e27-bcf2-d97a49ab0590,Walter,Dunbar,M
8a367753-8395-4030-9fbc-d8319bdaeaa9,Masatoshi,Ishihara,M
dcdbdff6-597b-4585-8cd5-1a8ea2a26698,Timo,Vakio,M
ee0d5196-df1b-4039-b11b-685af01d71a8,Sandy,Mrvos,-
3f865f58-5112-4aa1-a7be-3e94c9254545,Urs,Hardegger,M
0b8a5634-eb70-41be-9235-af9b8070c1f2,Kraig,Steffen,M
afe6c5d3-c9c9-4a2f-81e3-f549fb2b3afd,Bill,Ragan,M
c27e872a-d019-452e-8018-5174177330c4,Olav,Bakke,M
63c73fd8-c5ce-4d3d-8aec-3d550508b7df,Wayne,Roberts,M
2d9875ac-71a7-484a-bc24-d3b32527409f,Cedrik,Stevens,M
d8881fb1-c2c8-46ba-9f90-039d834cfa08,Frank,Johnson,
7eb2c69a-634a-49d7-b4d3-dce4042b31ba,Paul,G'Sell,m
195671af-233e-417b-ac46-414674b512e3,Tobias,Tiegel,undefined
dcdca256-8c68-4be1-96c0-b0a56745f843,Sascha,Scherzinger,M
3e70da16-4920-45f4-90f4-72668aab281f,Chris,Himing,-
05a21828-7665-4bdb-bcd7-e6b299c1be20,Andrea,Arfilli,undefined
dc81f59b-17f7-451d-94e9-58a1a0805398,Norm,Eckstein,M
06ae7139-9d99-4b95-a9d6-78f724a645e8,Daniel,(Berlin),M
a321d792-1b53-49dc-b83e-24a74b443e12,Gaia,Audino,F
76b55815-c0dc-4287-9755-7ba826e226f2,Toddy,Brodeur,M
af0509fa-90e5-4d2c-8413-fe3d05b776a0,Eric,LaRue,M
39816b29-f5ad-4739-a875-685a861c5fc7,Mattias,Nilsson,M
592ca8fe-037d-4fb5-9eea-08b3c2507bbf,Steve,Vinoski,M
2fad584b-7d84-4407-8ee5-b4c657768ffa,Henrik,Uggla,M
c3e2c886-c76a-49a7-a289-7bdb7d581b6c,Brian,Stableford,M
120c64b0-8a47-4cf0-8151-8bac772374fa,Marty,Akes,M
23fdfa26-2b73-4444-ad8b-76db2661802b,Syouri,Ouchi,undefined
a70ba443-2fc6-4ef2-beb8-d7815ef8afc4,Sam,Kaye,M
d8f776eb-d495-4f6d-9575-cb4d93303cab,Rodney,Goad,M
767e15a8-ca9a-4364-87b2-2a30a4aee206,Tom,Goltz,M
8a709120-0351-43af-9bbd-4745d2556bc3,John,Jennis,M
ed5a4964-b9a0-4e8d-895b-db183ab0d3a3,Hans Marius,Flotten,M
bd802866-eeb5-486c-9177-47d90af4200b,Paul,Klimek,M
f7cc3d1e-68fa-4a18-a55b-a50fbf2708ed,Kristen,Rudell,F
346c9cdd-1e6c-47d8-89d0-8f8a137227ad,Yuuki,Takahara,M
56b85f11-eb2d-4b0c-8b63-21dc9bca5d66,Eric,Gibbons,M
59668a2f-cad8-4b02-a697-ed92ed506ef7,Russell,Scott,M
f00bcb32-17ef-4583-9786-fd9a779b5993,Tom,Lasher,M
1a7f221e-389d-4569-8bb1-3ccb86527b89,Jolan,Canrinus,M
7bdf97c2-51e6-4694-b3e9-df811ab788ab,Rui,Pires,M
f84d2515-9a7b-409c-bc62-1b0d695205ab,Jill,Hanson-Simon,F
88d86b49-0fa6-4d32-b5ac-3b56f67f6045,Henrik,Wahlman,M
9f13dbe2-e81e-4589-8857-d9d7ae2fb724,Meggie,Cheng,F
174fb21f-fcdf-446f-909c-b442f5283428,Dan,Asmus,M
b2b6d2a2-a8e7-408f-8fd7-4f9dbaa1a772,Tom,Dyer,M
e9c38a48-4cfc-4df7-a30c-0f3d8378fcab,Craig,Simon,M
2c645887-b2a5-4d9b-b06d-cb85b5493ce3,Nancy,Zeitner,F
f13a8cf0-cbfb-4754-a45e-8731521b690b,Andrea,Sarti,M
e7e4694d-aa36-4b04-a82d-f4c09a1e892e,Josh,Houle,M
d7f57a87-ccce-443c-9e5a-891c15b9e33b,Lasse,Schwarze,M
161b35c3-e72f-44ca-82e4-a71794b8cdef,Elisa,Corradi,F
39979181-1134-45bb-b56c-62524ce98a83,Maik,Dobler,M
0a32bd21-8848-4b63-bba8-87bc0e8740f3,Woody,Wendt,
b97706f5-1948-4f65-8665-8d9102995ac4,Carlos,Rio,M
a3a7e7d8-bba6-47dd-8a51-65c3f564fc3f,Mark,Koivisto,M
9a66338d-4255-4b8c-8c72-fd2f79993015,Paul,Brenner,M
6129a4fc-d834-4e51-9cfc-cd29d3c0b992,Yohei,Inoue,M
6223f3e4-bb86-4868-949b-6d5445c88b8b,Spencer,Herrick,M
48d8ab2b-6ff9-446b-95c6-23c16d92dff8,Rick,Castiglia,M
d3522033-42ee-4509-b091-6191fad40b95,Jack,Roddick,M
99455b2c-e0fd-41d7-b97a-da2ef7f7d51a,Marc,Pestotnik,M
5707364e-d3fe-4c56-b0fc-adab46715b51,Roy,Tritico,M
c3cdb424-03b2-4b99-9bad-3322c0754747,Mark,Blakemore,M
3fd7fec6-f2ae-43a6-8463-ffdd448c3c24,Joe,Smith,M
adddefbd-37eb-4fa5-8d3f-7afe286c061a,Heiko,Vogt,M
6ceb7c01-0242-4254-86f3-bf3dca2fc2b4,Doug,Bronson,M
e92f575c-6046-42f0-a233-23372aebf642,Kyrre,Kristiansen,undefined
d3c0b5e3-ce93-4d47-aaa7-b39dadb6e750,Dave,Jones,M
8a893c08-49c5-4132-9609-17c909834372,Alex,Afek,M
85c9dbe4-8e9e-4747-a0da-bbe27d24937d,Fabio,Sanna,M
b9ef8f35-5dbd-4585-8948-08abb85aef3d,Male,Palmborg,M
1a4011bd-cafd-4c3c-aa65-1e12f443ca38,Tim,Rieth,M
ef0761f8-1c6a-408f-ac64-ec5f956f643b,Scott,Stokely,M
1d67a221-4e55-4f96-8601-afe134b116a0,Gianluca,Bertoncelli,M
b8aba7d0-45e9-457e-973d-6748cfbf852e,Danelle,Mangone,-
46cc62a3-4aa2-4fa9-9d5d-674acf32224d,Julien,Menetrat,M
db2a0c75-ea83-4ef7-926d-b5b0c9f35c23,John,Ince,M
fe13a465-5426-47dc-a760-e61f8c0b79c1,Marzia,Abboni,F
b047c700-7c94-46a5-a52d-ad248cf2b99d,Scott,Sailor,M
b82f61a7-45a9-4016-ae54-1f0370b83859,Sergio,Arrighi,M
046513c2-5214-401a-8e51-98e0206f4b2b,Darryl,Allen,M
8cebb3a1-73ed-4eb2-a160-f12069a5da58,Daniel,O'Neill,M
a0fe3f5d-3068-4034-9d87-e8d0f4ab1456,Eric,Chazaud,M
a139afe3-1b32-4d71-931d-b12cc5ccacc8,Mike,McCargle,M
20a3e1af-0fd9-4f03-91bd-5d669910e54f,Paul,Mondesire,M
aee92169-a0f2-4f0d-9d50-614c16b44e1f,Yu Han,Wang,F
5447b09a-bd10-4c18-b681-905faddbc748,Simone,Terramoccia,M
c7a03c7e-0d47-4a92-925d-6d1faae40d7b,Kevin,Palmieri,M
8a350345-8b76-4e15-92e3-2b149485eddb,Alicia,Feltus,F
43673f9f-70f6-427c-9b75-5b9f87018dca,Federico,Iommi,M
b893f184-c9f5-485a-81bc-141be741e4aa,Doc,Anderson,M
51bf3b4d-ad1f-428b-9886-0ac28837e08b,Barry,Mang,M
7059b738-6e16-45f8-b385-768fd4d86fa6,Schoppel,Maren,undefined
f05197f9-f307-408a-8175-cb8cda2945f3,Chorche,Turan,M
0ec9defb-df4e-45cc-ac31-b4a4579f21fd,Marco,De Lucia,M
e708def7-eeb6-4e78-ac17-3881ff2730e2,Jon,Cohn,M
f2da27ed-7758-45d2-9162-a07084ec142f,Alex,Luther,M
0160620b-4329-4514-b97e-ca9dc6836d6c,Maya,Tokita,F
bd38cac1-da2f-42a9-86fb-0fdd4dd71f7d,Nora,Roberts,F
b21fbf78-436d-40e9-959c-b3800f1bddb9,Andrea,Dini,M
4895c682-ccb9-4027-9554-287910e63b5b,Jason,Rosenbaum,M
be46e12f-423a-46aa-af41-fb31c2b4b763,Bob,Lewis,M
c8974c8c-1e45-4ce1-8c39-f1f3684b9471,Jan,Ekman,M
5eb16c97-3165-4b6a-932a-f01630b20e88,Rusty,Sherman,M
629dabf3-92c1-404d-9263-23693aedbdee,Dan,Meyers,M
80ffbe00-6ed5-401f-9c35-ba7507189487,Yogi,Ledbetter,M
20e3924e-2611-4dba-b26e-febc3859a680,Mark,Yandle,M
81d49adf-f37d-464e-b017-87fe4e08d56f,Pete,McLaughlin,M
dea77561-5031-4ab4-8947-792daa0d090a,Matthias,Marquardt,undefined
493d28fa-6cfe-44b0-8d5c-c413e0d39703,Dominik,Rurek,M
b3d50188-c050-4c52-ab9b-cf00116eaa46,Jake,Gauthier,M
7cad8a9e-5ef1-4f2f-96fe-c9e69e7fd2cf,Bruce,Page,M
b5bb41b0-bb43-4ce0-a863-e8f317c66ece,Quinn,O'Neill,M
cfd9aa76-5821-49fe-bc61-98be9b01c1fa,Bevan,Miller,-
77df1c9a-ebd5-4902-a836-caad7479f1cd,Majka,Kuczyńska,F
f79c50c3-4f14-4d52-8118-854c712876d6,Bob,Graham,M
4feb4bad-db70-42d9-a338-8757bdfcde81,Espen,Thoren,M
4a95fe6e-cf25-41f8-9b97-92cc6648ee5e,Juliana,Korver,F
14e0c220-8f99-42d6-91a3-50143ff3d019,Roger,Cole,M
720b95ba-24dc-48bc-98c0-8c903bdb049f,Tim,McDonald,M
c0aa4b4b-c1b8-40e7-bdf0-e610aeacff6a,Edvin,Almqvist,undefined
c0368b80-64fa-43fd-bf5a-1d759fe8c25a,Masaki,Hirajima,M
2ebb4a91-0c36-4e93-9d74-bf047af6058f,Jens,Schrader,M
7134f113-6351-4052-8e12-0aa25334b2c6,Korhan,Topaloğlu,M
e8f283da-acd8-4f8c-b353-fb041f9eb0cb,Kip,Armstrong,M
c9627631-cfb6-4504-9473-2e7a3b88c6a3,Davide,Sanna,M
2acf73c5-0413-4c9d-8479-c381bd660525,Dominik,Weber,M
264901e2-a052-484b-a76d-3331978c9a7f,Tony,Pellicane,M
2e05afe7-24f7-4978-985b-e92b896d494c,Simone,Proietti,M
b749c4b8-23fd-4ed1-b89e-e70e87470769,Willie,Monahan,M
01eec29b-8441-483c-906b-7d4467fe3b62,Jan,Ekman,M
1ae883e1-89f1-4b37-8628-1ca50d4364d5,Juan,Ramirez,M
37b41da7-6cf7-4ca8-a5cc-4c2292487955,Vendela,Arveskär,F
3affedf1-5c57-4996-bbae-89adf2a3ab9e,Dean,Marlow,M
9b141df3-faf0-4bdc-b621-2dda753013c3,Simone,Italiano,M
2caa0ae3-9742-440c-9e7e-ed71f7caad4b,Don,Dutton,M
70c93f75-d531-437d-8d57-d8301c09dfe4,Piotr,Rasajewski,M
518808f8-e483-4797-b7fa-e960de21545e,Dan,Yarnell,M
a6dc88ed-1da0-433b-8119-403e706a8e21,Ralph,Williamson,M
3e2c12a0-7f1a-4253-b62d-cce506be0daf,Kate,Dow,F
63c64e75-a519-466e-a290-e54a8e4a57c3,Nico,Bernold,M
9102f765-afb7-4bf9-a31a-0c931053fe90,Grant,Gilmour,M
bb2db489-4dbc-4afa-be5c-fdf0eb146f6a,Ken,Folger,M
5ac290cd-9456-4ca6-af85-df5de56bd9d9,Jesse,de Boer,undefined
8a288e30-83bb-41d5-ae50-811cd572f69c,Tomas,Burvall,M
a0a5e0a3-02ca-4e0e-ada5-de50c5886f24,Andrea,Marciano,M
686fd1b8-460c-4774-bdb8-95d39391eff9,Christoph,Brack,M
1d06d3ad-6350-4f43-a419-8bc40a4c39d6,James,Passmore,M
54959ac7-7d23-49d4-af9f-7c7397cd1a2d,Hsiu-Cheng,Lin,M
40fba8fc-fd12-4d60-8f68-5b4783fd3b65,Joe,Costa,M
1a3b9e9c-2d02-4c49-b9ca-70265b0e1f2c,Tobias,Burzan,M
59cb9c95-aca2-4cb6-b4fb-a6638628b8d5,Tonia,Gracie,F
8bc6fd80-0d01-4b2f-a51e-a45c993716bf,Jeff,Lannom,M
fbd49541-baf6-412b-9a40-c6b548dc0d2a,Nora,Johnston,F
1993e4e6-5215-4080-ac1d-932211fe35c0,Mehrdad,Hosseinian,M
66a9886d-a31a-41b9-b151-3faa829fe5bb,Jonathan,Willett,M
a992003d-788e-42c4-a973-3b268ffeccc4,Jason,McGlade,M
800546f6-51ae-4a6c-8087-a3946b121821,Kurt,Lampkin,M
ef1db347-b9f6-4819-9aa4-469852d71a89,Sam,Berry,M
e66f4612-a452-4fe4-be87-4ab4bd7c0e73,Don,Hunkel,M
4ddb2aa8-6839-49ff-9352-7b501261d4ed,Al,Durkins,M
1305a7ee-9506-41e8-bcd6-a2107405473d,Adrian,Wainwright,M
c917fe6a-3e8e-4cda-bfbb-6e73b74cfe46,Matt,Lacourte,M
f4a1e659-f357-48a8-931a-756cf21e5007,Richie,Smits,M
7e72be86-23e1-4df0-958f-1465cd535301,Bruce,Koger,M
9cfa2fcb-5e03-4888-94ca-8d1e8629c40f,Chuck,Richard,M
4d11237d-bb37-43e4-ae63-680e2ec859c7,Joel,Rogers,M
6308249b-ba64-4424-ab0c-4ca033b771b9,Mikey,Reid,M
0d47a900-ac44-4eee-b657-c2f6637ad2c4,Sören,Dietrich,M
272e136d-2953-45b6-a20d-7ce27204407f,Dave,Schiller,M
28d2696b-9cd6-49d6-9e9e-bb8317be0bfa,Jay,Beukelman,M
c3d13249-f0ab-4ded-8c1e-751a05ab48c1,Clarence,Braithwaite,M
9650070e-0951-4d8a-8213-74dc40973e4f,Jason,Keller,M
b7356269-1d0a-4f70-b91e-72d87ef7e4f3,Jim,Scala,M
f92a4bb2-c672-49d8-98e3-0e8835a6c58d,Kevin,Walenta,M
ed2e60a1-6e76-47a8-b500-80a53e7d059f,Thomas,Notzel,M
e5799d66-b85e-4f27-a17e-f66ad36e7ba6,Barak,Lifshitz,M
e8043f6c-4c35-47bd-90db-714f41c91b0c,Jeff,Soto,M
20e1217c-66a9-4387-806a-6f882f57759c,Markus,Aurielius,M
e4ab7ffa-f653-4faf-becc-9375bb6a8cf6,Susie,Horn,F
e684db2b-381a-4495-9d7a-7c51eef410f9,Aiden,Slaska,M
6fbc6ef4-1971-49cb-97b9-94b39d98d3d7,Maurizio,Ranieri,M
6b78ec7b-26f5-404e-bc14-2a8c20ab562b,Benedigt,Becker,M
e0210561-404e-49d0-af6d-87f8b6174aab,Mark,Mudgett,M
fead8698-0aaa-42d3-8eb3-ce7abbd56ba1,Matt,Brock,M
747f7496-2211-487a-836e-acd72f0b40b0,Ermanno,Mantovani,M
982faae8-a9b5-4cd1-983a-2004d830853a,Dan,Weddle,M
3419ad24-66a7-452b-9bc6-f6e1bf8eec3d,Bill,Wright,M
ad3337c3-968c-46d9-af06-d2e9b6c45078,Peter,Bloeme,M
a1908f8d-8674-49b7-9b67-6f1b9e4776a0,Obaid,Mirzayi,M
70964157-b7f0-492f-8a78-73551ca66b64,Christoph,Brack,M
c5536786-af9c-401b-ac7b-7dea016b1e70,Bram,Maassen,M
a777e97b-b5ae-41dc-9069-de4c6a9e4ebf,Martina,Biaglioli,F
797d7f73-91fd-4715-8868-80cb1b8078f8,Paul,Kruse,M
50602768-2dfc-414a-8a34-4cef7c6285bc,John,Dwork,M
7b36b9f9-43c1-43df-8b2a-c3e1fa504e22,Joy,Hartwell,M
6c5e08d3-da29-45c6-b20d-5ab9c306874e,Rob,Varderst,M
4a8c76bc-f99a-4c36-aa89-cef01bc26cfa,Daisuke,Kuroda,M
43beef5c-ec22-4fba-9932-4aff89dbb036,Cody,Kirkland,M
5a492eb0-e0fc-4c74-be22-93b1ef3d1f83,Jakub,Sedlak,M
80361561-bd22-4fae-a176-b7002a4d2be7,Juan Pablo,Granda,M
2351e5c9-598a-4eb6-b011-7c44fbcefd08,Sören,Dittrich,M
3023c1b3-cd8e-41eb-9a6f-55e0380ec12d,Alex,Kage,M
dc156cd9-c710-4d41-bca4-369ea30d7faf,Dave,Johnson,M
311007c6-f554-4918-8309-7267e6264647,Riccardo,Anversa,M
1ba90a5d-735a-4f06-a4f3-ab7d5b44a826,Mitch,Minford,M
25469b03-a251-406d-9d8d-dc650e2d526e,Angie,Vargas,F
9827c00c-d52a-4e03-b0bd-cffe3c7a220c,Jerry,DiChiara,M
5de2202e-ffa8-4f48-8418-5237e11fe046,Sameer,Thakur,undefined
c4cb69c1-bdc5-4351-b2e6-bf60553262ee,Johnny,Lighthizer,M
a192aa56-e015-4eb8-aeac-4e08e622a243,John,Elsner,M
425b6598-c9fa-4807-a156-0d4c766448f1,Mike,Hettich,M
d42f9537-e25a-4335-ab43-f2b669fe2eaf,Jeff,Johnson,M
48a6c7f1-f562-4fd1-a059-621a67276d08,Pablo,Cano,M
83858507-5ed5-43b0-99c9-5756de5f5c00,Chen,Pei-feng,F
a5e31ce5-4985-4eaa-bf1d-ed34fcb42a74,Jan,Mertens,M
e288d186-642c-48be-a68c-b8ba66be13c2,Barrett,White,M
6e383ac1-cd10-429a-ac87-2c9042b06aa3,Maurice,Cinquini,undefined
b46f00fb-da7a-44ea-912d-c132c7e5c0a3,Timo,Zimmermann,undefined
31572559-d326-4523-899a-a1bba12d1d49,Marc,Broghammer,M
d27fb910-bba0-4678-8bda-c82f7bf6dc5d,Marshall,Scribner,M
87006b1e-7320-4010-b60b-7ff68220af61,Luca,Boehler,M
c32e0d7e-7fe3-4946-a348-54382b943daf,Jorge,Tamayo,M
6d66b727-8b19-4549-82ab-489af8c69ca3,Thomas,Cole,M
46a2a50d-91ff-4835-b6ef-d2d29a788cdd,Michal,Roginski,M
9b0b10b3-e47a-4b5b-ac75-6821faaa7084,amit,even,M
010d039d-1981-4eb6-bb9c-96431999b239,Ake,Vinberg,M
98d46661-9561-4071-9066-9d9ce58f6713,Conrad,Damon,M
cf7177ca-feb1-429d-bcbe-5ed0b2b6b6c0,Sabrina,Surdyka,undefined
67c175be-6686-4ea1-8ff5-22b16068038d,Philipp,Ludwig,M
f57b3736-76fb-4447-a33f-a6834e335873,Henry,Gonzales,M
adeae3da-44bf-47da-9d28-caf69b671752,Ayal,Benin,M
a0e4c85c-84e9-44a1-bc77-67be835f2a01,Mike,Smothers,M
6684b78a-7435-477d-83fb-52d524f37952,Federica,Gatto,F
fea8d8ed-5b9b-4c7b-91d3-4ed2b8953906,Chris,Brown,-
9a8e6e63-1c61-484d-a2f3-a59424e45bfe,Chris,DePaolo,M
26e4286f-3f22-41b9-84ec-62e81924b158,John,Meller,M
46ec75a8-a1fe-4d20-b621-17bcbd4d95d5,Randy,Osborne,M
77ea123e-865c-4245-9b76-4f35b68ae345,Ryan,Hornickel,M
cd17732d-f380-4a54-8033-9f916ac82830,Andy,Yates,M
70c100d3-ab6c-4383-a0de-adf13c400e7a,Tito,Mex,M
dc58d870-c9e1-4874-987e-80716103be3e,Wolfgang,Schöffel,M
d1c0897c-5432-428c-9f5e-e9dd1ec10c68,Angel,Sanchez,M
caa8ac3b-7dd9-46b5-bfda-611e158b2227,Mike,Ruzicka,M
aefaf011-e550-406b-84fb-4484c413bd63,Roger,Neskvern,M
efe121fb-7c7b-4947-bb65-a29d3e783aa6,Andrea "Pitone",Farnocchia,M
cb45e48e-fe1b-440a-be4f-0180c830b612,Spencer,Herrick,M
807ca84f-4c7f-4f88-ae3c-2882014fae75,Don,Fogle,M
17183bf8-1fa0-485a-8181-27502c85301a,Jason,Neifert,M
a3952960-9ada-4651-91a0-43cadbaebdfb,Alfonso,Lopez,M
98bb80cb-3610-4f1d-98e3-82486836ca95,Wayne,Beaver,M
2befe02f-e386-4470-8362-37184c49d52d,Janis,Skladanowski,M
552d6b4b-6fda-464a-98db-de91124363f9,Yusuke,Umehara,
cbf5306a-9e30-4ee9-bd68-a1563ac69cdf,Rodney,Sanchez,M
7226ac75-32cc-47ae-bd26-ab98b89a415a,Francesca,Iasenzio,F
173291b2-8137-44a3-8a73-6d5776cac2e5,Chauncey,Donaldson,M
6b074393-2a02-4551-8dff-7f03bbd45e9e,Sara,Rouse,F
27be4e9f-cafe-4d28-8a19-7cec87ec5247,Arthur,Coddington,M
f0a00add-1936-4174-a3fa-9d61f799d31e,Andy,Schwaneflugel,M
570d7b78-8dab-4358-a8a7-95e9c3840c89,Zachary,Hubbard,M
a99af5bf-87b2-48b9-82de-3133c64ef8d8,Dan,Mangalese,M
a97f4928-a833-41e3-a496-d6e2856264a8,Filippo,Bortot,M
a4f1260d-8062-44a4-ae18-27e74dd35500,Mark,Regalbuti,M
8b72d494-332e-4d7e-b665-6607b0342843,Jim,Goude,M
1e84a86a-9035-4cfa-b5d2-621a47ff35ec,Mikael,Zewgren,M
b17cb1be-3900-4678-a8ba-dce197ec960c,Bryan,Steffen,M
6dad09e6-0ba8-48f3-84d0-6775d702f749,Brian,Eure,M
bab26605-5cb2-4db6-9931-ec817f64b656,Fabian,Necci,M
0253eb82-7a20-4d21-8fed-0101cc20625c,Angela,Molina,F
3332f040-11de-45d0-866c-00fea7d3518a,Evan,Thilo,M
05967ee3-af08-4994-b9f4-c64b6d747d81,Steve,French,M
3575bae2-56ed-4adc-9b5e-0c020235976e,Andrea,Gallotti,M
90ec2149-eb33-4bec-ac17-01026b9dcfef,Beth,Verish,F
52851a94-bea9-4ea7-977e-1b7844244ba4,Hans,Carell,
6ff8e29e-0b29-4b0e-8e69-060dd18f737a,robbie,collier,M
a9adae5a-acb3-431d-83e7-3a4515d7089b,Bob,Harrell,M
85f360e0-d27f-4da1-b793-9f89d4e2cb7a,Robert,McLeod,M
51c72fe6-70a5-4e13-831b-208e34df60cb,Pierric,Chardon,M
cf29ad97-e8a0-4dc6-8d7a-ebe2ad186d16,Matt,Frymoyer,M
929666ab-29b8-45fa-b3d4-309764245745,Erwin,Velasquez,M
7e12be2d-4669-4e47-975a-9a7f11b57123,Jose,Rodriguez,M
9db62f43-b88c-4984-a31b-89055c2e1798,Alan,Martinez,M
e8d903a1-a929-4f19-8f12-06926a698aa3,Tom,Leitner,M
5faaee85-90d2-4443-9623-cc10b55c3b6b,Ennio,Scrimieri,M
b4da44a6-8669-4dc7-98dd-e7c9e44b93bf,Tom,Krajna,M
eccd0f92-54d8-4d43-b9bb-680da924d20b,Jose Carlos,Fita,M
cee7c5fc-416a-4662-8969-0d1eaa5520eb,Brad,Keller,M
b2d36c3c-1bee-40e0-a885-8453090f5848,Dario,Marinoni,M
8ead1340-6251-4c98-b836-f4d11e7317fe,Ofir,Almog,M
6be8937b-b799-4088-8e1a-57811066cae6,Ryan,Young,M
90fc1e92-8da0-4599-89e5-e63fc65c71e0,Derek,Robins,M
8ce24c06-409f-48af-a571-0700912099f4,Brian,McElwain,M
f48b83f5-0528-46c6-b276-622b59f48495,Joakim,Arveskär,M
c46eb59a-959b-48b6-99d2-9d30181535c2,Cliff,Towne,M
4eebfb35-e7d9-498e-bcb0-e6e7e35ff150,Kristen,Lewis-Shell,M
6de61e70-7330-41ba-82c5-ea4576355cde,Daniel,Bailey,M
6cf9e778-11e7-4bfc-a72b-2cb73f427bd7,Ondrej,Kolega,M
fb43314a-1036-4c3e-b011-cd6e2ed6474d,Margaret,Simpson,F
745be357-dbcf-4723-a190-4cbf329b59b0,Eric,Oloffson,M
61839d12-b2ba-4153-bc6b-b857035f9e6f,David,Conley,M
d013f932-7795-4c21-bd74-8b59551e79dd,Jim,Van Lanen,M
95ee90ea-4bd3-4cfc-86f3-d84089948ae2,Stacy,McCarthy,F
7dd705e7-7637-4e20-8255-9e7aa8a9abc8,Mattias,Franzen,M
f32c8332-54cb-4870-90d8-4f0041bb76e3,Lisa,Berman,F
d19275bc-45cb-4d9b-83e4-8c10da4b6923,Kenny,Jackson,M
486b5c01-7c45-44b4-9f74-51dd59661be7,Alice,Tommazzini,F
47899487-dc23-4797-82b2-c86a393c17aa,Mike,Moser,M
916dff69-86c8-409c-a425-0741842ffe58,Sam,Neilson,M
5b97dba9-f5e5-45f8-af18-8ea4d0a7fd5a,Raffaele,Pilla,M
08959f74-3f8b-4af0-bf68-9f4b40a464e5,Neal,Dambra,M
93d56e5f-8cdf-4d4a-bcfb-f92b7b7783e1,Waldemar,Wagner,M
3a4c38f0-4b48-442b-93a9-81dd845a0941,Liliana,Cruz,F
65708bb1-96ad-4ebe-bc9d-bf480672fdbf,Alan,Flood,M
54178003-1c97-43b9-bce0-7b09a0d87917,Duane,Bragg,M
672191d3-9c0c-4302-8732-4bcc6b1ea548,Fabrizio,Rossi,M
03933899-7344-4934-8f31-b147c0a7bc2f,Ron,Remey,M
ae05749d-f5d7-452d-8551-02cbd0bc2555,Doug,Simon,M
ef78b035-3dd5-4f50-8380-6646496073da,Aaron,Wachtler,M
804afeb4-3e5d-42cb-a0d4-de560682b81a,Hans,Peeters,M
b02d2f05-bed4-492e-8db4-4bb659321b47,Michal,Maciolek,M
80688c09-798b-4a50-a07d-67696206a863,Dave,Bogenhagen,M
e2f64f2d-3e99-40b8-aaad-eb2903ea58fb,Mary,Lowry,F
da187f17-15d3-4baf-9b4f-b76b2cd8f0a0,Billy,Kaplan,M
9e400d13-d37b-4b08-87b1-43231df1db4f,Trey,Morgan,M
1fa23225-5945-4cdd-aee0-cb6af4e665fb,Gregory,Lo-a-sjoe,M
b6cb064a-4601-4c94-9d74-3dd7cf789898,margarita,larkin,F
c39f9b83-e526-4ff0-9df5-04e47e5ace2b,Jim,Schmal (now Benson),M
ec95e966-ab28-41f0-ae32-eee920c18ea3,Mike,Ocon,M
ccc42381-6a28-4b85-8cd0-5f7676b950ef,Hugh,Lowry,M
172badb0-5cfc-4e40-9f02-bde00a798ca1,Juan,Pablo,M
85261066-4d44-47e0-bf89-71df52477309,Koutaro,Ikebayashi,M
f7e1e90d-a4c7-4653-a698-829ac1571f39,Scott,Hanning,M
e1b78cac-3fce-4fbb-97df-31efff7103cf,Niki,Thoma,M
79ff77b5-a190-4875-827b-64517ddb47e5,Jan,Schreck,M
0015532c-bea9-4a28-8872-33117921850b,Martin,Bakko,M
92a6ca25-025c-414e-b8b9-1d1c95cca3c5,Hal,Hunt,M
c362abca-1ee2-4063-901c-1ecdccea8f9c,Roshan,Reporter,F
e2ccec46-0be5-4100-9ba9-875240f540fd,Marco,Consani,M
ea629874-a46e-4a66-b06d-15d9e5095490,Dave,Kuettner,undefined
77208948-27c2-45f0-8906-aacc45fdccd5,Spencer,Bradley,M
3310ed1c-391a-41d8-a9ad-52cfaf3fac66,Udo,Engeter,M
cc0f7efc-49d7-46a6-9afa-571d8013bd1a,Mike D.,Thompson,M
b473ea76-953f-4c11-aede-15e647f807e5,Dieter,Johansson,M
1edd844e-45c1-4c9c-9d7d-7b1f2d171a01,Akira,Murakawa,M
8506746d-0ab2-4b44-9d04-dfd2eab66c57,Nan,Babakhanian,F
6bc0f2e5-3045-4661-a744-1cf89a3aa8fa,Gabe,Harvell,M
88c02071-b498-437d-a8bd-8f05efdba1e4,Jiri,Weiss,M
c5bc9b5d-df0d-4840-ab77-761bc58caf8f,Mark,Bonner,M
abb51f0a-bafe-464d-900b-72bb793d837e,Steve,Held,M
31b40f4b-a1db-446d-9a16-695aada89419,Kevin,Lawler,M
e88fd592-c1ee-42a7-bda8-1052d7575891,Jochen,Schleicher,M
b58a6828-f0ed-4b21-a84c-c3a2dccd8a29,Benjamin,Edelmann,M
c0fd7a04-ba60-4943-b767-4399022ae16c,JT,Tomkins,M
7de97cab-f77b-4cd7-9291-054b902c12ae,Fernando,Botrugno,M
b22c3703-da42-4f6a-8705-e3de4a51e6b4,Stefano,Mestroni,M
8b948ed5-a162-4d73-8659-1b52c5ef849a,Kao,Li-yen,F
447a94f0-0f35-4d94-a36e-93cdf7e9993b,Gunther,Kaufman,M
9f3fc798-d064-4f1c-92b9-98fb89fc1191,Jim,Palmeri,M
64096030-32fe-454c-a1b8-9983fcdac6de,Magnus Gjerde,Petersen,M
0dfb268d-45f0-4349-9da6-13ce287847d7,Dave,Alton,M
2d5570ef-8b40-4d73-b512-c253b033e732,Gordy,Adell,M
c2ad049e-4719-4ba7-96e4-fc1d5ace6f03,Jay,Hinkle,M
4651f88b-9910-4bb1-b952-cfb633357f57,Mary,Sorrentino,F
48886634-7a1b-494a-bd1a-d32d8e41248e,Latso,Graus,M
80fa8e7f-0cee-4bfc-a94c-16a025a0a463,Gary,Adler,M
f6e84f0a-dbdc-4023-9d7d-31c2ffc447c5,Lisa,Hunrichs,F
e75a6986-5c87-475d-b49d-78a434981bde,Mike,Stoneking,M
94b89e59-b0d5-4555-bf06-14988d85cb55,Stefan,Karlsson,M
450e01e6-a85d-406f-b579-0cf2a6345182,Bill,Dubilier,M
c8b2ee82-e9e1-460f-9de0-b50687c83d16,Ray,Terry,M
dfe77dca-914a-45a0-b209-c50582852a9f,Tito,Andino,M
9ecf24e4-3b12-467f-8b22-4480ee253a74,Chad,Evans,M
26e36deb-638e-4b8a-912e-1a8d6bf25f2e,Ilka,Simon,F
fefe9ee6-2ca2-4eed-9811-5d4e6ac71be4,Daniele,Bertolini,
29dd1705-7914-4b9c-a833-0e3058a10854,Francesco,Lucci,
03052dc7-b5d3-4b8e-a92d-a123a33036da,Jake,Gauthier,M
dc33886e-b869-479c-bae5-2bba93ba30d1,Birger,Schmidt,M
2780840d-3747-42c6-b687-5a9176dbbdf3,Ryan,Vinoski,M
8d8d7da4-5bb7-4462-afbe-f21b6b5fa140,Matt,Fausch,M
d3ecd349-7ee2-4ba0-ac0d-85f6c31ba006,Jim,Myers,M
d1127af4-f3a4-49da-99a6-7ecb64d8295e,Danny,Myers,M
c02a41f8-e59a-49e9-b400-1b015c7d77c9,Peter,Thomas,undefined
1230831a-2366-4513-9ffa-68f83fd00399,Donny,Birdno,M
09cf75a4-cbd2-44a1-8778-de68d4caffc8,Xtehn,Titcomb,M
c0372092-a389-455c-a52b-21b6daa1a77d,John,Ditmars,M
41653bf7-7384-4897-8537-18685379ea33,Romana,Ganser,undefined
75b0ed95-0a32-47ed-90f8-9395062cec10,Michael,MacPherson,M
894bdb56-c91e-40dc-98de-8535954cb65d,Masaou,Yamaji,M
ececa9fb-e4e5-4439-afe8-6b57df449c15,Hiroyuki,Takeuchi,M
931b4b05-d71c-46c5-95e4-439881f42ff7,Dominique,Weissenberger,M
c8fbe577-ea2b-43b5-89a6-a6e9848d092b,Zach,Murphy,M
5e03c505-fa52-4f1c-9bce-0dd8e29d3786,Ernesto,Gonzales,M
9fd3ab81-a418-4c97-bd84-68f5227c04d0,Cormac,Finn O'Brien,
9ce129cd-0735-4389-b652-d433908e87f0,Hanna,Dura,F
7c999277-186e-41be-9d4d-edbe730f9e67,Mike,Beckman,M
7be92221-f471-46ff-ad33-06cb3337cf1d,Bob,Weege,M
8c938ae6-2602-4b27-90ed-43e8a16c8834,Peter,Jewell,M
a7b4fd16-b942-41be-800b-6ebf861b945f,Michael,Mitrione,M
2bdfdb40-23fc-4455-a35d-18083e0ff670,Magnus,Petersen,undefined
794f0c67-6881-477a-8ca9-f20becfbbca4,Steve,Vittelo,M
4056f0cc-6e69-40cf-a621-6c63d6d71172,Dan,Lustiger,M
ca9405dc-a772-4473-af8a-2b08d56f375c,Joe,Mela,M
f9e41d5f-b59c-4e8e-864b-785e74efb6b7,Olf,Nather,M
1c4b876b-a7cd-4c9c-b7af-81db6427a525,Oz,Friere,
4465116a-2202-41a2-959e-6df60171105c,Thomas,Gereben,M
ad5c9f68-b80b-4a4d-be04-f10856b989af,Carlo,Pierini,M
7b1bfdd0-ff2d-4e3f-b391-f0f4f4ec434e,Peter,Honzik,M
e934a5ea-49aa-497b-9328-1ca8855be8a5,Jim,Smith,M
cf903763-b1b3-434a-b125-49e0256ca40b,Natlia,Agudelo,F
c14bfa86-6b52-4a87-9fb6-e80fe50847e6,Peter,Bergholm,M
7773efe3-b05a-46ab-b86d-221768def0a4,Jakub,Hosek,M
0586b4f3-91ef-40d0-95e0-95dd5b0401d9,Lori,Daniels,F
6f732a25-ab2f-4415-bd23-c656f3c6225c,Katy,Gimma,F
3e55b521-e378-40eb-85d1-0dbe141ca042,John,Rushlow,M
b28962d6-3566-40fd-a04b-bc44b2354e7c,mitchel,hinard,M
5e825457-0adf-405e-af5d-42a51b6bad97,Erwin,Velasquez,M
b283afcc-f5cf-48e1-9eef-1c1ccfa4e8f5,Nathan,Grant,M
e3880c4c-ef0e-4d27-8217-b79ad265a450,Claas,Seithe,M
0fcbf196-0701-4f9a-8a63-d1d3bef44d6a,Peter,Karlsson,M
20af6139-3597-498f-88ae-ce3b1b3d4d05,Jeff,Morris,M
db689f53-eb60-49ca-85cc-df4191b52bee,Jayme,Wilson,M
bcacaf55-9330-4ecb-a7dd-3be753c47e54,Zuzana,Malá,F
49b39c44-e6d5-4800-ba00-af8609855046,Alessandro,Provitali,M
71cd472e-1212-4f89-ac42-20901b657245,Randy,Lahm Jr.,M
baea1e04-ae74-44cf-a80d-fa913e760829,Willi,Williams,M
bb41abfa-4b07-4590-b941-0b4be93596f3,Emanuele,Costa,M
0fac7725-966a-43e8-86ea-56d5a509cef8,Juan,CarolosCalderon,M
89b35307-5a46-446a-a449-c162c1537ec0,Fred,Lauterslager,undefined
372816ae-12d0-459e-bfcb-ba0749484ef4,Art,Viger,M
9f372b16-5844-49a5-878c-6261e7a201fd,Snapper,Pierson,M
a0065891-a1ef-444c-bb51-7a5bad1d9818,Heidi,Rudå,F
779f2c3a-1f3d-45cb-a9d0-93db644d2f81,Greg,Stein,M
60852598-1b4b-48bc-a26e-dd90170e2109,g,rose,F
dbc5f92d-0033-449a-bd1e-f97e1f9ec075,Greg,Marter,M
db6a42fc-1a60-41bf-bd70-09dbf46aa138,Rick,Williams,M
ff9f19c9-0e72-496a-9a15-36543f88b76b,Bailey,Bonaci,F
198a7a35-8bbe-498b-9017-073f4799b399,Heinfactor,Heinfactor,M
59e7ea2f-81a1-4517-9656-3a94cc42b18b,Becki,Zimmerman,F
f23ee223-0c05-431a-85f2-36693f3a3720,Paolo,Mirabelli,M
92c7b6e3-9b5c-4935-bf73-d5ee1b0b1241,Roger,Meier,M
6305f2fe-bc29-4e7c-bb3c-df431b173dfa,Eduardo,Suero,M
9f8a9c58-f7db-46cb-8c3f-25dc5c906c3a,Christopher,Horn,M
752315eb-08b0-40ea-af8e-6ae6f9b12ea0,Sebastian,Gorczynski,M
eac1ce3b-3ae8-4eb9-88b1-941036a4d401,Anna,Duran-Korzycka,F
66b806e5-9457-493c-822b-8d71fad87470,Cynthia,Allen,F
98e0a8ad-ddd4-485b-9a39-a237df47dd50,Luca,Restaino,M
0dd2c9e4-0ce6-4713-9caa-4be0fb460f67,Markus,Hein,M
c3458cf5-39aa-4b2a-a82b-be75220216c0,Ivan,White,M
0dcc1edf-ae4e-486b-a8bf-3b819d72ead4,Jannis,Brünner,M
036d1951-0fb5-4c7b-911c-e4ff86354467,Mitch,McClellan,M
363fe87f-29a2-469d-a6f7-eda757245a31,Jim,Elsner,M
4d01c08b-29a2-4d24-8e94-8dc8d4f49bdc,Kyoko,Kodani,F
f00d9f00-95f1-4f50-9ca9-cacf9b0051bc,Steve,Reicke,
8e353e82-de89-427c-a753-6f8ee5619fca,Yutaka,Harasina,M
708082f3-a719-4d40-81c0-9e5f82f4817f,Marcin,Dusowski,M
e49b9032-9249-457b-9762-60c9958fe0fa,Scott,Stokley,M
3a43bfe0-1350-40e7-adaf-44bbbd0a3624,Tex,Elliott,M
5b213d03-3c86-4df3-b49f-dd67d102eb6a,Federico,Bon,
0970e906-fea2-4a5e-9acb-2c2563e061e6,Abozar,Hejdari,M
63a5adf3-fb9f-4f77-b58a-67484c252647,Larry,Ast,M
478dfd19-0d3b-493e-9320-7a2a12b71264,Bob,Kramer,M
9c3ad13a-0e0b-4571-bfcf-b3893fac6588,Fabiana,Ciciriello,F
8682ccb5-afc2-40cb-be94-bb58f74047fb,Edoardo,Favorini,M
7e44b265-5e1a-4ead-b700-b0111f9dd933,Norm,Aubin,M
5a63babc-6917-4c99-b62d-d1b665e733dc,Budgie,zzz (CO States),M
e3ba7646-e879-470c-b349-ce6ef19943ee,Paolo,Magni,M
a1352dc1-833e-418f-a356-45da65c63131,Tom,Gleason,M
d2ee6220-0df2-4918-abd7-97495a215127,Alyssa,Van Lanen,F
7dcff78c-fda1-4770-89a3-2692053972c3,Tim,Gellerman,M
61da5604-f7dd-43ff-8972-315e9f62b629,Sebastian,Cardenas,M
4cc75384-82a1-44d1-ab39-f601ef48ab23,Glen,Miller,M
c33f058d-6ec1-42a4-b836-15b19aa32b82,Larry,Imperiale,M
586a37b6-afe6-4318-a105-5a2163c77693,Jason,Burdick,undefined
964a6f2c-9612-4a5a-a02d-761d5aeb1f47,Anne,Graves,F
be022aa0-3159-46b9-b12e-e4cb73b129b9,Hiram,Bale,M
cd26a6c0-4423-4549-b64f-f54a06200a65,Rahel,Wachtler,F
ede8d65b-2b5a-4c9c-9d3d-9a47365cc8ee,Mike,Esterbrook,M
af7bbd65-e2af-4eb2-976c-265fd111bfb3,Scott,Nutt,M
ea6a65a1-053a-4485-9eb2-f58964583924,Manuel,Enders,M
459db87d-2ee3-4292-8104-d9462c7d0273,Jake,Gundry,M
915012e5-bf25-4f3c-aa98-cf5753ca30b0,Erik,Soderland,M
0bc5ac66-229a-4b2e-a617-57bb54b7625f,Maria,K.,F
ec293282-0a0f-4757-aac4-01cd75b47b68,Tom,Hausmann,M
ebf1345c-67c3-438c-88aa-618288367a51,Keith,Armstrong,M
1737a9f4-8f1f-4783-8125-f0ebdd21b1e1,Steven,Bogenhagen,
647ad02c-58fc-469e-93c7-fd6030305edb,Ilaria,Aprile,F
2aac909c-9df1-42e0-ba0d-b9dc9393172b,Paul,Olander,M
d44470cc-b97f-4945-9e93-33b99e313e02,Joan,Amberg,F
765fd968-1905-4e0e-b36b-98787aff4afc,Rick,Rentz,M
865680e1-ca14-4bb1-9bf6-571faa04a72c,Andrej,Turan,M
8b04ef3e-5bd1-43ed-9fa4-12e249c1944a,Philipp,Krueger,M
a88d80f6-f4e5-4a2a-ac5c-e8b803f0e7d1,Mike,Burns,M
fc887bf7-bb3c-46f6-9b1f-b1b4472684b9,Kim,Larkin,M
67f2a7d6-8baa-48e9-b38f-2e3c39365815,Matt,Hull,M
76cb357d-e259-4141-b108-4e7f680b2e17,Angelo,Mancarella,M
05166f3b-69c1-415a-a533-f5854b6ff842,Megan,Grilliot,F
f8f28343-a3c1-45af-8236-f7967fb07021,Chieko,Kakimoto,M
26f40683-6084-43e8-82de-db8e4ad82222,Stefano Bellucc,Sessa,M
977a4a0a-7021-40f4-933a-7efdcb18656e,Tito,Andino,M
4d4e09eb-6d4f-46f2-b4e2-30a0af8927ca,Sten,Hermodsson,M
3e0b7f6d-9ecb-48c1-b8b2-0f374ce79a7c,Alberto,Baldelli,M
efdaaa1f-0f3d-4f42-8ede-c3330a5f9255,Francesco,Santolin,M
44ec5539-dead-44af-ad74-f570e52b9d4e,Tomokazu,Yamamoto,M
d2cd4144-4de2-4da5-a240-79cce4bf746f,John,Pecunia,M
a40f9210-b0c8-44cc-b93b-28e2376ef293,Mattias,Nilsson,M
1185f794-3bc5-4e6c-a5ce-4a33b76104cc,Filip,Korzycki,M
78b95ec8-f616-404d-975a-a0f6a264db95,Jeff,Shelton,M
1e34f00b-728b-4214-b7f2-d1db98dafc22,1981 Female,Lunberg,F
f615b4f2-c49c-4c3a-9ce9-172b15af3dc5,Adrian,Röder,M
785589a8-8708-4a2f-a825-873261655d26,Robert,Lawler,M
be6a2170-95dc-48f1-a390-e78c972a0b1f,Björn,Ahlström,M
7862eba9-be72-4f11-8817-386e28520337,Adrian,Oleson,M
a02c8464-8af6-4685-8aff-5361ef1e88b2,Heiko,Vogt,M
3d894ffa-0e90-4019-8bc0-457820805053,Alex,Zalkin,F
2932ec16-3bf2-4e4b-8b72-2e7714305ed6,Chris,Swank,M
80c0c555-00e0-49be-b66a-85036296bd9b,Brian,McElwain,M
05938919-e99c-480e-a368-55406d081961,Thomas,Jonasson,M
41190290-e3cb-492a-9613-edd43569ce90,Jeff,Fiedler,M
a3f878d0-8e8f-495f-a62f-80f163e75023,Tyler,Roddick,M
dd6ab598-7b51-4f8b-9e4f-ac126c72ff79,Dave,LeBleu,M
0f244d5d-b280-49e4-b25a-3cd7b615bf2b,Carlyn,Ray,F
00b28cc3-f9d4-4d22-aa5f-77c49edaec26,Sabbse,Zimmermann,F
35a7dcd5-38e3-4176-9fd5-be6ce44ddef8,Anni,Kreml,F
1bcc941d-443e-49cf-b804-97199c78bc7a,Rick,Monroe,M
7f9d92ae-4f4b-441e-acbe-395ea861ba30,John,Jaje,M
6d8636ac-42f9-4455-a1dc-94c239bb7921,Marion,Clignet,F
4a61e5bc-e11c-4854-b878-6a641e9e1a87,Dave,Cecil,M
f0b10c65-6e1f-4fb8-b416-c745b5c8c377,Carla,Cheshire,F
37bc5dea-af4a-456b-b87c-49f6c1b3b4b9,Clay,Collerà,M
5f000440-2c0c-468b-94c1-601bed56c95b,Joakim,Arveskär,M
31c8a844-4587-4438-8540-392ea71d11c5,Keith,Armstrong,M
e5d42abd-1271-44f9-b1d1-3d65129e093f,Harald,Skomroch,M
84897cb3-9156-4f27-880e-3612c66f4a36,Jammer Mom,Kenny,F
dfb6426e-43d7-4407-b35d-135478d3370f,Kate,Cason,F
b9101fc8-346b-4581-a201-be496035fa6d,Nilofaar,Mossavarrahmani,F
bed6789f-4e43-4be3-924f-98d1fa4331f5,Matteo,Pinto,
5074eee8-90c1-479b-addc-3a5687623368,Penny,Jackson,F
e98a6ad7-d3c7-4940-8d8e-744710174568,Giovanni,Coppo,M
44fe9dac-c4b5-47ba-999a-63e7395d1dbe,Alma,Cusma,F
d03b4343-e174-4b28-a548-9856c1f24d17,Kurt,Karlsson,M
585be85a-2f95-4fec-9a87-c83360447aa3,Giorgio,Flamini,M
cc83d914-15df-4a4a-b1b8-f3e4df786c32,Scott,Hicks,M
b94c8fdb-4970-4aad-bef4-125f41a9056c,Brad,Hammock,M
af9ab73e-49fe-4251-bf91-799b49f0c2f6,Tony,Pellicane,M
5c7ad1a5-4e54-4a94-bd84-5f07ce2d31e9,Alan,Caplin,M
67aed627-8295-4561-9575-de9adfcce19b,Reidar A.,Hogseth,M
0e0fb036-79fd-4bc0-9037-7cf8b8dd4603,Greg,Veltkamp,M
edb7ae4f-fc71-493c-9bc7-ab433589957f,Nico,Schwarz,M
f9979dce-b2ad-46ad-8d35-8f60cd385f0b,Renee,Donaldson,F
35461b17-03a1-44d3-95d6-934fa59e83fb,Bob,Hoffman,M
5725a377-79af-4d47-8e6d-c5bcc8d421c0,Dave,Bickerman,M
07eeba43-0ca8-458d-95dd-cf478c9f3d8a,Jack,Smith,M
40788beb-db52-4f33-bc4d-e38f13407bf0,Kento,Matsuda,M
a8873a3a-59aa-4d45-981f-caed749699f8,Terry,Bogenhagen,F
82f19fd0-8458-4caa-8c18-a01ad6c89277,Mark,Trout,M
f67f06b4-dc16-4bb2-b72b-22291df1e24b,Cindy,St. Mary,F
91d794d7-0183-4ee0-9a37-ec11351a27f1,Andrea,Piemontese,M
9cd66e5a-5fd2-4b12-a4f0-66ffda4cafe0,Florian,Fessler,
f768c758-5fef-4084-bbc6-81a68fa32e09,Enrico,Stocco,M
5b701cde-69ca-4e0e-bf25-bfeb24148449,Jason,Salkey,M
d25693a4-da5a-4d83-96b9-9b64c77a6062,Anneli,André,F
54593b15-de7c-429b-9ecb-2863271afd9b,Craig,Smith,M
ffc605d4-e5ee-47c5-a68e-d3fe27805c1d,Randy,Lahm Jr,
26c8eb05-1f6d-4a41-b728-40a26597b4b6,Karin,Breitenbücher,F
f2c12600-82dc-4243-8451-b5b86a83e7d5,Cotton,Mcaloon,M
186909d8-7272-48c9-9bb3-87efaefddda1,Jakub,Testovac,M
95b44d5a-f598-4a45-b443-61ba0c2929af,Evan,Hanneman,M
d0da833b-159b-4b8d-b25b-bdc4abd68495,Steve,Stotter,M
fdb94b64-c4d0-46d8-89d0-b767ba7b25f0,Merle,Witvoet,M
a402a032-1ba2-4b16-9043-8a675b25c73a,Catia,Brandi,F
35d0152a-53fc-4834-a940-afd8ef167044,Terry,Johnson,M
06d787e4-819e-4e45-b0bc-290307a09fd5,Frida,Högberg,F
af881037-a235-4d09-9cbb-9f8dcc7ec098,Curtis,Hamlin,M
07d1a1a8-5361-4561-8aff-fe09c179d60f,Michael,Weiss,M
4088b6b9-5134-4ba0-b91e-9ea80d8c757d,Reto,Zimmerman,M
c88716d4-5c64-46cd-9610-56058f45ef72,Mieke,Scott,M
88d953e7-a59d-41a3-8f6f-f2c106a218da,Lyle,Jensen,F
d8995408-4ab4-416b-a204-946f6c2a5436,Jerry,Capito,M
1854e5fd-0871-4172-a5c7-f94cc8617b99,Lou,Sumrall,M
10b83842-14d7-4e24-9dd1-25c609a56887,Kevin,Palmieri,M
99f3526b-a315-4b24-9150-0fb83e95b92e,Hank,Bass,M
5c24e0a4-6638-48f9-af43-97bf7a836312,Simon,Mitell,M
3d36e203-5f9b-4501-84aa-d3136e78cc9b,Martin,Höser,M
92866d92-605d-498d-ab11-ca40e638a6a4,Konrad,Skorża,M
330be399-0ad7-4637-b4d7-ffb2d0898341,Kalina,Kisiliewska,F
975dd208-eece-4bdb-94e2-4f780d9a3a7f,Sten,Sturefeldt,M
4fbfc504-83cd-478b-875f-6aa6b06c8b95,Sam,Ferrans,M
f9ed5230-c24a-4fb1-948f-da825afeef8c,Rob,Kapnik,M
857ab692-34e3-4dff-9155-3d967fd03c55,Harald,Skomroch,M
759d8e77-5925-4aea-92af-a7c56f237ac8,Tom,Sahlit,M
f3806a09-c650-40e9-9560-76a8586f8bdf,Artem,Kocheshkov,M
aa111246-c793-49e2-9240-dd835b6b75e8,Yasutaka,Okubo,M
1a40a80e-8730-4e6a-bbba-a910dd0b3d06,Carlton,Howard,M
5940656f-6ea1-4ba3-8e80-95d6958d858d,Joe,Messner,M
a9d6d3f5-87bb-4cb3-89ae-d371bfc79c68,Chan,Yu-min,M
e7811141-8708-4b35-b390-85efe8f757a9,Aisa,Szukalska,undefined
afd307d2-3b13-4bf4-bebc-320c7b0607c1,Kent,Bray,M
1e7e065c-ec9f-40e5-84a4-c58b11a02f21,Dave,Moore,M
66fe6411-ac25-4760-afd6-5a6ee6a88794,Brian,Brechler,M
46f0fa30-4113-44b2-b642-ee7f6dc69045,Tita,Ugalde,F
642b55e4-b90d-45cb-89b9-2ffa5fc2e2c2,Diane,Harris,F
0d5d3315-f7e5-4209-8a38-617fa5b11074,Conny,Gustavsson,-
568fee0d-139d-4ac9-96c4-5543fd33ff4f,Susan,Whitlock,undefined
98eb2af0-ce73-4ce2-a531-31eec9253de9,Lauren,Elvers,F
42907d49-2c6f-4ad1-91c8-1bdfcc885b20,Ralph,Maffett,M
33c54f30-695b-44fe-b9ad-cc2c177efa03,Denise,Oerlien,F
ad7dce6b-0a99-463a-98fa-50ab5814e9d5,Juha,Nurminen,-
68039a43-c405-477a-8a83-178ab051bf61,Tomas,Olsson,M
cb9139ec-acf6-4e29-a613-02b7cf3b5c82,Chris,Thompson,
9c20eacc-134b-47ed-8e38-1ab371299049,John,MacMillan,M
32d7997f-bb75-4b1a-8509-5e94abd6c9c1,Brian,Boate,M
cc3cdb42-f814-4bc6-b3ec-774ba91bd7a1,Enda,Warecka,-
d27dc222-c4cc-4407-9a27-a8ff9205baed,Ollie,Gordon,M
b9f570ce-ddcb-4bc0-921f-65e506952599,Andrzej,Testowy,M
93e32818-c728-4e1d-9636-149a386ce4c2,Joe,Proud,M
02744623-476b-45b5-9000-854bfffae55f,Seigo,Suzuki,M
3646f5cd-d5d9-4875-9a69-6d7ee3b6bd28,Albert,Nelson,M
2b516676-6fc9-4460-8182-aa3712dea0be,Daniel,Pinchasov,M
90a7f672-5599-477f-8de9-76e816c5b1c4,Florian,Maier,M
ebcc656e-d811-4ada-93d9-35cf6d407bb5,Will,DeLoache,M
440a0429-aef3-4d3f-9486-1e015e57be2e,Ron,Colwell,M
dafa3f95-425a-4611-93ce-5f179af90fd8,Niklas,Bergehamn,M
67b60425-4f25-4afd-ba9f-05b39369d00d,Iwan,de,M
5e86384a-6432-49d4-9aa4-12d6f4f252e1,Tito,Andino,M
511a6b19-5d54-45ef-ad95-98fee090bbb2,Ivano,Gallo,M
40a07ee2-0257-4ea6-a856-8f15c5dad4a9,David,Claiborne,M
15626a08-8100-47f3-8f40-6f47f22817fc,Martin,Klopfer,M
80838fb3-1e0d-4db2-8a26-28229e196690,Ake,Forsgren,M
036ab70e-3609-4aa5-8262-dc0e77bb3400,John,Elsner,M
5c0b33dc-cc84-4300-b14b-01fcb984cbec,Takashi,Ogasahara,undefined
ad1a3ff9-4ad5-4c6b-9351-e8967edfb34e,Adriana,De Bedout,F
46781b2f-cf05-43c1-a4dc-6614d8e0cbdd,Herb,Bush,M
acbf68fe-b3c2-43be-853c-d7c35525d14c,Mitch,Hinard,M
313bbaf8-a3b1-4314-82a3-357abcd60bd5,Chris,Depaolo,M
eb8f7e3a-5208-499a-b147-b100fd87647a,Buddy,Adams,M
04affd6f-4738-4530-8274-445af5a8ba8d,Gabriela,Sadziak,F
93f8113b-7f33-4bea-9793-456af01013c5,Ernie,Small,M
8176d9f7-6cc4-4c39-88ec-4c1bd9fc2bd8,Keith,Clark,M
6fc189a4-0fa7-4b0a-81b1-738d56d2fb6b,Ricardo,Guzman,M
766a4b87-4355-499d-a2e4-0ac91f682a7a,Chris,Horn,M
ac7c5de4-da58-4b17-a4b5-1701ae69198a,John,Munn,M
28591435-0bc6-47cd-8b8e-19d5fc3ce8e1,Tito,Andino,M
15c1e3d4-f829-48cc-a59a-7c36593136df,Jerran,Peery,M
03d212de-009c-4319-b4fb-eba7cb0d8e80,Tipton,Horn,M
f4e10b4d-5daf-4482-ab8c-0661b779234a,Emilia,Hermana,undefined
e194ec8c-642f-4ce7-b09c-c67d00bbf9a5,Janine,Wittlich,F
fb152427-cbfe-4f7d-90c5-56f3de75a9f7,Yutaka,Harahsina,M
6e711abb-40d2-4a43-acb4-6788654522c9,Hiroshi,Yokota,M
5f231295-35a1-4a8d-a4fc-28e188af3dba,Olaf,Reichert,M
5085b7ee-d6e9-42b3-af06-59cfa50ed145,Matthew,Reed,M
e61b70da-5d44-4a62-a547-024ac39174d9,Stefan,Karlsson,M
521dba04-0173-4e4c-bf1f-94a88ffd1873,Ot,Loetlam,M
cd05241e-43d7-4dbd-8f23-3ff9ae013489,Marygrace,Sorrentino,F
bbfc692d-f176-499b-b73f-b13486255abc,TJ,Barson,M
99ab83e3-e0c6-40bf-9976-8c782d457ec8,Arthur,Coddington,M
5aa9d993-4eb7-45f8-a232-1214975357f1,Steve,Hays,M
89511966-c182-4771-9182-f831b181e252,Ran,Klein,M
c9633a01-2e44-4bfa-baf5-3c6efbd74713,Anna,Bragagnolo,F
cfa42bdc-5144-44d9-af67-26c46f9d4662,Claudio,Cigna,M
678baa4f-4d75-4a9d-93e5-add80bf7d190,Ann,Zemaitis,F
8e9bccea-e2a1-45a5-baa5-d473b883ec5c,Alice,Zenatti,F
dba155db-db8f-49a1-b6a8-2bced44dff47,Alejandro,Garcia,M
1cfa60d0-3e65-4561-a290-8480d98559c0,Fabrizio,De Rossi,M
c2d471e2-26bc-4c6f-b592-57c6b0a912c9,Amit,Peled,M
7f87767e-622f-4f2e-99ad-9435373e5c98,Randy,Silvey,M
6d0c9863-99b6-49a4-9a3d-4a5a7d251701,Randy,Silvey,M
7d0eabe3-44ce-4727-8e09-7e25a7e0cb54,John,Andre,M
12d3a412-d837-483c-8e5a-70389984a389,Ron,Turner,M
6c129046-900f-4124-8eab-06859b42a7a7,Gregory,Lo-A-Sjoe,M
5a0daf96-c0d7-4b2c-96bf-8a2798b55577,Michael,Caffrey,M
4ca8e4ab-1741-450c-bac5-114105b566d2,John,Thomson,M
acdbdcc2-4352-463e-bfc0-15df6ef762d2,Aaron,Loy,M
c858e821-4f18-472f-ae7a-31bb3f6de8e5,Mouss,Qabbal,M
1f913803-6184-4c40-ade3-06c17159b937,Jim,Poole,M
9652bb15-a1e7-4d35-a0df-59e122f623a0,Frank,Lejeune,M
d761f051-cf22-47d3-b43d-8ac4a36ea690,Lars,Neumann,M
085336ac-64b6-4f99-aa87-3e7af5e3187a,Tom,Ford,M
a86e1160-2991-463e-b998-f27ce7cf2d60,Devrin,Nelson,-
288a81a4-0718-41d9-9737-9c7ea7d03e7c,Marc,Schrader,M
334b3959-cd82-4c23-b26d-d3f1e85168a6,Evan,Walridge,M
76d0d7d6-abbe-4783-91ea-2adba12ce837,Brian,White,M
180806e9-3c18-4bd4-9306-51349143af8a,Keith,Baker,M
429668c7-e044-41bd-b6d5-fe64a14f05cf,Dori,Yaniv,M
35287165-1b45-4dfe-984c-d5deecc0f078,Karl,Broderson,M
69c95b7a-47a8-4fbe-a5ad-59f249c226a0,Craig,Guy,M
2807d921-24ba-4825-8a2d-d4c664c2aa6f,Stepan,Materna,M
7b9bf9cb-69f9-48fa-adfb-7eea3a331605,Jason,Salkey,M
9570db1a-5c79-45a3-9da9-54a33836b9cc,Andres,Rivera,M
cf7bddc2-1b97-4589-b4fa-cca9ae8901c9,Gary,Auerbach,M
e8c15312-9698-434c-9593-2652f9842811,Shouki,Maeda,M
2d220177-28b1-4c36-b57e-35334e926e7c,Tyler,Doar,M
743177a2-94dc-48c6-8bb9-eb477150a118,Thomas,Palmer,M
14f5d2ea-8bdb-4e98-b898-f550eb63d875,Joel,Townsan,M
69894978-c3df-4205-9ac6-bbbf43efc511,Tom,Sahlit,M
42a8f719-3d08-4e5d-aed2-14092cadf1e0,Lisa,Moscowitz,F
d3e9090e-c860-4651-8e0d-a2eb019a6781,Mike,Conger,M
bc810b94-ee49-4d67-906c-7f86013a4bea,Clark,Tomlinson,M
78910e98-69b7-46f0-b434-a3fa0eefc3d9,Paolo,Cipolloni,M
358216de-14cd-40f7-80a6-532669b1f71e,Ryo,Matsumoto,undefined
2174f364-9d70-4dc3-afd1-913f74b41a90,Filippo,Cavalca,M
bcc44c88-2a9c-485f-86c6-3f59cda02b06,Jörg,Wunder,M
77cbc268-9625-4a99-aea1-cd31d2b46a0c,Greg,Black,M
df9908f6-b0df-49d1-8f54-9092afcd13ce,Linda,Toerngren,F
ee3fa9d8-7340-44e5-91aa-bca86c99bad4,Erika,Compton,F
ae5db3e7-1b09-4a39-8d7b-b850d8d83cd9,Peter 'Peewee',Wayne,M
a33913a0-81ab-4b2a-9bd7-092f619ffa43,1981,Ljungstrom,M
3b8e0d62-4b59-4221-aad3-1a7ee29a5470,John,Kirkland,M
0915d911-e24c-483e-82ce-0463ed8e4c1b,Claudio,Petrò,M
e3952836-1c91-47fd-bf97-060f0c6440ee,Bar,Bendek,F
5ff4635b-0f6a-47fc-88bc-a6e5d3324f11,Liz,Powell,F
061a2635-91ec-4c4e-b906-2ce16746546d,Bryan,Steffen,M
9300e6de-c7ac-4631-bbb7-b25bd7e73399,Andrea,Stazi,M
e1a78169-ec47-45da-a3e1-d937096af56b,Avaiz,Hashmi,undefined
a16abfc7-b181-4dc9-b92e-3444e4713db6,Tim,Eng,M
5a7b4bf8-8115-4a42-8cf0-f211a3ec40e6,Kathrin,Westkaemper,F
c98a53f7-c64d-4dbc-8634-26e328a92bd3,Dusan,Bucuric,M
469c9dde-b6b1-4b05-9c58-9f252577473e,Ramon,Galliani,M
8e47bc00-f253-415a-9afa-3f4c1490e6ff,Cade,Loving,M
3b532ed5-d660-4b8a-a50b-b4e90d3dbc2b,GUILLERMO,TORRES,M
00fefa07-195d-43fe-965f-24b29357b5d2,Robbin,Flößen,M
22315689-3312-4e46-bfa5-9842c24ebbcd,Harvey,Brandt,M
578978a7-53a7-4d96-8f82-cfeaa3db8d1c,Tobias,Dohner,M
035e0bce-6c63-4fe6-9257-1658dfe628dd,Juan,Piercing,M
cffd6299-ad4a-4d63-b119-eb6007f7f78d,Matteo,Ceresa,M
aae8ad09-fa26-4b40-8f20-47feb698e6f3,Melissa,Trail,F
e6bcec16-0d87-4881-af31-916cfb6bb6cd,Kyrre,Kristiansen,M
aa6c8231-2bae-4548-9094-0525d9b80fd2,Philipp,Schellworth,M
73759400-d51c-48eb-bd99-67eef5712aae,David,Withiam,M
802bffd8-66a2-4080-bc32-0083fe05caf5,Yuki,Sakamoto,F
279200d2-8946-4df2-b071-7d97e761a744,Amir,Tzedek,M
0d7a7f1b-2c58-4f74-92f0-3ca6d82ce6bf,Chris,Baker,M
69e77119-fd33-4556-bae4-d78263b1dd34,Shane,Hedrick,M
c892c97c-76f9-4b6f-9946-032add5ccfc9,Silvina,Porsch,F
ead929c9-1ecb-40a3-a2b4-5f5524dc9c0b,Felix,Geibel,M
a76fbe7f-d1ea-4161-918c-59ef593c0ba4,Joe,MacNamara,M
4c9e2534-1cdd-4a81-a9a7-32589342a05a,Konrad,Slupski,M
aad8020a-fb3b-4d85-95da-513f1743b75f,Fabio,Caruso,M
ff05c433-a18c-4057-87a9-80fba73db6df,Lina Bödecker,Dittrich,F
c5739918-0dfe-4117-82d0-9e3e81333931,Francesco ,Santolin,M
cc078bea-6349-4bb1-aa09-15bdfc35d642,Mike,Carr,M
e9ffdb1d-54ae-48fa-a274-61b8c1bbc723,Maurizio,Lozio,M
43c7fc5e-a181-4bb1-b456-ff7820ee58ec,Avi,Horowitz,-
8c1c0105-7086-41d1-ba2d-491815017c8b,Mark,Regalbuti,M
f32641eb-2f51-4470-b57d-0583564f32e0,Marco,Sanna,M
9fe6cc7b-e10e-43ef-9d77-b7b33f39362a,Bob,Clark,M
b35b0918-0004-445a-890d-2490acd471bc,Edward,Giroux,M
af471a09-974b-44af-8bd2-cd1cc434056c,Ken,Wakabayashi,M
9231381c-045f-4f12-8e8e-e02e4e148e0f,Leighton,Miller,-
9ecc7743-8498-4705-9334-005266f797c5,Daisuke,Shinkai,M
7df22572-8023-46c7-b538-30b24795dcb2,Masafumi,Kanbe,M
4e80cada-5ef2-45cf-88f6-14e535f8c5f2,Don "Duster",Hoffman,M
59654cd1-8e16-4d32-ac9f-5596eaa69ac4,Jano,Chudik,M
fc2ab401-b674-47d1-99a2-e4bdb7075e87,Emilia,Zoila,F
1e787014-922d-46b1-b447-60f8f2190309,Mattias,Hultqvist,
684a348a-552b-4c5b-9819-213cbc3a0ad6,Janna,Machwart,F
37628592-7e9f-4f75-819c-b91eb28b02d6,Larry,Hinkle,M
35a14ded-f854-4880-a6b1-0f19a34d89e5,Felix,Geipel,M
5bf694c5-1891-4e9e-a829-613fd3a90d34,Demar,Wagner,M
7d98bb64-f582-4dca-9efb-a80f956379b6,Wally,Free,M
da9adb3c-5b79-48e6-9d57-335c6ba332cb,Tom,Bertrand,M
0bfb84b8-5525-4e3d-af06-c551b5f7a3ca,Lisa,Hunrichs,F
0d69c4a8-58ff-487a-9534-a04d82c6f094,Randy,Lahm,M
be3cc438-745a-4105-a08c-0fd7c7d136c4,Steve,Ward,M
2316278c-79ae-4e63-9257-c5457a39c46d,Mikołaj,Wroński,undefined
ece8cf33-9c72-4d42-bc97-c584ec58960a,Mika,Nordman,M
5acd8b05-b181-4b03-97ce-cb75fbdc351e,Magnus,Petersen,M
8cb34b85-06eb-4442-a97c-90b52031dd41,Kei,Kotani,M
b5b4344f-ff3a-4127-8d18-ef1372374104,Gary,Perlberg,M
f8f89a44-cccf-449e-84ad-d59ffe5e945a,Jennifer,Webb,F
7a3713d2-3f97-4823-a70f-314ae6f67b11,Martin,Stadler,M
b3bcfe43-582c-4b23-86cb-9f1d4cbaafca,Daniele,Malguzzi,M
ccbfdaff-1f12-4205-8869-c12f2ec18c0f,Mike,Danomie,M
06ef99c2-88e3-44e1-a729-4cd4ceeb043a,Matt,Ransdell,M
122d7da1-ccc5-4cbd-af65-4573629caa93,Bob,Morrissey,M
448bdf1e-921b-431d-811b-b49b001ff458,Jan,Srruz,M
5e884d67-ca29-495c-b58d-da6d63d048cd,Peter,Karlsson,M
22d14994-c7ae-4a96-a68d-408880261f3c,Kouhei,Yamaji,M
c2e6a650-3a10-4fce-87cd-0b6666c9b21b,Barry,Gill,M
50de1704-fdd8-4787-99b3-7d13adf41ce3,Marcello,Panebianco,M
91d20657-b92f-4234-a24a-1347a7e0393e,Mark,Kudarauskas,M
a3b83b16-38e9-4f10-a851-5d059c6580f4,Gordy,Brown,M
a6aa43e8-3f2b-4444-81fd-9a55da438bd3,Mikael,Zewgren,M
54ba50a4-ad40-4e39-9dd4-98b7a661bd09,Irv,Kalb,M
d1103b4f-b3fb-44a9-ac8d-e563d72ded00,Lee,Harper,M
5327703a-e9bf-4f04-ad17-d901c3d0b3c2,Tom,Lader,M
069434b9-1cf3-497c-bffc-7f3393dcbcf8,Chris,Solis,M
e9b6c4d8-0d80-4fa8-8471-e2f227bb6f8b,Denis,Migunov,M
027bf778-6ff8-4180-9cc9-d498960191ee,Adam,Moeller,M
252c831b-12fe-4033-b2b3-d400a298302a,Blair,Paulsen,M
49114528-8d2c-499d-ad9d-ef55a872e67a,Cotter,Michaels,M
23cc15e1-02e8-4558-bf44-774cfe13a5af,Scott,Wolfe,M
05ab55c2-2570-4448-bcac-9f1c2a1e75ef,Hiroshi,Oshima,M
d6c112d6-91fc-419a-bc9e-db894d0694a7,Yu,Han,F
4b4d4cd3-3502-4437-8770-c5237f590b57,cory,lipoff,M
dfa4eb30-ace5-44b4-a460-53674c9586fc,Darryl,Allen,M
e1f26ec2-e392-4e00-9262-a411c896e68a,Yarden,Ghefter,M
28276eb1-7779-48ce-bfd5-22e3b422348b,Jack,Cooksey,M
06e0a52b-25b3-48c8-8d0c-cbee79e0935c,Luca,Medri,M
dc412edd-f0ee-4f6b-9c01-7f48398d4546,Jeff,Homberg,M
565a7708-a17a-4e23-ba74-9028ad56395e,Richie,Regensberg,M
b9443927-163f-4aa9-ba1a-6d17f1965fca,Brian,Pool,M
294a0986-f46b-4a91-8846-4dd10bbd0933,Alice,Belcredi,F
1090a3f2-6115-4809-ac08-6297ddf1bde0,Elia,Mutterie,undefined
f19ab015-834b-4b41-b618-52cc327e2128,Sam,Lazzara,M
9225895a-9b88-49c9-a0e0-5836fd48e510,Lori,Daniels,F
0b1675d8-2d1d-42f4-8db8-2c5e31c14277,Mary,Jourgenson,F
f91bd16a-fb3d-4d70-a458-3939e8fe6416,Asia,Szukalska,F
48adfa7a-9da1-42b2-bbeb-e8effc4bd7b5,Randy,Terrazas,M
f4ba89df-2c4a-4f41-b8c2-f52b4fbc9ae6,Hiroshi,Okano,M
d8937797-576d-42e5-906f-380ab2566afb,Julian,Obregon,undefined
0eeb4fe9-1b7c-4688-960c-756f82de1cb5,Lukas,Zimovcak,M
99552100-206b-4cc9-9551-7dca7b885be2,Andrea,Rimatori,M
96481a84-e983-4db7-bf9d-13b95d07d618,Todd,Brodeur,M
fa43922a-4c5f-473e-b04d-bb1a99ee5ccb,Tymek,Wrotek,M
ca11e0bc-3a59-487e-96bb-02e62a389a35,Scott,Riley,M
