1741,1-3|1-899|2-900|2-901|3-1|3-902
1737,1-897|2-427|3-1|4-898|5-391
925,1-1|10-907|2-903|3-902|4-904|5-427|6-897|7-905|8-906|9-898
926,1-1|2-897|3-899|4-903|5-906
927,1-1|1-903|2-427|2-899|3-152|3-904
931,1-1|1-903|1-906|2-1|2-550|2-898
930,1-1|1-903|2-427|2-897
979,1-1055|1-1061|1-1062|1-1064|1-221|1-387|2-1|2-1056|2-1057|2-1063|2-677|3-204|3-236|4-363|4-747|5-1058|5-1059|5-1060|6-427|6-899
986,1-1085|1-821|2-1083|2-2|3-1|3-1120|3-899|4-60|4-904|5-1121|5-1122
981,1-1070|1-1090|1-1091|1-1096|1-204|1-747|2-1083|2-1092|2-1093|2-2|2-550|3-1084|3-1085|3-1094|3-1095|3-821|4-1086|4-1087|4-1088|5-1089|5-337
1348,1-1061|1-1062|1-1064|1-427|1-821|2-2|2-403|3-1071|3-1072|3-1074|3-387|4-280|4-890|5-1073|5-1075
1347,1-1099|1-1100|1-204|1-236|2-1631|2-823|2-824|3-1626|3-1627|3-363|3-747|3-821|4-1086|4-362|5-1120|5-1630
1346,1-1060|1-1061|1-1062|1-1101|1-821|2-2|2-403|3-1073|3-1075|3-1629|4-1|4-1628|4-280|5-1071|5-387
1345,1-1071|1-1075|1-1099|1-2|2-1626|2-1627|2-823|2-824|3-1085|3-236|3-363|4-1058|4-204|5-1057|5-1086|5-747
982,1-1064|1-1073|1-1074|1-1075|2-1060|2-1061|2-1062|2-1100|2-427|2-821|3-1099|3-1101|3-204|3-236|4-1071|4-1072|4-387
1353,1-1064|1-1074|1-1634|1-2|1-387|1-677|2-1061|2-1062|2-108|2-1101|2-204|2-236|2-363|3-1073|3-1075|4-1071|4-1679|5-1072|5-777
1601,1-2430|1-421|2-2431|2-2432
1354,1-1635|1-550|2-1088|2-1640|3-1636|3-1638|4-1093|4-1639
1526,1-1664|1-1665|1-823|1-824|1-907|2-1626|2-1627|2-1660|2-236|2-2379|3-2378|3-362|4-126|4-880
1527,1-1664|1-1665|1-2379|1-2380|1-363|1-747|2-126|2-1660|2-2325|2-2381|2-880|3-1640|3-876
1529,1-126|1-1634|1-1660|1-2382|1-2383|1-880|2-2384|2-823|2-824|3-1089|3-337
1469,1-1074|1-677|1-823|1-824|2-126|2-1660|2-815|2-880|3-1075|3-280|3-370|4-1640|4-2324|4-876|5-754|5-777|6-1074|6-677|7-1698|7-212|8-461|8-645
1470,1-461|1-645|2-416|2-693
1474,1-1073|1-1188|1-126|1-1660|1-1664|1-2334|1-363|2-1188|2-126|2-1660|2-1665|2-363|2-677|2-880|3-1073|3-128|3-370|3-747|3-880|4-1698|4-212|4-370|4-645|4-677|5-2331|5-693|6-128|6-747|7-212|7-645|8-1664|8-1665
1476,1-1664|1-2325|1-823|1-824|2-1073|2-1637|2-2336|2-821|3-1693|3-204|3-2326|3-2331|3-693|4-1635|4-1636|4-645|5-362|5-876|6-1682|6-384|7-1661|7-2339|8-2333|8-695
1477,1-204|1-427|1-821|2-823|2-824|3-2331|3-645|3-693|4-258|4-533|5-1635|5-1636|6-1640|6-362|6-876|7-1682|7-2333|7-695
1478,1-1664|1-1665|1-1667|1-533|2-1074|2-1188|2-677|2-880|3-1177|3-2334|3-280|3-387|4-1075|4-370|5-1072|5-777|6-126|6-1660|7-2338|7-754|8-128|8-2337
1479,1-1074|1-126|1-1660|1-677|1-880|2-1177|2-1188|2-1664|2-427|3-1661|3-2339|4-1073|4-236|4-821
1480,1-2332|1-533|1-693|2-85|3-2333|3-695
1753,1-1664|1-2325|1-823|1-824|2-1693|2-2326|2-258|2-693|3-1664|3-2327|3-2332|4-1640|4-2324|4-876|5-2333|5-695
1481,1-1188|1-1665|1-212|1-677|2-126|2-1543|2-1660|2-1663|2-880|3-1177|3-1663|3-363|3-426|4-258|4-693|5-1075|5-370|6-754|6-777|7-1667|7-533|8-1661|8-2339
1482,1-1062|1-1071|1-1072|1-1665|1-387|1-677|2-1543|2-1663|2-363|2-747|3-1177|3-126|3-1660|3-426|3-880|4-1073|4-2334|4-280|5-2338|5-427|6-1188|6-236|7-754|7-777|8-1661|8-2339
1483,1-1177|1-1188|1-1188|1-1188|1-1663|1-387|1-426|1-427|1-427|2-1661|2-1667|2-2334|2-2339|2-2342|2-426|2-427|2-533|2-693|3-1177|3-1663|3-2|3-2326|3-2343|3-387|3-533|3-551|3-551|4-1661|4-1667|4-2339|4-2341|4-387|4-533|4-841|5-2|5-2251|6-2326|6-693
1484,1-2326|1-693|2-2343|2-594|3-2344|3-2345
1485,1-1188|1-1664|1-2325|1-2326|1-236|2-1693|2-1694|2-2324|2-461|2-533|3-204|3-2340|4-258|4-693|5-1662|5-362|5-876|6-1664|6-212|7-2328|7-2329|8-359|8-645
1486,1-1177|1-126|1-1660|1-426|1-880|2-1188|2-1543|2-1663|2-212|2-693|3-1668|3-2326|3-2347|3-363|3-427|4-1661|4-2339|5-1667|5-370|5-747|6-1710|6-2327|6-2346|7-754|7-777|8-2328|8-2329
1487,1-126|1-1660|1-1664|1-1665|1-426|1-880|2-1693|2-1694|2-2326|2-363|2-427|2-747|3-258|3-693|4-1667|4-533|4-823|5-2324|5-2327|5-461|6-1188|6-212|6-236|7-99|8-1640|8-2328|8-638
1490,1-126|1-1660|1-1664|1-2334|1-880|2-1673|2-2326|2-461|2-693|3-2|3-2348|4-1664|4-2334|5-236|5-363|6-1682|6-2333|7-1673|7-2326|8-1059|8-1678
1491,1-1188|1-1188|1-126|1-1660|1-1665|1-236|1-880|2-126|2-1660|2-1664|2-258|2-363|2-533|2-693|3-1188|3-2326|3-236|3-363|3-363|3-693|3-880|4-1664|4-1665|5-1698|5-2|6-258|6-533|7-2334|7-2342|8-1691|8-2349
1350,1-1641|1-210|2-1642|2-1643
1351,1-1644|1-1644|1-1645|1-1645|1-1645|1-1648|1-210|1-210|1-834|2-1646|2-1646|2-1647|2-1647|2-1649|2-1650|2-1651|2-1653|2-1654|3-1041|3-1643|3-1651|3-1653|3-1655|3-210|3-834|4-1041|4-1651|5-1643|5-1652
1494,1-221|1-258|1-693|1-99|2-221|2-258|2-362|2-693|2-99|3-362
1359,1-1074|1-126|1-1660|1-1664|1-1665|1-280|1-387|1-823|1-880|2-1074|2-1075|2-1188|2-212|2-236|2-363|2-677|2-677|2-693|3-1663|3-1667|3-1668|3-363|3-387|3-747|3-747|3-747|3-884|4-1073|4-112|4-1177|4-1177|4-1188|4-1664|4-1667|4-2339|4-426|4-426|4-821|5-1073|5-1188|5-1543|5-212|5-236|5-280|5-821|6-1072|6-1665|6-363|6-754|6-777|6-823|6-824|7-126|7-1660|7-1660|7-1663|7-1710|7-2346|7-884|8-1075|8-2350|8-2351|8-236|8-48|8-645|8-754
1493,1-823|1-824|2-1667|2-204|2-2340|3-99|4-258|4-693|5-2324|5-461|5-533
1355,1-1641|1-210|2-1646|2-1647|3-1656|3-1657|3-1658|4-1653|4-618|5-1642|5-401
1356,1-1646|1-1647|1-1655|1-1659|2-1643|2-1644|2-1648|2-834|3-1649|3-1650|3-1652|3-1656|4-1641|4-210
1357,1-1188|1-1188|1-1543|1-1663|1-212|1-212|1-236|1-236|1-363|1-387|1-747|2-126|2-1660|2-1661|2-1664|2-1665|2-2339|2-363|2-370|2-387|2-677|2-747|2-880|3-1177|3-126|3-1660|3-1662|3-362|3-426|3-427|3-823|3-824|3-876|3-880|4-1661|4-2324|4-258|4-370|4-461|4-533|4-569|4-693|5-1662|5-362|5-876|6-427|6-823|6-824
1358,1-1641|1-1644|1-1644|1-1648|1-1656|1-1657|1-1658|1-210|1-210|2-1641|2-1648|2-1649|2-1650|2-1657|2-1658|2-1658|2-210|2-834|3-1641|3-1646|3-1646|3-1647|3-1647|3-1651|3-1654|3-1659|3-1666|4-1652|4-1656
1496,1-823|1-824|2-258|2-693|3-2328|3-638|4-2333|4-695|5-1691|5-2349
1756,1-1664|1-1665|1-363|1-370|1-677|1-747|2-1693|2-1694|2-2326|2-258|2-693|3-1673|3-204|3-2336|3-2340|3-821|4-1092|4-126|4-1660|4-2325|4-880|5-1188|5-236|6-2324|6-461|6-533|7-823|7-824|8-1698|8-2|8-876
1362,1-1657|1-23|2-1651|2-210|3-1641
1495,1-823|1-824|2-236|2-693|2-876|3-2324|3-2328|3-638
1497,1-1188|1-1188|1-1664|1-2326|1-2340|1-693|1-693|2-1693|2-1694|2-1730|2-1730|2-533|2-545|2-545|3-236|3-823|3-823|3-824|3-824|4-2340|4-236|4-258|4-359|4-645|5-461|5-533|6-359|6-645|7-1664|7-876|8-128|8-244
1498,1-1188|1-1693|1-1694|1-2326|1-693|2-1673|2-2352|2-461|4-1694|4-2326
1499,1-1188|1-1672|1-212|1-2326|1-545|1-693|1-884|2-126|2-1660|2-1693|2-1694|2-48|2-747|2-880|3-1188|3-2342|3-2350|3-363|3-48|3-693|4-123|4-1660|4-1672|4-370|4-545|5-126|6-212|6-880|7-2350|7-363|8-1671|8-2353
1360,1-1641|1-1651|1-1656|1-210|1-210|2-1643|2-1656|2-1657|2-1658|2-834|3-1641|3-1643|3-1645|3-1646|3-834
1500,1-2340|1-693|2-1691|2-526|3-461|3-533|4-2349|4-899|5-2333|5-695|6-2354|6-36
1361,1-1641|1-210|2-1656|2-1657|2-1658|3-1643|3-1652|3-834|4-1645|4-1646
1363,1-1641|1-1656|1-210|2-1657|2-1658|2-834|3-1653|3-618|4-1645|4-23
1501,1-1188|1-1660|1-1663|1-212|1-363|1-693|1-880|2-1177|2-126|2-1672|2-1730|2-370|2-545|2-880|3-1661|3-2339|3-2355|3-363|3-545|3-747|4-1188|4-126|4-1660|4-212|4-2326|4-693|4-880|5-1668|5-2340|5-48|5-693|6-359|6-645|7-1672|7-2356|8-790|8-891
1365,1-1641|1-1644|1-1648|1-1655|1-210|2-1649|2-1651|2-1657|2-1658|2-1659|3-1643|3-1654|3-834|4-1652|4-1666|6-1645|6-23
1502,1-126|1-1660|1-1693|1-1694|1-2340|1-693|1-880|2-1188|2-126|2-1660|2-2340|2-693|3-1730|3-370|3-370|3-545|3-880|4-1671|4-1730|4-359|4-545|4-645|5-212|5-384|5-384|5-386|5-386|6-1693|6-1694|6-212|6-2326|6-645|7-1188|7-359
1503,1-1670|1-2340|1-2340|1-693|1-693|2-1670|2-2357|2-2358|2-384|2-386|3-1693|3-1694|3-1694|3-2326|3-2326
1504,1-1543|1-1663|1-363|1-48|2-1693|2-1694|2-370|2-880|3-2340|3-693|4-126|4-1660|5-280|5-387|6-359|6-645|7-1075|7-677|8-2359|8-790
1505,1-1188|1-2340|1-693|2-1691|2-258|2-526|3-1089|3-1662|3-337
1506,1-2326|1-2340|1-693|1-693|1-823|2-1662|2-2328|2-2360|2-461|2-650|3-823
1507,1-204|1-2326|1-2340|1-2360|1-693|2-1444|2-2360|2-337|2-650
1492,1-204|1-2340|1-693|2-1226|3-1444|3-1664|3-2326
1508,1-236|1-693|2-244|2-597|3-1680|3-2361|4-157|4-1684|5-2360|5-650|6-1695|7-58|8-1694|8-533
1542,1-1693|1-2326|1-461|1-533|1-533|1-693|1-693|2-1673|2-2360|2-2360|2-823|2-823|2-824|2-824|3-157|3-1684|3-244|3-597|3-650|4-157|4-1684|4-244|4-597|5-1695|5-2391|6-1536|6-2360|7-1680|7-260|8-58
1509,1-1188|1-1730|1-48|1-693|1-693|2-1188|2-212|2-359|2-359|2-370|3-1730|3-212|3-48|3-545|3-880|4-1673|4-1675|4-2365|4-370|4-880|5-2364|5-545|6-144|6-262|7-2363|7-255|8-2362|8-710
1510,1-1188|1-1672|1-1730|1-359|1-545|2-1188|2-1671|2-359|2-823|2-824|3-545|3-693|3-693|3-823|3-824|4-157|4-1672|4-1684|4-1730|4-461|5-244|5-650|7-157|7-1684|8-1671|8-1673
1511,1-2326|1-693|1-693|1-823|1-824|2-2360|2-597|2-650|2-650|3-1680|3-1681|3-1684|3-2367|4-1671|4-2353|4-2368|4-2371|5-157|5-1684|7-1683|7-2366|7-2367|8-2368|8-2369|8-2370
1512,1-1660|1-1672|1-1672|1-1730|1-545|1-545|1-884|2-1693|2-363|2-48|2-645|2-645|2-693|2-693|3-126|3-1660|3-1660|3-1673|3-370|3-48|3-880|4-280|4-370|4-370|4-386|4-387|4-880|5-1671|5-2353|6-126|6-157|6-1684|6-2344|6-99|7-157|7-1684|8-2372|8-363
1513,1-1691|1-526|1-693|2-1682|2-384|4-2|4-719|5-2333|5-695|6-2349|6-2373|7-2374|7-2375|8-1693|8-1694
1973,1-521|1-884
1488,1-244|1-597|2-533|2-645|2-693|3-1693|3-1694|4-1493|4-2353
1515,1-1693|1-533|1-693|1-693
1976,1-1177|1-521|1-884
1514,1-236|1-693|1-823|1-823|1-824|2-236|2-693|3-244|3-597
1516,1-533|1-693|2-1693|2-2376|2-533|2-693|2-693
1517,3-533|3-693
1518,1-2376|1-693
1975,1-521|1-884
1969,1-370|1-521|1-880|1-884|2-280|2-701
1967,1-1671|1-363|1-370|1-521|1-884
1519,1-533|1-533|1-693|1-693|1-864
1520,1-533|1-693
1521,1-533|1-693
1703,1-1671|1-1673|1-1673|1-1674|1-363|1-363|1-370|1-521|2-126|2-1672|2-20|2-290|2-338|2-461|2-521|2-567|3-126|3-1674|3-521|3-812|4-1671|4-290|4-48|4-99|5-387|5-835|6-112|6-891
1366,1-1671|1-363|1-370|2-1672|2-461|2-545|3-126|3-280|3-387|4-103|4-1670|4-780|5-221|5-470|5-645
1368,1-126|1-1672|1-1672|1-461|1-521|1-521|1-545|1-545|1-884|2-126|2-359|2-370|2-370|2-700|2-880|2-880|3-144|3-521|3-700|3-710|3-880|3-884|3-884|4-126|4-144|4-212|4-212|4-47|5-1675|5-262|6-255|6-461
1370,1-1673|1-461|1-533|1-533|1-693|1-693|1-693|2-163|2-1680|2-1680|2-1681|2-1681|2-1682|2-1682|3-128|3-1682|3-1683|3-1684|3-1685|3-667|3-866|4-1673|4-461|5-1684|5-1685|6-667|6-866
1369,1-1670|1-780|2-103|2-1677|3-1059|3-1678|4-148|4-648|5-328|5-495|6-1676|6-859
1371,1-1672|1-1672|1-461|1-545|1-545|2-126|2-1660|2-1660|2-880|2-880|3-1686|3-194|3-48|3-746|3-99
1373,1-1688|1-1689|1-48|1-99|2-20|2-280|2-290|2-386|3-1049|3-790|4-429|4-864
1374,1-126|1-126|1-1660|1-1660|1-521|1-880|1-880|2-144|2-144|2-1660|2-700|2-710|2-710|2-884|3-126|3-144|3-1443|3-363|3-516|3-700|3-864|4-521|4-884
1372,1-1672|1-280|1-359|1-363|1-521|1-545|1-880|1-884|1-884|2-126|2-1660|2-1672|2-1673|2-363|2-461|2-545|2-677|2-700|3-1009|3-126|3-126|3-1660|3-363|3-521|3-667|3-880|3-880|4-144|4-1687|4-244|4-359|4-597|4-630|4-700|4-710|4-746|5-144|5-710|6-280|6-359|7-194|7-746|8-384|8-386
1977,1-521|1-884|3-363|3-370
1979,1-126|1-521
1980,1-521|1-884
1981,1-521|1-884
1381,1-1188|1-126|1-1672|1-1672|1-1699|1-461|1-470|2-1188|2-126|2-1699|2-363|2-48|2-884|2-99|3-1672|3-280|3-370|3-470|3-521|3-521|3-841|4-10|4-281|4-645|4-700|4-710|4-710|5-470|5-48|5-645|5-677|5-710|5-747|5-891|6-1700|6-264|6-363|6-614|6-675|6-835|6-99
1541,1-157|1-2391|1-866|2-177|3-1684|3-871
1375,1-1692|1-526|2-1691|2-358|2-859|3-1682
1382,1-1009|1-363|1-363|1-363|1-48|1-71|1-71|1-99|1-99|2-144|2-384|2-386|2-48|2-746|3-384|3-489
1376,1-363|1-48|1-521|1-884|1-99|2-280|2-387|2-47|2-470|2-70|3-126|3-1674|3-362|3-486|3-880|4-112|4-124|4-218|4-359|4-80
1380,1-210|1-410|2-389|2-411|2-778|3-1697|3-618|4-409
1378,1-244|1-597|2-258|2-461|3-823|3-824|4-533|4-693|5-1693|5-1694|6-1695|6-2391
1377,1-126|1-363|1-48|1-521|1-521|1-884|2-1177|2-126|2-1660|2-470|2-677|2-677|3-1177|3-124|3-280|3-338|3-823|3-824|4-280|4-362|4-470|4-884|5-362|5-880|6-359|6-80
1379,1-1695|1-1696|2-866|2-883|3-26|3-642|4-443
1383,1-1177|1-1177|1-126|1-280|1-470|1-677|2-126|2-20|2-290|2-470|2-677|2-891|3-1700|3-289|3-290|3-461|3-710|3-710|4-1049|4-20|4-790|4-891|5-86|5-994|6-696|6-697
1384,1-126|1-126|1-521|1-891|2-362|2-362|2-880|2-884|3-1009|3-505|3-569|3-710
1982,1-521|1-884
1385,1-359|1-942|2-1701|2-262|3-1702|3-887
1970,1-280|1-370|1-470|1-521|1-884
1386,1-1177|1-280|1-470|1-677|2-124|2-144|2-338|2-891|3-103|3-147|3-630|3-667|4-1700|4-1704|4-1705|4-1706|5-210|5-410|6-370|6-85|7-1703|7-649|8-753|8-859
1983,1-1663|1-521
1387,1-280|1-370|1-47|1-470|1-521|10-103|10-442|10-737|2-124|2-126|2-675|2-700|2-710|3-1188|3-1699|3-362|3-486|3-667|4-163|4-38|4-441|4-777|4-95|5-321|5-359|5-85|6-1073|6-363|6-743|7-210|7-30|7-411|8-147|8-1670|8-859|9-10|9-112|9-281
1389,1-147|1-147|1-1670|1-486|1-667|1-667|2-124|2-124|2-567|2-567|2-675|2-700|3-163|3-289|3-441|3-649|3-710|3-710
1392,1-508|1-746|2-649|2-864|3-1672|3-614|4-1709|4-186
1390,1-108|1-1266|1-1686|1-281|2-1|2-489|2-85|3-347
1394,1-1686|1-281|1-387|1-47|2-370|2-521|3-126|3-567|4-747|4-891|5-10|5-461|6-112|6-855
1388,1-126|1-126|1-362|1-370|1-47|1-521|1-521|1-675|1-710|2-1177|2-1663|2-280|2-280|2-387|2-470|2-470|2-675|2-700|3-124|3-147|3-1707|3-387|3-667|3-700|3-710|3-747|3-891|4-103|4-103|4-147|4-147|4-1663|4-486|4-667|4-700|4-891|5-1704|5-362|5-370|5-470|5-747|5-880|5-891|6-22|6-280|6-281|6-461|6-677|6-80|6-883|7-1177|7-28|7-370|7-701|8-1543|8-696|8-697|8-743
1393,1-1540|1-471|2-384|2-495|3-215|3-24
1395,1-126|1-675|1-710|1-747|1-891|2-1710|2-387|2-387|2-470|2-710|3-10|3-112|3-126|3-281|3-675|4-38|4-38|4-48|4-48|4-95|5-461|5-883|6-10|6-95
1974,1-280|1-370|1-470
1972,1-280|1-370|1-47|1-470|1-521
1264,1-126|1-47|1-675|2-103|2-147|2-567|3-461|3-777|4-280|4-470
1267,1-1536|1-597|2-695|2-85|3-375|3-866|3-97|4-119|4-157|4-471|4-941|5-149|5-150|5-346|5-788|5-876|6-104|6-561|6-768|7-758
1278,1-128|1-597|2-119|2-157|3-346|3-485|4-177|4-871|5-695|5-757|6-104|6-658|7-535|7-758|8-679|8-681
1265,1-126|1-126|1-147|1-521|1-567|2-147|2-280|2-470|2-667|3-675|3-700|3-710|3-710
1266,1-103|1-147|1-163|1-28|1-28|1-737|1-739|2-103|2-328|2-442|2-677|2-737|2-737|2-739|3-163|3-328|3-441|3-441|3-442|3-442|3-677|4-148|4-148|4-267|4-328|4-486|4-648|4-648|5-163|5-441|6-677|6-706
1261,1-280|1-370|1-47|1-508|1-521|2-204|2-597|2-667|2-693|2-884|3-103|3-147|3-163|3-441|3-567|4-126|4-1542|4-362|4-406|4-648|4-777|4-839|4-841|4-864|4-880|4-892|5-144|5-212|5-26|5-359|5-48|5-675|5-710|5-866|5-97|6-112|6-186|6-384|6-429|6-442|6-460|6-80|6-85|6-855|7-128|7-281|7-337|7-470|7-614|7-848|8-239|8-467|8-489|8-54|8-883|8-99
1269,1-669|1-866|2-217|2-755|3-172|3-97|4-500|4-63|5-108|5-481
1273,1-204|1-597|1-693|2-866|2-97|3-217|3-755
1270,1-755|1-97|2-217|2-755|3-669|3-866|4-63|4-64|5-331|5-481|6-12|6-205
1271,1-337|1-866|2-708|2-97|3-217|3-590|4-63|4-64|5-108|5-331|5-481|6-104|6-35
1275,1-30|1-411|2-210|2-410|3-412|3-834|4-15|4-582
1262,1-362|1-675|1-710|1-884|10-163|10-441|10-505|10-738|11-677|11-706|2-126|2-47|2-521|2-700|3-28|3-521|3-567|3-701|4-103|4-147|4-147|4-667|5-280|5-308|5-362|5-370|5-470|5-887|6-473|6-567|6-597|6-649|6-855|6-864|7-328|7-442|7-696|7-697|7-737|7-739|8-212|8-38|8-48|8-747|8-777|8-891|9-549|9-841|9-882|9-885
1272,1-866|1-97|2-399|2-584|3-173|3-603|4-448|4-548|5-192|5-211|5-770|6-585|6-602|7-12|7-205
1276,1-228|1-384|2-220|2-495|3-1540|3-471|4-347|4-850|5-70|5-941|6-278|6-366|7-24|7-857|8-589|8-728|9-139|9-350
1268,1-399|1-597|1-650|2-217|2-590|2-97|3-104|3-391|3-658|4-63|4-64|4-866|5-108|5-331|5-481|6-171|6-323|6-369|7-205|7-35|7-434
1274,1-144|1-212|1-545|2-262|2-359|3-308|3-887|4-667|4-85|5-731|5-772|6-114|6-321|6-632
1277,1-163|1-196|1-597|1-97|2-128|2-196|2-399|2-590|2-595|2-597|3-128|3-163|3-590|3-97|4-190|4-399|4-456|4-595|5-190|5-456
1279,1-382|1-383|2-193|2-838|3-160|3-273|4-42
1263,1-363|1-473|1-48|1-567|1-700|1-710|1-891|10-470|10-706|2-103|2-126|2-362|2-470|2-521|2-737|2-884|3-28|3-280|3-521|3-567|3-675|3-701|3-710|4-103|4-126|4-1543|4-280|4-567|4-630|4-880|5-344|5-351|5-362|5-38|5-47|5-667|5-700|5-761|5-777|5-880|5-880|6-290|6-328|6-362|6-363|6-47|6-521|6-667|6-675|6-706|6-884|6-891|7-103|7-140|7-28|7-289|7-470|7-473|7-48|7-675|7-700|7-710|7-737|8-225|8-280|8-344|8-351|8-38|8-461|8-48|8-677|8-777|9-290|9-328|9-677|9-706|9-737
1220,1-160|1-273|2-382|2-383|3-193|3-721|4-596|4-838|5-161|5-313|6-457|6-541|6-7|6-888
1182,1-103|1-147|1-780|2-567|2-675|2-710|3-505|3-667|4-1|4-557|4-672|5-753|5-859
1177,1-244|1-597|10-104|10-658|11-54|11-604|12-295|12-296|12-769|13-405|13-570|14-108|14-758|2-1536|2-157|2-85|3-667|3-695|4-163|4-346|4-788|5-590|5-97|6-177|6-263|7-149|7-803|8-561|8-768|9-485|9-876
1183,1-112|1-140|2-47|2-630|3-670|3-785|4-1|4-117|4-818
1178,1-210|1-737|1-739|10-289|10-594|10-630|11-138|11-785|11-853|2-470|2-649|2-700|3-28|3-675|3-701|4-140|4-473|4-855|5-221|5-461|5-848|6-22|6-696|6-697|7-471|7-805|7-835|8-1|8-1538|8-527|9-162|9-670|9-773
1187,1-157|1-346|2-695|2-719|3-590|3-866|4-104|4-658|5-169|5-295|5-491|6-130|6-727
1180,1-210|1-675|1-700|1-710|2-210|2-667|2-700|2-710|3-473|3-48|3-567|3-630|4-10|4-38|4-47|4-675|5-140|5-289|5-473|5-48|6-505|6-667|7-461|7-883|8-289|8-47
1181,1-103|1-103|1-147|1-147|1-441|1-442|1-649|2-28|2-706|2-737|2-737|2-737|2-739|2-739|3-163|3-28|3-28|3-328|3-442|3-701|3-701|4-163|4-290|4-328|4-441|4-442|4-649|4-706|5-290|5-367|5-649|5-701|6-163|6-441|7-367|7-706
1184,1-204|1-597|2-866|2-97|3-590|3-85|4-108|4-527|5-480|5-63|6-217|6-755|7-331|7-481|8-205|8-369|9-164|9-725
1186,1-1540|1-1541|2-489|2-712|3-223|3-24|3-68|4-544|4-879|5-271|5-450|6-301|6-623
1185,1-590|1-85|2-375|2-866|3-217|3-755|4-108|4-353|5-369|5-391
1203,1-866|1-97|2-217|2-590|3-205|3-500
1188,1-567|1-667|1-675|1-700|1-710|10-281|10-337|10-614|11-1|11-527|11-831|12-10|12-112|12-140|13-108|13-162|13-481|14-1540|14-425|14-471|15-594|15-760|15-773|16-17|16-785|16-853|17-225|17-622|17-73|18-413|18-836|18-98|19-245|19-799|19-881|2-1542|2-210|2-370|2-406|2-597|20-287|20-670|20-774|21-408|21-53|21-837|3-103|3-147|3-47|3-521|3-780|4-473|4-630|4-677|4-700|4-891|5-1543|5-289|5-375|5-508|5-746|6-163|6-338|6-461|6-695|6-883|7-202|7-841|7-85|7-892|8-1544|8-664|8-852|8-859|8-860|9-430|9-467|9-805
1212,1-410|1-412|2-30|2-411|3-15|3-582|4-233|4-690
1222,1-258|1-597|1-650|2-375|2-866|3-590|3-85|4-708|4-97|5-104|5-500|6-63|6-64|7-391|7-653
1221,1-140|1-38|1-473|1-567|1-777|2-140|2-38|2-473|2-567|2-891|3-225|3-617|3-749|3-777|3-891|4-1|4-224|4-225|4-750|4-894|5-224|5-894
1204,1-210|1-210|1-370|1-597|1-649|1-667|1-700|1-700|1-864|10-110|10-140|10-26|10-473|10-675|10-810|10-831|11-129|11-143|11-212|11-567|11-577|11-775|11-780|12-1540|12-308|12-677|12-887|13-505|13-667|14-359|14-486|15-26|15-812|16-1540|16-442|17-810|17-831|18-577|18-738|19-143|19-775|2-103|2-129|2-147|2-28|2-441|2-442|2-486|2-701|2-780|3-244|3-486|3-567|3-597|3-630|3-675|3-677|3-710|3-737|4-147|4-163|4-212|4-359|4-545|4-667|4-675|4-706|4-710|5-367|5-441|5-567|5-701|5-706|5-737|5-737|5-739|5-739|6-210|6-367|6-649|6-739|6-864|6-880|6-891|7-163|7-28|7-370|7-473|7-700|7-880|7-891|8-103|8-140|8-147|8-163|8-505|8-630|8-701|9-1294|9-212|9-367|9-441|9-442|9-545|9-710
1224,1-724|1-97|2-590|2-85|3-217|3-755|4-375|4-866|5-108|5-481|6-189|6-62|6-63
1206,1-452|1-559|1-574|2-591|2-844|3-385|3-39|4-507|4-522|5-808|5-822
1205,1-85|1-866|2-217|2-590|3-724|3-97|4-133|4-755|5-205|5-493|6-323|6-391
1223,1-384|1-660|2-228|2-850|3-1540|3-471|4-278|4-366
1213,1-1540|1-1550|2-191|2-207|3-424|3-425|4-611|4-699|4-785|5-261|5-69|6-132|6-773
1214,1-16|1-773|2-69|2-858|3-261|3-786
1215,1-1550|1-16|1-773|2-191|2-57|2-699
1179,1-144|1-545|10-396|10-515|2-526|2-738|3-317|3-472|4-607|4-76|5-178|5-54|6-101|6-551|7-137|7-865|8-252|8-550|9-605|9-722
1207,1-48|1-700|1-710|1-891|10-328|10-706|2-280|2-47|2-470|2-675|3-28|3-630|3-701|3-701|4-126|4-649|4-706|4-864|5-140|5-202|5-675|5-710|6-126|6-370|7-695|7-883|8-140|8-473|9-112|9-700
1208,1-212|1-48|1-545|2-140|2-473|2-891|3-308|3-887|4-262|4-359|4-660|5-100|5-293|6-632|6-731|6-772|7-114|7-611|8-162|8-527
1210,1-204|1-597|2-172|2-724|2-97|3-85|3-866|4-217|4-590|5-104|5-369|5-63|6-205|6-493|7-391|7-479
1209,1-140|1-225|2-162|2-293|3-670|3-785|4-816|4-817|4-819
1211,1-244|1-597|2-103|2-780|3-590|3-97|4-128|4-85|5-598|5-767
1216,1-140|1-473|10-1551|10-828|2-505|2-667|3-695|3-883|4-308|4-887|5-254|5-805|6-660|6-85|7-47|7-677|8-365|8-402|9-162|9-670
1217,1-193|1-80|2-7|2-838|3-373|3-721|4-541|4-542|5-42|5-509|6-161|6-273|6-783
1218,1-103|1-147|1-780|2-140|2-473|3-667|3-695|4-162|4-225|4-675|4-700|4-847|5-281|5-660|5-677|5-841|6-1|6-224|6-47|6-883|7-254|7-337|7-805|8-247|8-557|8-672
1219,1-125|1-473|2-484|2-700|3-112|3-543|4-10|4-113
1225,1-244|1-244|1-597|1-597|1-667|1-695|2-119|2-157|2-590|2-667|2-695|2-97|3-119|3-157|3-346|3-460|3-768|3-788|3-85|4-144|4-177|4-54|4-590|4-866|4-97|5-108|5-108|5-149|5-149|5-460|5-660|5-660|5-708|5-708|5-85|5-871|5-871|6-346|6-451|6-451|6-658|6-658|6-738|6-738|6-760|6-760|6-768|6-788|7-144|7-463|7-463|7-54|7-814|7-814|8-177|8-866
1226,1-140|1-473|1-675|1-700|1-700|10-344|10-761|11-660|11-667|12-281|12-841|13-202|13-225|2-212|2-281|2-470|2-48|2-841|3-112|3-470|3-701|3-834|3-848|4-140|4-473|4-660|4-667|4-695|5-212|5-47|5-48|5-521|5-891|6-362|6-370|6-370|6-675|6-891|7-202|7-225|7-362|7-848|7-883|8-695|8-883|9-112|9-163
1228,1-112|1-225|2-367|2-737|3-630|3-701|4-140|4-672|5-1|5-117|6-162|6-356|7-354|7-355
1229,1-144|1-597|2-119|2-157|3-346|3-695|4-104|4-177|4-658|4-760|4-85|4-866|5-120|5-169|5-375|5-535|5-590|5-758|6-108|6-192|6-495|6-637|6-660|6-684|7-448|7-451|7-584|7-585|7-788|8-109|8-871
1000,1-590|1-97|2-85|2-866|3-108|3-369|4-192|4-767|5-217|5-687
1001,1-140|1-163|1-367|1-473|1-700|1-737|2-140|2-630|2-677|2-700|2-701|2-706|3-370|3-441|3-473|3-677|3-706|3-880|4-290|4-367|4-630|4-701|4-737|4-739|5-441|5-442|5-442|5-834|6-163|6-649|6-649|6-864|7-1258|7-290|7-328|7-392|8-486|8-739
1002,1-461|1-710|2-667|2-695|3-47|3-675|4-281|4-841|5-112|5-315|6-467|6-660|7-337|7-387|8-17|8-471|9-162|9-225
1003,1-108|1-1100|1-1265|1-212|1-308|1-370|1-708|2-1|2-1266|2-224|2-337|2-866|3-1267|3-425|3-436|3-460|3-85|4-527|4-894|5-252|5-467|5-805|6-355|6-670|6-797|6-907|7-1262|7-1263|7-1264|7-758
1004,1-210|1-412|2-30|2-411|3-618|3-734|4-1268|4-333
1005,1-489|1-508|2-220|2-712|3-271|3-862
1007,1-204|1-97|2-590|2-866|3-667|3-85|4-108|4-708|5-104|5-217|5-63|6-206|6-498
1006,1-144|2-317|2-4|3-421|3-738
1014,1-375|1-690|2-587|2-826|3-390|3-820|4-433|4-483
1015,1-367|1-441|1-442|1-486|1-571|2-311|2-328|2-441|2-739|2-806|3-275|3-79|4-282|4-806
1028,1-1297|1-210|1-412|1-478|2-30|2-411|3-1298|3-389|3-409|3-46|3-618|3-734|3-778|4-15|4-251|4-582|4-609|4-67|5-408|5-49|5-53|5-678|6-222|6-248|6-336|6-404|7-1268|7-302
1029,1-204|1-97|2-124|2-85|3-111|3-708|4-172|4-866|5-118|5-443|5-642|6-12|6-206|7-205|7-353|8-368|8-767
1030,1-774|1-774|1-839|1-839|2-233|2-233|2-90|2-90|3-422|3-446|3-447|3-497|3-497|3-565|3-624|3-624|3-837|3-845|3-845|4-170|4-413|4-414|4-511|4-715|4-715|4-716|4-716|4-861|4-861|4-98|5-422|5-565|5-837|6-446|6-447|7-170|7-511|8-413|8-414|8-98
1031,1-140|1-140|1-140|1-473|1-473|1-700|1-700|2-630|2-660|2-695|2-695|2-695|2-700|2-717|3-194|3-489|3-508|3-660|3-717|3-717|4-495|4-708|5-194|5-508|6-365|6-489
1032,1-591|1-591|1-844|1-844|2-452|2-452|2-559|2-559|2-574|2-574|3-385|3-385|3-39|3-39
1033,1-144|1-47|1-597|1-677|1-823|2-124|2-140|2-473|2-667|2-700|3-367|3-486|3-701|3-737|3-739|4-103|4-147|4-163|4-262|4-280|4-308|4-370|4-470|4-630|4-780|4-887|5-1542|5-186|5-225|5-375|5-406|5-429|5-460|5-508|5-839|5-85|5-852|6-202|6-26|6-590|6-649|6-660|6-695|6-717|6-828|6-864|6-880|6-97|7-242|7-425|7-467|7-489|7-66|7-664|8-254|8-346|8-471|8-788|8-805|8-866
1230,1-48|1-48|1-597|1-777|1-777|2-112|2-140|2-140|2-473|2-473|3-112|3-407|3-667|3-855|3-9|4-439|4-660|4-667|4-695|4-750|5-1|5-128|5-225|5-672|5-700|6-225|6-37
1034,1-140|1-140|1-144|1-280|1-367|1-370|1-470|1-473|1-473|1-486|1-545|1-597|1-700|1-700|1-700|1-700|1-701|1-701|1-710|10-328|10-441|2-140|2-280|2-280|2-370|2-370|2-370|2-47|2-470|2-470|2-473|2-473|2-649|2-667|2-677|2-700|2-864|2-880|2-880|2-880|3-144|3-144|3-212|3-280|3-367|3-470|3-48|3-508|3-545|3-597|3-630|3-649|3-677|3-701|3-710|3-710|3-737|3-737|3-864|4-140|4-140|4-147|4-262|4-308|4-308|4-328|4-367|4-441|4-473|4-508|4-649|4-706|4-706|4-834|4-864|4-880|4-887|4-887|5-112|5-128|5-144|5-144|5-147|5-212|5-48|5-486|5-508|5-545|5-701|5-710|5-737|5-777|5-848|5-891|5-892|6-212|6-308|6-328|6-47|6-48|6-545|6-710|6-737|6-848|6-887|6-892|7-112|7-163|7-262|7-47|7-470|7-649|7-677|7-864|8-128|8-147|8-508|8-630|8-696|8-697|8-701|8-777|9-112|9-667
1035,1-54|1-549|2-252|2-550|3-261|3-69|4-472|4-858|5-166|5-730
1036,1-660|1-717|2-228|2-850|3-495|3-71|4-182|4-612|5-195|5-589|6-330|6-625
1231,1-708|1-97|10-322|10-767|11-237|11-299|12-116|12-12|2-590|2-866|3-108|3-217|4-369|4-755|5-519|5-807|6-270|6-688|7-205|7-493|8-593|8-619|9-323|9-391
1232,1-140|1-362|1-47|1-473|1-700|1-710|1-884|1-884|2-113|2-126|2-362|2-470|2-48|2-675|2-884|3-126|3-140|3-1551|3-473|3-675|3-700|3-701|3-828|4-10|4-10|4-112|4-112|4-47|4-710|4-855|4-855|4-9|4-9|5-254|5-254|5-439|5-439|5-470|5-48|5-617|5-617|5-834|5-834|6-225|6-225|6-461|6-461|6-700|6-701|6-805|6-805|6-883|6-883
1233,1-326|1-438|2-158|2-159|3-372|3-488|4-599|4-659|5-135|5-636
1234,1-425|1-695|1-695|1-85|1-85|1-867|2-191|2-207|2-425|2-660|2-717|2-867|3-132|3-276|3-54|3-660|3-717|3-773|4-191|4-207|4-261|4-298|4-39|4-69|5-424|5-611
1235,1-4|1-482|2-137|2-317|3-252|3-253|4-606
1236,1-244|1-597|2-590|2-738|3-108|3-128|4-342|4-399|5-190|5-585|5-598|6-368|6-519
1238,1-204|1-97|2-108|2-708|3-590|3-866|4-198|4-64|5-217|5-63|6-519|6-807|7-479|7-856|8-391|8-767
1237,1-295|1-346|2-561|2-768|3-451|3-673|4-570|4-626
1239,1-667|1-677|1-701|1-884|2-163|2-163|2-280|2-470|2-630|3-221|3-848|3-884|4-225|4-577|4-85|5-162|5-564|6-611
1240,1-99|2-55|2-658
1241,1-197|1-262|1-308|1-318|1-388|1-887|2-212|2-249|2-359|2-418|2-787|3-129|3-328|3-420|3-833|3-85|4-114|4-555|4-56|4-611|4-813|5-213|5-304|5-552|5-691|6-146|6-283|6-539|6-61|7-417|7-514|7-869|8-121|8-553
1242,1-140|1-140|1-262|1-473|1-473|1-887|10-359|10-85|11-162|11-670|12-225|12-495|2-328|2-328|2-675|2-690|2-737|2-737|3-505|3-505|3-667|3-667|3-864|3-880|4-281|4-315|4-660|4-660|4-695|4-695|5-359|5-590|5-85|5-864|5-866|5-880|6-162|6-225|6-262|6-495|6-670|6-887|7-675|7-690|8-281|8-315|9-590|9-866
1130,1-140|1-80|2-383|2-736|3-796|3-838|4-382|4-721|5-273|5-640|6-297|6-313|6-462|7-161|7-783|8-187|8-541|8-542|8-720
1131,1-217|1-590|2-708|2-866|3-375|3-642|4-96|4-97
1133,1-328|1-486|1-706|1-706|1-737|1-737|2-328|2-328|2-367|2-367|2-486|2-737|3-367|3-486|3-706|3-79|3-79|3-79
1134,1-140|1-473|10-663|10-753|10-859|11-225|11-883|12-1|12-247|12-672|2-370|2-48|2-880|3-461|3-701|4-112|4-695|5-675|5-690|6-262|6-660|7-65|7-662|8-505|8-667|9-254|9-527|9-805
1135,1-128|1-597|10-149|10-339|10-658|11-177|11-506|11-762|12-765|12-788|12-876|13-451|13-760|2-667|2-695|3-140|3-660|4-590|4-97|5-119|5-157|6-346|6-768|7-460|7-85|8-805|8-866|9-463|9-814
1136,1-463|1-464|1-814|2-765|2-83|3-435|3-440
1137,1-140|1-855|2-1|2-85|3-557|3-672|4-254|4-828|5-225|5-562|6-162|6-474|7-656|7-805
1138,1-463|1-814|2-440|2-83|3-376|3-464|4-340|4-435
1140,1-210|1-30|2-389|2-53|3-409|3-478|4-302|4-333
1139,1-144|1-597|10-495|10-708|11-217|11-768|12-758|13-448|13-584|14-535|14-727|15-676|16-534|16-566|16-757|17-391|17-399|2-128|2-308|2-887|3-660|3-695|4-590|4-866|5-119|5-157|6-346|6-85|7-4|7-54|8-451|8-871|9-104|9-658
1142,1-163|1-370|1-667|1-675|1-695|1-884|2-470|2-470|2-667|2-677|2-701|2-884|3-140|3-290|3-367|3-473|3-473|3-677|4-163|4-441|4-630|4-701|4-737|4-880|5-367|5-660|5-695|5-737|6-140|6-328|6-706|6-706|7-290|7-495|7-558|7-675|8-630|8-880|9-328|9-441
1143,1-172|1-97|2-660|2-866|3-217|3-708|4-118|4-724
1144,1-489|1-712|2-24|2-797|3-271|3-862|4-745|4-879|5-232|5-537|6-465|6-651|7-748|8-501|8-588
1146,1-317|1-4|2-252|2-421|3-178|3-604
1145,1-144|1-47|1-597|1-710|10-47|10-739|11-196|11-667|2-630|2-701|2-701|2-710|3-204|3-667|3-823|3-97|4-140|4-675|5-638|5-821|6-533|6-693|7-244|7-823|8-375|8-590|9-495|9-660
1141,1-30|1-411|2-242|2-852|3-412|3-734|4-389|4-53
1148,1-204|1-97|2-217|2-590|3-708|3-866|4-118|4-375|5-399|5-58|6-767|6-807|7-12|7-206
1147,1-326|1-438|2-107|2-127|3-487|3-870|4-88|4-89
1150,1-591|1-844|2-559|2-574|3-507|3-791|3-840|4-385|4-39
1149,1-1294|1-478|1-660|1-695|10-1293|10-613|11-333|11-678|12-105|12-751|13-302|13-609|14-409|14-46|15-408|15-49|16-774|16-837|17-336|17-404|18-303|18-98|19-1268|19-639|2-210|2-412|3-1299|3-433|3-839|3-852|4-1297|4-30|4-411|5-1298|5-15|5-582|6-1295|6-410|6-618|6-778|7-242|7-664|8-389|8-53|9-241|9-66
1151,1-204|1-97|2-708|2-866|3-118|3-375|4-174|4-74|5-227|5-856|6-688|6-702|7-391|7-807
1152,1-413|1-774|1-98|2-414|2-686|2-836|3-497|3-845|4-446|4-716|5-647|5-682|5-854|6-715|6-861|7-532|7-685|7-709
1153,1-48|1-777|2-344|2-761|3-38|3-95
1154,1-144|1-144|1-210|1-262|1-308|1-308|1-308|1-36|1-36|1-47|1-47|1-47|1-521|1-526|1-526|1-597|1-597|1-597|1-667|1-675|1-690|1-695|1-710|1-710|1-737|1-739|1-823|1-823|1-887|1-887|1-887|2-140|2-144|2-144|2-210|2-210|2-367|2-367|2-370|2-370|2-470|2-473|2-486|2-521|2-597|2-638|2-660|2-667|2-675|2-675|2-695|2-695|2-701|2-701|2-701|2-710|2-710|2-710|2-710|2-737|2-864|2-880|3-140|3-212|3-359|3-36|3-367|3-370|3-370|3-370|3-441|3-470|3-470|3-473|3-473|3-526|3-677|3-700|3-701|3-706|3-737|3-737|3-737|3-737|3-739|3-739|3-739|3-823|3-864|3-864|3-880|3-880|3-880|4-128|4-140|4-140|4-140|4-144|4-144|4-163|4-210|4-212|4-217|4-262|4-359|4-370|4-4|4-470|4-473|4-473|4-482|4-486|4-521|4-521|4-590|4-660|4-667|4-695|4-700|4-700|4-701|4-706|4-710|4-823|5-1294|5-134|5-140|5-144|5-163|5-178|5-210|5-262|5-308|5-317|5-317|5-4|5-416|5-421|5-47|5-470|5-473|5-482|5-486|5-521|5-660|5-667|5-677|5-677|5-695|5-724|5-738|5-738|5-76|5-823|5-887|6-110|6-128|6-134|6-140|6-210|6-212|6-217|6-328|6-359|6-380|6-423|6-436|6-441|6-442|6-590|6-597|6-630|6-638|6-675|6-690|6-690|6-700|6-701|6-706|6-708|6-724|6-864|6-866|6-944|7-128|7-178|7-212|7-252|7-262|7-308|7-359|7-359|7-421|7-425|7-470|7-473|7-638|7-677|7-737|7-739|7-76|7-887|7-944|8-163|8-217|8-36|8-370|8-4|8-416|8-482|8-526|8-590|8-660|8-667|8-677|8-695|8-700|8-706|8-823|8-880|9-660|9-695
1155,1-137|1-16|1-261|1-69|2-550|2-699|2-730|2-786
1156,1-1009|1-1527|1-1528|1-32|1-347|1-384|1-386|1-71|2-1529|2-1530|2-366|2-660|2-70|2-717|2-857|3-1531|3-272|3-732|3-746|4-460|4-547|4-610|4-94|5-228|5-850|6-489|7-182|7-712|8-195|8-271
1157,1-346|1-788|2-425|2-867|3-16|3-69|4-295|4-451|4-72|5-132|5-276|6-298|6-699|7-300|7-611|8-191
1159,1-204|1-204|1-866|1-97|2-198|2-421|2-708|2-866|3-118|3-217|3-64|3-724|4-172|4-217|4-421|4-97|5-198|5-343|5-64|5-724|6-172|6-399|6-63|6-755|7-236|7-345|7-399|7-856|8-184|8-369|8-369|8-63|9-391|9-391|9-493|9-755
1158,1-144|1-216|2-397|2-4|3-218|3-54|4-358|4-738|5-252|5-76|6-137|6-865|7-605|7-607
1160,1-296|1-346|1-788|2-295|2-590|3-149|3-768
1162,1-470|1-473|10-264|10-620|2-280|2-362|2-884|3-221|3-328|3-848|4-427|4-65|4-662|5-115|5-22|6-20|6-284|6-437|7-471|7-663|7-753|8-115|8-692|8-802|9-162|9-564
1161,1-244|1-244|1-597|1-597|2-638|2-638|2-739|2-739|3-416|3-416|3-533|3-533|4-590|4-590|4-97|4-97|5-708|5-866|6-258|6-82|7-196|7-646|8-399|8-650
1163,1-140|1-473|1-695|2-254|2-805|3-1|3-117|3-225|4-785|4-829|5-179|5-19|5-257|6-449|6-502|7-656|7-828
1164,1-262|1-887|2-212|2-359|3-100|3-56|3-731
1165,1-140|1-473|1-634|1-726|10-254|10-805|11-50|11-670|12-162|12-611|13-785|13-860|2-328|2-34|2-360|2-737|3-377|3-667|3-695|3-804|4-690|4-887|5-281|5-505|6-262|6-660|7-460|7-85|8-495|8-866|9-233|9-883
1166,1-675|1-675|1-737|1-884|10-36|10-690|11-163|11-22|12-328|12-887|13-233|13-351|2-126|2-47|2-710|2-777|3-473|3-700|3-700|3-701|4-140|4-367|4-473|4-737|5-48|5-567|5-706|5-710|6-163|6-362|6-363|6-884|7-289|7-470|7-48|7-690|8-363|8-630|8-701|8-891|9-290|9-344|9-36|9-761
1280,1-1559|1-273|1-457|1-866
1281,1-112|1-140|1-473|1-543|10-805|11-225|12-113|13-656|2-140|2-186|2-254|2-473|3-186|3-225|3-805|3-9|4-254|4-656|4-723|4-855|5-9|6-723|7-855|8-112|9-543
1282,1-370|1-470|1-737|2-140|2-473|2-567|3-675|3-701|3-710|4-363|4-747|5-461|5-695|6-65|6-662|7-47|7-883|8-328|8-859|9-254|9-527|9-805
1283,1-225|1-473|1-473|1-723|1-855|2-112|2-140|2-225|2-543|2-543|3-112|3-140|3-254|3-254|3-9|4-723|4-855|5-1560|5-9
1284,1-526|1-597|1-823|2-370|2-880|3-460|3-547|3-85|4-1550|4-695|5-119|5-157|6-667|6-97|7-346|7-590|8-111|8-482
1286,1-708|1-97|2-118|2-866|3-343|3-755|4-767|4-856|5-205|5-807
1287,1-119|1-157|1-597|2-1550|2-495|3-118|3-866|4-448|4-874|5-535|5-637|6-168|6-169|7-13|7-676|8-510|8-631
1288,1-210|1-834|2-409|2-412|3-105|3-53|4-251|4-703
1289,1-112|1-695|2-140|2-186|2-47|3-254|3-622|3-805|4-1|4-672|5-815|5-828|6-785|6-829
1290,1-473|1-700|10-467|10-883|11-337|11-73|2-112|2-695|3-370|3-521|4-47|4-710|5-126|5-777|6-675|6-841|7-1550|7-262|8-461|8-667|9-65|9-662
1291,1-1550|1-495|2-489|2-508|3-71|3-712|4-195|4-24|5-707|5-862|6-232|6-326|6-733|7-689|7-849|8-530|8-531|9-651|9-652
1292,1-140|1-367|1-441|1-442|1-473|1-486|2-290|2-367|2-470|2-706|2-737|2-737|3-103|3-163|3-441|3-473|3-706|3-780|4-328|4-442|4-486|4-79|5-140|5-163|5-486|5-706|6-268|7-436|7-708
1293,1-317|1-4|1-421|2-178|2-252|2-604
1285,1-370|1-436|1-675|1-708|1-875|2-1060|2-224|2-638|2-646|2-821|2-92|3-1|3-108|3-258|3-533|3-63|3-860|4-322|4-823|4-824|5-118|5-499|5-866|6-421|6-54
1294,1-1294|1-30|1-411|1-478|10-409|10-751|11-251|11-302|12-408|12-49|13-1268|13-428|14-381|14-789|15-336|15-404|2-1295|2-1296|2-210|2-412|3-1297|3-1298|3-348|3-410|4-389|4-53|5-15|5-582|6-398|6-690|7-333|7-678|8-105|8-349|9-401|9-419
1295,1-204|1-204|1-693|2-36|2-526|2-866|3-217|3-375|3-526|4-708|4-708|4-866|5-234|5-375|5-399|6-216|6-807|6-856|7-234|7-767|7-992|8-399
1296,1-140|1-370|1-370|1-473|1-521|1-567|1-737|1-737|1-880|1-880|1-884|10-17|10-195|10-295|2-112|2-140|2-1550|2-280|2-362|2-367|2-470|2-473|2-486|2-567|2-695|3-126|3-280|3-362|3-406|3-470|3-508|3-667|3-675|3-852|3-892|3-97|4-104|4-112|4-1550|4-163|4-346|4-4|4-421|4-630|4-695|4-774|4-788|5-1561|5-26|5-467|5-489|5-590|5-85|5-852|5-883|5-889|5-892|5-97|6-126|6-254|6-471|6-508|6-534|6-622|6-649|6-675|6-805|6-828|6-882|7-1|7-105|7-53|7-594|7-672|7-881|8-162|8-327|8-773|8-810|8-837|8-98|9-188|9-354|9-355|9-425|9-607|9-76
1297,1-326|1-438|2-159|2-314|3-372|3-659|4-599|4-741|5-573|5-766|6-127|6-575|7-235|7-522|8-259|8-729
1298,1-204|1-693|1-97|2-118|2-866|3-755|3-807|4-108|4-345|4-856|5-175|5-600|6-205|6-206|7-174|7-176|8-106|8-77
1300,1-591|1-844|2-452|2-559|2-574|3-201|3-886|4-11|4-352
1299,1-112|1-140|1-567|2-461|2-777|3-254|3-454|3-805|4-1|4-186|4-225|5-749|5-750
1301,1-261|1-308|1-69|1-887|2-16|2-425|2-472|2-657|3-298|3-335|3-644|3-730|4-306|4-890
1302,1-126|1-140|1-140|1-204|1-370|1-370|1-47|1-47|1-47|1-473|1-473|1-473|1-567|1-597|1-638|1-649|1-667|1-675|1-700|1-710|1-710|1-710|1-737|1-737|1-737|1-739|1-821|1-823|1-824|1-880|1-880|2-112|2-140|2-140|2-1550|2-204|2-204|2-212|2-359|2-367|2-367|2-370|2-470|2-473|2-473|2-473|2-485|2-567|2-597|2-597|2-638|2-675|2-677|2-695|2-700|2-700|2-710|2-737|2-821|2-823|2-824|2-880|3-126|3-126|3-140|3-163|3-163|3-328|3-363|3-367|3-370|3-375|3-47|3-47|3-473|3-48|3-567|3-597|3-648|3-667|3-675|3-675|3-675|3-677|3-690|3-695|3-708|3-710|3-710|3-737|3-738|3-880|3-97|4-112|4-126|4-1550|4-1563|4-163|4-212|4-258|4-359|4-36|4-36|4-363|4-441|4-441|4-442|4-442|4-47|4-470|4-470|4-48|4-486|4-508|4-533|4-567|4-597|4-638|4-649|4-695|4-739|4-821|4-823|4-824|5-112|5-1563|5-196|5-196|5-212|5-258|5-328|5-359|5-370|5-412|5-421|5-461|5-461|5-470|5-470|5-508|5-533|5-597|5-649|5-677|5-700|5-738|5-739|5-823|5-824|5-841|5-880|6-118|6-1550|6-163|6-212|6-328|6-359|6-375|6-403|6-441|6-508|6-638|6-667|6-677|6-690|6-695|6-695|6-700|6-708|6-737|6-739|6-821|6-866|6-97|7-363|7-375|7-412|7-421|7-442|7-47|7-48|7-486|7-567|7-690|7-841|7-97|8-118|8-126|8-196|8-258|8-36|8-442|8-533|8-649|8-866
1303,1-228|1-32|1-366|1-384|1-610|1-94|2-272|2-489|2-70|2-717|2-75|2-792|3-71|3-712|4-271|4-862|5-195|5-24
1304,1-316|1-424|1-425|1-512|1-887|2-153|2-156|2-191|2-699|2-72|3-182|3-611|3-632|3-755|3-795|4-132|4-276|4-29|4-842|5-16|5-310|5-764|5-776|5-81|6-208|6-209|6-306|6-335|6-455
1305,1-363|1-370|1-470|10-224|10-875|11-628|11-802|12-229|12-247|12-471|13-162|13-564|14-872|15-182|15-474|2-280|2-884|3-221|3-847|3-86|4-663|4-753|4-859|5-328|5-594|5-645|6-427|6-65|6-662|7-436|7-708|8-281|8-754|9-268|9-269|9-832
1306,1-866|1-883|1-97|2-118|2-172|2-866|3-172|3-755|4-344|4-856|5-391|5-493
1307,1-244|1-597|2-119|2-157|3-638|3-739|4-590|4-866|5-416|5-533|6-196|6-650|6-883|7-698|7-807|8-876|8-877|8-878|9-190|9-598
1308,1-4|1-421|2-216|2-358|3-607|3-76|4-317|4-472|5-137|5-865|6-101|6-713
1309,1-590|1-788|2-295|2-534|2-758
1312,1-212|1-308|1-458|1-731|1-887|2-144|2-359|3-114|3-56|3-863|4-611|4-785
1311,1-216|1-358|2-4|2-421|3-317|3-482|4-218|4-54|5-550|5-784|6-252|6-472|7-332|7-607|8-137|8-865
1310,1-112|1-140|1-427|2-281|2-805|3-354|3-355|3-622|4-1|4-19|4-264|5-828|5-829|6-449|6-502|7-621
1313,1-280|1-280|1-470|1-470|1-473|1-710|1-710|2-268|2-47|2-47|2-473|2-65|2-710|3-138|3-138|3-268|3-268|3-280|3-538|4-430|4-430|4-436|4-645|4-645|4-86
1314,1-370|1-880|10-451|10-711|11-296|11-882|12-162|12-564|2-140|2-473|3-328|3-737|4-1550|4-495|5-667|5-887|6-281|6-505|7-461|7-695|8-425|8-883|9-611|9-670
1315,1-328|1-367|1-706|1-737|1-737|1-79|1-79|2-328|2-328|2-367|2-485|2-486|2-706|2-737|3-367|3-486|3-706|3-79
998,1-273|1-80|2-161|2-462|3-265|3-297|4-476|4-529|4-705|5-378|5-475|5-843
999,1-112|1-370|1-470|1-660|1-695|1-710|1-777|2-112|2-660|2-675|2-695|2-710|2-777|2-841|3-363|3-370|3-461|3-470|3-701|3-743|4-224|4-254|4-495|4-527|4-675|4-805|4-841
1008,1-370|1-590|1-590|1-597|1-667|1-667|1-97|1-97|2-140|2-36|2-421|2-482|2-526|2-660|3-140|3-358|3-370|3-4|3-597|3-660|4-119|4-157|4-36|4-460|4-526|4-85|5-217|5-346|5-421|5-482|5-708|5-768|6-149|6-358|6-4|6-495|6-54|6-698|6-760|7-339|7-463|7-658|7-765|7-813|8-177|8-295|8-451|8-534|8-680|8-681|9-876|9-877|9-878
1009,1-708|1-866|2-172|2-97|3-399|3-698|4-755|4-807|5-205|5-493
1017,1-177|1-698|2-590|2-768|3-227|3-727|4-286|4-6
1018,1-597|1-739|2-421|2-590|3-196|3-646|4-198|4-97|5-118|5-866|6-399|6-698|7-172|7-708
1019,1-204|1-693|1-97|2-118|2-866|3-399|3-698|4-217|4-708|4-755|5-234|5-807
1024,1-1271|1-1273|1-1274|1-1275|1-232|1-444|1-489|1-508|1-654|1-712|1-744|2-1276|2-271|2-285|2-393|2-450|2-651|2-652|2-689|2-714|2-733|2-744|3-219|3-627|3-661|3-849
1022,1-112|1-140|1-280|1-370|1-412|1-470|1-567|1-695|10-697|10-79|11-224|11-875|2-140|2-280|2-281|2-470|2-567|2-649|2-883|3-254|3-268|3-269|3-328|3-370|3-649|3-805|4-1|4-143|4-221|4-328|4-427|4-706|4-848|5-143|5-221|5-445|5-557|5-645|5-672|5-697|5-706|6-436|6-441|6-442|6-621|6-622|6-79|6-848|7-441|7-442|7-656|7-815|7-828|8-1278|8-268|8-832|8-846|9-138|9-269
1026,1-112|1-412|1-695|2-281|2-883|3-254|3-805|4-1|4-427|5-445|5-557|5-672|6-621|6-622|7-656|7-815|7-828|8-846
1027,1-533|1-739|2-421|2-590|3-196|3-646|4-118|4-198|5-357|5-698|6-311|6-43
1046,1-308|1-370|1-47|1-47|1-649|1-667|1-710|1-710|1-737|1-832|1-887|10-1290|10-645|2-1291|2-367|2-370|2-441|2-442|2-470|2-486|2-567|2-649|2-710|2-737|3-103|3-1290|3-163|3-328|3-461|3-470|3-567|3-677|3-706|3-780|3-883|4-1292|4-308|4-367|4-441|4-482|4-65|4-662|4-675|4-706|4-737|4-887|5-268|5-269|5-370|5-461|5-594|5-645|5-667|5-883|6-436|6-442|6-482|6-486|6-675|6-675|6-79|6-866|7-103|7-328|7-470|7-677|7-708|7-780|8-163|8-461|8-65|8-662|9-436|9-875
1047,1-1294|1-30|1-411|1-478|10-546|10-91|11-1293|11-609|12-414|12-98|13-578|13-704|14-1268|14-408|15-238|15-312|2-1295|2-1296|2-210|2-690|3-1297|3-1298|3-774|3-852|4-1299|4-401|4-410|4-433|5-1301|5-1302|5-389|5-53|6-1194|6-1300|6-333|6-678|7-302|7-46|8-105|8-349|9-241|9-409
1121,1-224|1-328|1-65|1-662|1-708|2-281|2-370|2-675|2-737|2-754|3-1|3-427|3-461|3-859|4-85|4-866|4-93|5-594|5-645|6-471|6-711|6-805|7-1520|7-339|7-810|8-1332|8-1475|8-666|9-1519|9-670|9-872
1122,1-127|1-1522|1-1523|1-326|1-372|1-438|2-107|2-1521|2-459|2-800|3-576|3-665|4-51|4-766
1120,1-1294|1-210|1-375|1-470|1-470|1-478|1-660|1-660|1-690|1-710|1-710|2-1515|2-210|2-370|2-375|2-433|2-690|2-774|2-839|2-852|2-880|2-892|3-15|3-1516|3-1517|3-30|3-370|3-401|3-410|3-411|3-582|3-852|3-880|4-105|4-1295|4-1296|4-162|4-241|4-774|4-837|4-839|4-85|4-866|4-892|5-118|5-1297|5-1298|5-242|5-30|5-333|5-409|5-410|5-411|5-678|5-866|6-1299|6-15|6-1518|6-238|6-303|6-401|6-414|6-582|6-583|6-836|6-881
1123,1-427|1-85|2-591|2-844|3-452|3-772|4-559|4-574|4-641|5-329|5-523|5-822|6-291|6-292
1124,1-1366|1-1524|1-316|1-424|1-867|2-1525|2-427|2-494|2-54|3-132|3-1526|3-276|3-632|4-294|4-699|5-335|5-611|6-136|6-586|7-231|7-492|8-786|8-873
1125,1-269|1-280|1-470|1-470|1-526|2-138|2-268|2-280|2-526|2-645|3-138|3-269|3-430|3-662|3-677|4-268|4-875|5-645|5-677
1126,1-362|1-370|1-884|2-280|2-363|2-470|3-268|3-269|3-848|4-427|4-65|4-662|5-696|5-697|6-526|6-594|6-645
1127,1-421|1-708|10-518|10-8|11-184|11-563|11-756|12-141|12-415|13-279|13-635|2-128|2-97|3-118|3-866|4-399|4-698|5-369|5-755|6-323|6-391|7-345|7-856|8-203|8-205|9-142|9-173|9-580
1128,1-178|1-421|2-358|2-482|3-472|3-713|4-317|4-379|4-607
1168,1-140|1-140|1-140|1-308|1-367|1-47|1-47|1-473|1-473|1-473|1-48|1-486|1-567|1-567|1-567|1-675|1-700|1-710|1-710|1-710|1-710|1-737|1-887|2-112|2-126|2-140|2-367|2-367|2-370|2-47|2-470|2-473|2-521|2-567|2-649|2-677|2-700|2-710|2-737|2-737|2-737|2-737|2-80|2-864|2-880|2-892|3-163|3-212|3-280|3-280|3-308|3-359|3-363|3-363|3-370|3-370|3-441|3-442|3-470|3-470|3-473|3-486|3-675|3-677|3-700|3-737|3-880|3-880|3-887|4-126|4-163|4-280|4-289|4-30|4-308|4-370|4-370|4-410|4-411|4-441|4-441|4-442|4-470|4-48|4-48|4-521|4-569|4-660|4-675|4-710|4-880|4-887|5-112|5-289|5-421|5-421|5-469|5-470|5-473|5-516|5-569|5-649|5-677|5-680|5-681|5-700|5-708|5-80|5-864|5-892|5-892|5-97|5-97|6-112|6-126|6-126|6-212|6-30|6-359|6-411|6-442|6-48|6-486|6-649|6-675|6-700|6-780|6-80|6-841|6-864|7-138|7-268|7-280|7-421|7-430|7-45|7-470|7-486|7-645|7-675|7-708|7-841|8-212|8-309|8-359|8-362|8-442|8-660|8-680|8-681|8-780
1169,1-358|1-4|2-421|2-482|3-144|3-359|4-590|4-698|5-178|5-252|6-128|6-25|7-54|7-550
1170,1-140|1-695|2-254|2-427|2-805|3-1|3-293|4-656|4-828
1171,1-140|1-140|1-567|1-567|1-660|1-710|2-473|2-660|2-675|2-700|2-710|2-880|3-421|3-47|3-470|3-473|3-667|3-700|4-281|4-461|4-675|4-695|4-880|4-883|5-108|5-421|5-460|5-470|5-477|5-85|6-17|6-451|6-461|6-534|6-622|6-883|7-162|7-281|7-346|7-355|7-427|7-695|8-356|8-426|8-47|8-611|8-667|8-889
1173,1-416|1-698|2-217|2-866|3-118|3-375|4-369|4-708|5-172|5-97|6-680|6-681
1174,1-140|1-473|1-567|2-47|2-710|3-461|3-882|4-363|4-470|4-743|5-308|5-660|5-887|6-128|6-695|7-162|7-663|7-805|8-225|8-667
1175,1-367|1-710|1-737|1-737|2-289|2-370|2-710|2-790|3-126|3-569|4-128|4-258|5-26|5-470
1176,1-112|1-567|2-473|2-855|3-140|3-162|4-543|4-723
1189,1-140|1-47|1-473|1-567|1-710|2-370|2-473|2-667|2-675|2-710|3-289|3-421|3-461|3-777|3-883|4-363|4-470|4-743|5-112|5-421|5-47|6-126|6-48|6-891|7-128|7-645|7-667|8-225|8-558|8-807
1190,1-242|1-370|1-852|2-145|2-243|2-536|3-701|3-892|4-44|4-504|4-674|5-118|5-630|6-181|6-27
1191,1-140|1-140|1-370|1-473|1-473|1-567|1-567|1-597|1-710|2-128|2-258|2-308|2-370|2-597|2-710|2-739|2-887|3-119|3-157|3-258|3-421|3-590|3-739|3-97|4-416|4-421|4-460|4-547|4-590|4-698|4-85|4-97|5-119|5-157|5-217|5-451|5-534|5-695|5-755|6-128|6-308|6-463|6-765|6-768|6-788|6-814|6-887|7-149|7-177|7-460|7-54|7-547|7-680|7-681|7-85|8-416|8-698|8-711|8-876|8-877|8-878|8-92|8-93|9-1545|9-1546|9-1547
1192,1-866|1-97|2-172|2-399|2-755|3-323|3-391|4-517|4-8
1193,1-140|1-473|2-421|2-482|3-638|3-821|4-258|4-739|5-196|5-646|6-708|6-97
1194,1-217|1-597|2-421|2-708|3-698|3-97|4-118|4-866|5-258|5-416|6-196|6-646
1195,1-30|1-411|2-210|2-412|3-401|3-410|4-15|4-582
1196,1-597|1-649|1-739|10-416|11-217|12-369|2-708|2-97|2-97|3-217|3-421|3-421|4-258|4-649|4-864|5-172|5-258|5-739|6-118|6-172|6-866|7-369|7-416|7-864|8-63|8-755|8-755|9-866
1197,1-489|1-712|2-654|2-733|3-288|3-714|4-466|4-655|5-271|5-31|6-444|6-759
1198,1-470|1-470|1-649|1-993|1-993|2-421|2-473|2-473|2-567|2-567|3-421|3-430|3-482|3-482|3-538|4-128|4-268|4-558|4-645|4-649|5-268|5-436|5-832|5-832|5-875|6-436|6-538|7-430|7-875|8-558|8-645
1199,1-597|1-698|2-217|2-755|3-369|3-97|4-118|4-866|5-580|5-63|6-8|6-856
1201,1-409|1-703|2-1478|2-1548
1200,1-126|1-370|2-140|2-473|3-567|3-710|4-384|4-508
1202,1-126|1-370|10-295|10-296|2-85|2-864|3-590|3-880|4-453|4-60|4-667|5-346|5-788|6-104|6-781|7-451|7-837|8-162|8-773|9-374|9-798
1243,1-224|1-328|1-370|1-667|1-737|1-880|10-1|10-289|10-859|11-1262|11-553|12-339|12-467|13-1475|2-112|2-436|2-538|2-695|2-708|2-875|3-355|3-622|3-65|3-662|3-797|3-828|4-675|4-841|4-860|5-118|5-656|5-866|6-1552|6-85|6-93|7-337|7-614|7-889|8-254|8-293|8-356|8-805|9-1006|9-1205|9-138
1244,1-140|1-140|1-140|1-140|1-370|1-370|1-441|1-47|1-473|1-473|1-473|1-473|1-567|1-567|1-567|1-567|1-597|1-597|1-706|1-710|1-710|1-710|1-737|1-737|1-737|1-880|1-880|10-892|10-948|2-112|2-128|2-258|2-30|2-308|2-308|2-367|2-370|2-370|2-411|2-421|2-47|2-482|2-567|2-597|2-667|2-675|2-710|2-737|2-737|2-737|2-739|2-880|2-880|2-887|2-887|2-97|3-112|3-112|3-140|3-30|3-308|3-308|3-359|3-367|3-411|3-421|3-442|3-47|3-473|3-486|3-649|3-65|3-65|3-662|3-662|3-667|3-675|3-675|3-710|3-710|3-780|3-864|3-887|4-258|4-328|4-363|4-363|4-370|4-375|4-421|4-441|4-441|4-442|4-442|4-470|4-470|4-482|4-482|4-508|4-597|4-680|4-739|4-774|4-774|4-780|4-880|4-892|4-892|4-97|4-980|5-102|5-112|5-1553|5-268|5-30|5-308|5-363|5-375|5-411|5-470|5-508|5-508|5-590|5-594|5-597|5-645|5-649|5-675|5-706|5-708|5-739|5-832|5-864|5-866|5-887|5-892|5-97|6-128|6-128|6-181|6-181|6-258|6-308|6-309|6-359|6-375|6-486|6-508|6-594|6-645|6-649|6-65|6-662|6-675|6-801|6-810|6-810|6-864|6-866|6-875|6-887|6-948|7-102|7-258|7-30|7-309|7-328|7-359|7-411|7-421|7-47|7-482|7-680|7-681|7-739|7-801|7-832|7-880|7-980|8-363|8-442|8-470|8-648|8-680|8-681|8-739|8-774|8-780|8-864|8-892|9-268|9-441|9-442|9-780|9-875
1245,1-1294|1-210|1-210|1-412|1-412|1-478|2-1295|2-1296|2-15|2-15|2-582|2-582|3-1336|3-361|3-361|3-389|4-401|4-401|4-410|4-410|5-333|5-333|5-678|5-678|6-105|6-105|6-408|6-408|7-302|7-302|7-46|7-46|8-409|8-409|8-703|8-703
1246,1-140|1-140|1-308|1-473|1-473|1-567|1-567|1-667|1-832|1-887|2-129|2-358|2-358|2-359|2-359|2-421|2-421|2-85|2-859|2-97|3-181|3-207|3-269|3-406|3-424|3-467|3-773|3-85|3-859|3-97|4-162|4-240|4-308|4-342|4-601|4-611|4-711|4-815|4-832|4-887|5-828
1248,1-470|1-470|1-645|1-668|1-777|2-224|2-269|2-430|2-645|2-662|3-225|3-281|3-430|3-436|3-875|4-224|4-875|5-225|5-677
1247,1-698|1-97|10-184|10-185|11-167|11-203|12-322|12-400|2-708|2-866|3-399|3-755|4-142|4-172|5-369|5-540|6-580|6-581|7-323|7-8|8-391|8-493|9-141|9-324
1250,1-421|1-482|2-128|2-887|3-36|3-698|4-358|4-567|5-217|5-590|6-178|6-181|7-252|7-608
1249,1-268|1-269|2-470|2-645|3-848|3-859|4-1|4-65|4-662|5-224|5-875|6-281|6-436
1251,1-112|1-695|2-140|2-225|3-1|3-254|3-805|4-656|4-828|4-846
1252,1-473|1-887|10-460|10-547|11-181|11-698|12-441|12-442|13-328|13-486|14-17|14-451|15-240|15-309|16-354|16-355|17-1|17-773|18-162|18-622|19-296|19-611|2-567|2-710|20-108|20-477|21-356|21-828|3-675|3-737|4-112|4-695|5-308|5-667|6-370|6-852|7-461|7-47|8-128|8-421|9-645|9-883
1093,1-981|1-982|2-1462|2-1463|3-1464|3-1465|4-1466|4-1467
975,1-217|1-421|1-698|1-755|1-97|1-97|2-375|2-416|2-421|2-698|2-698|2-708|3-258|3-739|3-739|3-866|3-947|3-97|4-118|4-118|4-258|4-375|4-708|4-801|5-172|5-416|5-421|5-708|5-866|5-866|6-217|6-680|6-755|7-680|7-681|7-755|8-801|8-947
1092,1-473|1-567|2-47|2-710|3-112|3-695|4-128|4-887|5-268|5-269|5-667|6-225|6-805|6-875|7-162|7-17|8-1|8-354|9-1282|9-663
1094,1-258|1-367|1-737|1-887|2-181|2-407|2-486|2-675|3-370|3-470|4-128|4-675|5-649|5-864|6-258|6-739|7-367|7-486
1096,1-698|1-97|2-258|2-739|3-119|3-157|4-217|4-460|4-547|4-755|5-128|5-590|5-85|6-680|6-681|6-768|6-866|6-980|7-346|7-451|7-788|8-149|8-150
1097,1-698|1-866|1-97|2-172|2-369|3-399|3-755|4-580|4-581|5-323|5-324|5-391
1098,1-141|1-1468|1-698|1-97|2-144|2-1469|2-1470|2-54|2-866|3-217|3-324|3-499|3-755|4-142|4-172|5-580|5-581|6-323|6-391|7-167|7-203
1099,1-1471|1-1472|1-421|1-482|1-482|2-258|2-258|2-739|3-421|3-708|3-866|4-118|4-708|4-97|5-217|5-369|5-739|6-172|6-63|6-97|7-369|8-118|9-866
1100,1-30|1-411|2-210|2-412|3-401|3-410|4-361|4-389|5-46|5-53
1101,1-363|1-470|1-470|1-649|1-864|2-363|2-649|2-777|2-864|2-993|3-268|3-697|3-832|3-832|3-993|4-128|4-268|4-269|4-594|4-645|5-128|5-777|6-430|6-697|7-594|7-645|8-224|8-875
1104,1-1479|1-1480|1-1481|1-409|2-1478|2-703
1102,1-224|1-308|1-370|1-436|1-567|1-667|2-1205|2-191|2-339|2-71|2-85|2-866|3-1|3-289|3-489|3-70|3-875|4-355|4-453|4-471|4-622|4-797|4-828|5-1476|5-215|5-356|5-531|5-75|5-850|6-1473|6-1474|6-1477|6-907|7-611|7-654|7-758|8-1475|8-733
1103,1-126|1-370|1-370|1-71|2-289|2-384|2-384|2-508|3-680|3-680|3-681|3-980
1105,1-140|1-140|1-140|1-210|1-210|1-289|1-412|1-412|1-421|1-421|1-441|1-47|1-47|1-470|1-473|1-473|1-473|1-649|1-667|1-667|1-710|1-710|2-1048|2-1294|2-163|2-163|2-30|2-358|2-367|2-367|2-370|2-370|2-411|2-421|2-470|2-478|2-649|2-710|2-774|2-774|2-880|2-880|2-892|2-892|3-112|3-1295|3-1296|3-210|3-289|3-410|3-410|3-412|3-441|3-442|3-470|3-649|3-695|3-737|3-739|3-774|3-815|3-828|3-85|3-852|3-852|3-892|4-118|4-1294|4-145|4-361|4-370|4-389|4-410|4-433|4-46|4-478|4-53|4-536|4-737|4-737|4-739|4-739|4-852|4-866|4-880|4-948|5-1048|5-105|5-112|5-1297|5-1298|5-162|5-210|5-242|5-349|5-358|5-408|5-412|5-695|5-703|5-837|5-969|6-1|6-1482|6-30|6-333|6-411|6-414|6-442|6-49|6-801|6-836|6-85|6-947|7-1102|7-118|7-1484|7-303|7-46|7-53|7-578|7-611|7-704|7-866|7-946|7-950|8-145|8-1483|8-1485|8-1486|8-361|8-389|8-511|8-536
1106,1-127|1-326|1-372|1-438|2-528|2-766|3-1488|3-1489
1107,1-217|1-866|2-540|2-985|3-580|3-581|4-399|4-598|5-493|5-8
1109,1-140|1-140|1-140|1-163|1-308|1-308|1-308|1-309|1-367|1-421|1-441|1-442|1-473|1-473|1-473|1-48|1-567|1-567|1-567|1-567|1-567|1-680|1-706|1-706|1-710|1-710|1-737|1-777|1-780|1-887|1-887|1-887|1-942|2-112|2-126|2-126|2-140|2-163|2-308|2-308|2-363|2-363|2-367|2-370|2-370|2-370|2-421|2-470|2-470|2-473|2-486|2-567|2-649|2-649|2-667|2-675|2-695|2-706|2-737|2-737|2-880|2-887|2-942|2-947|2-948|2-993|3-103|3-268|3-268|3-269|3-269|3-289|3-308|3-308|3-363|3-363|3-370|3-441|3-442|3-442|3-470|3-470|3-486|3-667|3-667|3-675|3-675|3-675|3-698|3-737|3-737|3-737|3-780|3-801|3-848|3-880|3-887|3-97|3-980|4-112|4-118|4-1333|4-289|4-363|4-367|4-421|4-421|4-442|4-461|4-470|4-482|4-482|4-567|4-649|4-649|4-649|4-675|4-680|4-708|4-710|4-710|4-737|4-780|4-832|4-848|4-855|4-880|4-948|4-950|4-97|4-980|4-993|5-112|5-118|5-126|5-126|5-1490|5-1491|5-163|5-268|5-268|5-269|5-269|5-315|5-370|5-461|5-48|5-486|5-65|5-675|5-677|5-680|5-681|5-695|5-696|5-696|5-697|5-708|5-777|5-801|5-832|5-848|5-947|5-964|6-103|6-1288|6-224|6-281|6-315|6-421|6-441|6-442|6-442|6-461|6-482|6-649|6-65|6-667|6-681|6-695|6-698|6-780|6-832|6-875|6-948|6-97|6-980|6-993|7-140|7-1492|7-473|7-48|7-680|7-681|7-708|7-777|7-801|7-832|7-947|7-950|7-980|8-118|8-442|8-780|8-848|8-855|8-880
1110,1-289|1-470|1-473|1-48|1-567|1-649|1-675|2-140|2-470|2-473|2-567|2-649|3-112|3-112|3-140|3-675|3-710|4-645|4-747|4-747|4-891|4-891|5-128|5-1491|5-289|5-675|5-710|6-225|6-289|6-645|6-697|6-807|7-128|7-48|8-225|8-807
1114,1-1290|1-309|1-680|1-801|1-801|1-814|1-832|2-1288|2-142|2-1511|2-832|2-947|2-948|2-950|3-1011|3-1333|3-1495|3-1498|3-1502|3-765|3-950|4-1382|4-1499|4-1504|4-1512|4-309|4-354|4-466|5-1098|5-1288|5-1383|5-1496|5-1500|5-1513|5-980|6-1291|6-142|6-1471|6-1497|6-1501|6-1503|6-296|7-1505|7-1507|7-1508|8-1506|8-1509|9-1510
1111,1-258|1-698|2-533|2-638|3-217|3-866|4-1493|4-1494|4-581|5-399|5-580
1113,1-358|1-4|1-421|1-421|1-421|1-567|1-567|1-944|2-358|2-397|2-4|2-441|2-442|2-482|2-698|2-97|3-217|3-397|3-442|3-482|3-590|3-708|3-887|3-964|4-191|4-441|4-698|4-944|4-944|4-97
1112,1-140|1-162|1-17|1-309|1-473|1-567|2-1491|2-308|2-737|2-828|2-85|2-887|3-328|3-355|3-367|3-486|3-622|3-946|4-295|4-296|4-356|4-460|4-495|4-660|5-217|5-608|5-667|6-293|6-339|6-712
1058,1-140|1-473|1-567|2-289|2-461|3-269|3-994
1057,1-698|1-708|1-801|1-866|1-964|1-97|1-97|1-97|10-369|2-375|2-482|2-680|2-698|2-698|2-947|2-950|2-97|3-118|3-118|3-1321|3-375|3-416|3-866|3-866|3-947|4-142|4-369|4-482|4-482|4-680|4-681|4-980|4-980|5-142|5-680|5-801|6-369|6-416|6-708|7-801|7-947|7-950|8-681|9-142
1059,1-258|1-739|10-1011|10-296|10-765|2-698|2-97|3-460|3-85|4-157|4-608|5-1098|5-814|6-149|6-150|6-451|7-295|7-768|8-263|8-339|8-658|9-534|9-760
1060,1-145|1-210|1-370|1-370|1-421|1-421|1-441|1-442|1-470|1-700|1-79|1-852|1-852|1-887|1-892|2-243|2-289|2-370|2-421|2-44|2-442|2-442|2-470|2-470|2-495|2-504|2-852|2-887|2-887|3-145|3-145|3-210|3-210|3-441|3-700|3-708|3-708|3-79|3-892|3-892|3-964|3-964|4-1102|4-1102|4-289|4-289|4-289|4-495|4-495|4-495|4-948|4-948|5-441|5-441|5-700|5-700|5-79|5-79|5-981|5-982|6-1268|6-243|6-243|6-44|6-44|6-504|6-504|6-981|6-982
1061,1-358|1-421|1-421|1-944|2-4|2-698|3-608|3-738
1062,1-1107|1-981|1-981|1-982|1-982|2-1388|2-1389|2-1391|2-1393|2-1395|3-1388|3-1389|3-1390|3-1396|3-1397|4-1390|4-1391|4-1392|4-1398|4-1400|5-1392|5-1396|5-1397|5-1398|5-1399|6-1107|6-1393|7-1394|7-1395
1063,1-144|1-370|2-421|2-482|3-36|3-698|4-608|4-708|5-1032|5-1323
1064,1-489|1-508|1-712|2-195|2-271|3-1324|3-1325|3-733|4-1326|4-1327
1065,1-280|1-280|1-470|1-470|1-594|2-430|2-645|2-697|2-697|2-777|3-436|3-777|3-946|3-994|3-994|4-138|4-594|4-645|4-697|4-971|5-436|5-946
1066,1-421|1-97|2-667|2-866|3-258|3-739|4-708|4-887|5-196|5-646|6-118|6-375
1068,1-126|1-1328|1-1329|1-296|1-370|2-1330|2-1331|2-85|2-880|3-590|3-864|4-346|4-451
1067,1-441|1-442|1-470|1-649|2-442|2-645|2-649|2-706|3-441|3-706
1069,1-140|1-140|1-140|1-367|1-367|1-473|1-737|1-887|2-140|2-289|2-421|2-441|2-442|2-442|2-473|2-675|3-370|3-370|3-421|3-442|3-667|3-667|3-737|3-887|4-289|4-370|4-370|4-441|4-442|4-675|4-675|4-675|5-1009|5-289|5-508|5-667|6-486|6-495|6-660|6-887|7-118|7-328|7-708|7-964|8-508|8-712
1070,1-698|1-97|10-1332|10-152|10-622|11-162|11-733|11-946|12-1262|12-907|2-370|2-597|2-823|3-708|3-85|3-866|4-289|4-667|4-92|4-93|5-289|5-384|5-436|5-701|5-859|6-124|6-215|6-471|6-630|6-75|7-339|7-489|7-70|8-815|8-828|9-1|9-797
1071,1-140|1-140|1-140|1-140|1-140|1-140|1-268|1-269|1-367|1-367|1-367|1-367|1-370|1-370|1-421|1-421|1-442|1-470|1-470|1-470|1-470|1-473|1-473|1-473|1-473|1-486|1-486|1-486|1-680|1-680|1-737|1-737|1-801|1-832|1-887|1-887|1-887|2-112|2-112|2-1336|2-1337|2-289|2-370|2-421|2-421|2-441|2-441|2-442|2-461|2-461|2-667|2-667|2-675|2-675|2-675|2-706|2-706|2-710|2-710|2-710|2-710|2-710|2-737|2-737|2-737|2-832|2-887|2-887|2-887|2-892|2-892|2-950|2-97|2-97|3-112|3-144|3-268|3-269|3-289|3-289|3-289|3-308|3-370|3-384|3-421|3-441|3-442|3-442|3-442|3-461|3-461|3-482|3-508|3-508|3-508|3-667|3-667|3-667|3-675|3-701|3-706|3-708|3-710|3-801|3-801|3-866|3-892|3-947|3-950|3-980|3-980|4-103|4-112|4-112|4-118|4-1288|4-1288|4-163|4-163|4-268|4-269|4-328|4-421|4-430|4-441|4-442|4-461|4-482|4-482|4-486|4-516|4-675|4-680|4-680|4-701|4-710|4-712|4-780|4-866|4-892|4-892|4-948|4-948|4-948|4-97|4-97|4-980|4-980|5-1333|5-1334|5-140|5-144|5-163|5-269|5-328|5-442|5-461|5-473|5-482|5-486|5-508|5-508|5-680|5-680|5-680|5-681|5-681|5-696|5-697|5-801|5-875|5-875|5-887|5-947|5-950|5-980|5-980|6-103|6-1288|6-1333|6-1335|6-144|6-370|6-384|6-470|6-508|6-667|6-696|6-697|6-701|6-706|6-708|6-708|6-712|6-780|6-801|6-866|6-947|6-949|6-964|7-118|7-1338|7-268|7-269|7-430|7-712|7-866|8-103|8-1339|8-163|8-461|8-516|8-780|8-97
1072,1-30|1-411|2-210|2-412|3-410|3-582|4-46|4-53
1074,1-470|1-473|2-645|2-710|3-112|3-48|4-262|4-289
1073,1-1346|1-1347|1-347|1-365|1-366|1-630|1-850|2-1325|2-1345|2-1348|2-1349|2-215|2-701|2-701|2-75|3-1340|3-1344|3-384|4-195|4-712|5-271|5-733|6-1341|6-1342|7-1343
1075,1-358|1-3643|1-3644|1-421|1-421|1-442|1-482|1-944|2-3645|2-3646|2-441|2-442|2-470|2-473|2-887|2-97|3-3647|3-3648|3-397|3-4|3-441|3-698|4-217|4-3649|4-3650|4-590|4-608|4-944
1076,1-1363|1-1367|1-1374|1-1382|1-207|1-512|1-867|10-1352|10-1361|10-873|11-1362|2-1353|2-1364|2-1368|2-1375|2-1383|2-191|2-45|3-132|3-1354|3-1365|3-1369|3-1376|3-1384|3-276|3-424|4-1282|4-1350|4-1355|4-1366|4-1370|4-1377|4-1385|5-1356|5-1378|5-1386|5-246|5-292|5-335|6-1357|6-1371|6-1379|6-310|6-84|7-1351|7-1358|7-1372|7-1380|7-730|7-974|8-1359|8-1373|8-1381|8-431|8-592|9-136|9-1360|9-632
1077,1-280|1-363|1-470|2-430|2-645|2-747|3-224|3-436|3-994|4-875|4-946|4-971
1078,1-140|1-140|1-442|1-473|1-473|1-508|1-712|2-112|2-112|2-328|2-367|2-370|2-370|2-421|2-421|2-486|3-124|3-163|3-328|3-358|3-367|3-441|3-486|3-667|3-880|4-162|4-17|4-262|4-339|4-442|4-508|4-712|4-852|4-887|5-119|5-281|5-354|5-358|5-441|5-614|5-667|5-946|6-262|6-355|6-356|6-815|6-828|6-852|6-887|7-1205|7-124|7-1281|7-1282|7-163|7-296|7-611|7-880|8-162|8-17|8-339
970,1-470|1-649|2-258|2-739|3-79|3-946
971,1-262|1-308|1-369|1-416|1-597|1-597|1-680|1-681|1-698|1-698|1-708|1-97|2-118|2-308|2-375|2-597|2-597|2-698|2-698|2-708|2-708|2-887|2-964|2-980|3-118|3-262|3-421|3-680|3-708|3-801|3-866|3-950|3-964|3-97|3-97|3-980|4-118|4-196|4-196|4-375|4-375|4-416|4-421|4-887|4-950|4-97|5-262|5-308|5-369|5-681|5-801|5-866|5-887|5-964|6-680|7-866|8-681|9-980
962,1-145|1-36|1-370|1-421|1-421|1-473|1-495|1-737|1-737|1-79|1-852|1-887|1-887|1-892|2-289|2-328|2-421|2-442|2-442|2-482|2-482|2-737|2-852|2-887|2-892|2-942|2-97|2-97|3-145|3-289|3-328|3-36|3-367|3-370|3-441|3-473|3-495|3-79|3-852|3-892|3-942|4-145|4-367|4-370|4-441|4-442|4-473|4-482|4-946|4-948|4-97|4-981|4-982|5-36|5-495|5-79|5-946|5-948|5-981|5-982|5-983|5-984|6-289|6-328|6-942|6-983|6-984
963,1-597|1-698|1-97|2-460|2-85|3-258|3-363|3-739|4-667|4-823|4-876|5-119|5-157|6-680|6-681|6-980|7-149|7-150|7-451
964,1-141|1-421|1-482|1-990|1-992|10-345|10-988|11-174|11-592|12-391|12-989|2-517|2-698|2-97|3-708|3-866|4-63|4-755|5-54|5-608|6-142|6-985|7-986|7-991|8-653|8-676|9-767|9-987
972,1-508|1-712|2-489|2-995|3-271|3-733|4-996|4-997|4-998|5-849|5-999|6-1001|6-1002|6-1003
965,1-280|1-280|1-289|1-470|1-470|1-832|1-875|2-280|2-289|2-594|2-697|2-832|2-875|2-994|3-118|3-118|3-430|3-436|3-470|3-645|3-971|4-118|4-224|4-224|4-436|4-971|5-138|5-430|5-875|5-971|6-289|6-884|7-138|7-697|8-590|8-645|9-538
966,1-126|1-370|1-370|1-421|1-421|1-880|2-126|2-308|2-436|2-65|2-85|2-880|3-1|3-308|3-427|3-65|3-708|3-866|3-946|4-124|4-163|4-426|4-667|4-708|4-866|5-339|5-346|5-436|5-451|5-467|5-70|5-711|5-85|6-1007|6-355|6-426|6-622|6-667|6-815|6-828|7-1|7-1004|7-1008|7-104|7-427|7-453|7-699|7-797|7-946|8-1005|8-1006|8-124|8-163|8-356|8-611|8-733
967,1-47|1-47|1-470|1-470|1-710|1-710|1-710|1-710|2-289|2-289|2-470|2-470|2-508|2-508|2-712|2-712|3-1009|3-1009|3-118|3-289|3-47|3-508|3-508|3-645|4-118|4-289|4-47|4-645|5-365|5-850|6-191|6-697
968,1-30|1-411|1-815|1-828|2-774|2-852|2-937|2-938|3-210|3-410|4-409|4-703|5-361|5-46|6-1010|6-105
969,1-36|1-97|2-289|2-698|3-680|3-681|3-980|4-142|4-54|5-1011|5-986|6-1012|6-1013|7-1014|7-1015|7-871
973,1-1025|1-1026|1-140|1-140|1-289|1-289|1-308|1-370|1-421|1-470|1-470|1-470|1-473|1-473|1-667|1-667|1-710|1-710|1-710|1-801|1-887|1-948|1-949|2-1020|2-1027|2-112|2-140|2-308|2-315|2-441|2-442|2-461|2-47|2-47|2-473|2-630|2-630|2-85|2-880|2-887|2-892|2-950|3-1017|3-1017|3-1017|3-1030|3-1031|3-112|3-128|3-142|3-281|3-370|3-421|3-65|3-662|3-695|3-774|3-852|3-866|3-892|3-946|3-948|4-1|4-1018|4-1020|4-1021|4-1022|4-1028|4-112|4-262|4-441|4-442|4-46|4-614|4-672|4-703|4-774|4-801|4-852|4-875|4-875|4-892|4-969|5-1023|5-1029|5-128|5-162|5-315|5-333|5-461|5-467|5-53|5-645|5-65|5-662|5-695|5-837|5-947|5-950|6-1016|6-1024|6-308|6-339|6-355|6-408|6-46|6-622|6-703|6-75|6-841|6-85|6-880|6-887|6-946|7-262|7-281|7-441|7-442|7-614|7-866|8-1|8-672|8-774|8-801|8-852|8-969
974,1-482|2-1032|3-975|4-1033
1037,1-268|1-269|2-275|2-79|3-801|3-947|4-943|4-948|4-950|5-805|5-946|7-949
1038,1-370|1-370|1-421|1-421|1-421|1-470|1-567|1-680|2-289|2-358|2-4|2-470|2-470|2-482|2-567|2-97|3-262|3-289|3-4|3-482|3-680|3-887|3-944|3-97|4-191|4-217|4-358|4-482|4-590|4-708|4-887|4-964|5-608|5-738|5-944|5-964
1039,1-191|1-4|2-207|2-867|3-1281|3-1282|3-859|4-132|4-424|5-1283|5-276|6-246|6-335
1040,1-268|1-269|1-362|1-370|1-430|2-268|2-269|2-280|2-362|2-370|3-280|3-594|3-645|3-79|3-946|4-224|4-224|4-430|4-436|4-875|5-1284|5-138|5-645|5-697|5-971|6-138|6-697|7-884|7-971|8-436|8-946|9-594|9-875
1041,1-145|1-908|2-910|2-919|3-1285|3-912|4-1286|4-913
1043,1-1288|1-1288|1-140|1-140|1-140|1-140|1-140|1-163|1-367|1-421|1-441|1-442|1-442|1-47|1-470|1-470|1-473|1-473|1-473|1-473|1-473|1-482|1-486|1-486|1-508|1-521|1-567|1-675|1-680|1-680|1-710|1-710|1-710|1-710|1-887|1-887|1-97|2-268|2-268|2-269|2-269|2-289|2-315|2-367|2-370|2-370|2-370|2-370|2-370|2-421|2-421|2-421|2-421|2-421|2-441|2-461|2-47|2-470|2-470|2-521|2-567|2-567|2-667|2-680|2-737|2-737|2-737|2-887|2-887|2-887|2-980|2-980|3-128|3-140|3-262|3-289|3-308|3-308|3-315|3-315|3-367|3-370|3-370|3-4|3-461|3-461|3-470|3-482|3-567|3-567|3-567|3-567|3-65|3-662|3-667|3-667|3-667|3-675|3-675|3-680|3-680|3-708|3-777|3-866|3-949|3-949|3-980|4-163|4-262|4-268|4-268|4-269|4-269|4-289|4-328|4-4|4-421|4-441|4-442|4-442|4-47|4-48|4-482|4-508|4-508|4-645|4-65|4-65|4-662|4-662|4-667|4-680|4-710|4-712|4-737|4-777|4-79|4-887|4-97|4-980|5-1048|5-1200|5-140|5-163|5-281|5-314|5-328|5-367|5-367|5-441|5-442|5-461|5-470|5-486|5-486|5-675|5-708|5-710|5-777|5-79|5-841|5-841|5-866|5-97|5-994|6-1200|6-128|6-281|6-289|6-289|6-308|6-315|6-4|6-461|6-470|6-48|6-482|6-508|6-65|6-662|6-712|6-943|6-949|6-994|7-1048|7-128|7-262|7-268|7-269|7-308|7-645|7-667|7-708|7-712|7-737|7-79|7-866|7-887|7-946|8-262|8-328|8-4|8-48|8-645|8-65|8-662|8-680|8-681|8-777|8-97|8-980
1042,1-421|1-441|1-473|1-473|1-567|1-567|2-128|2-315|2-421|2-441|2-442|2-461|3-315|3-339|3-461|3-495|3-667|3-711|4-128|4-162|4-442|4-611|4-614|4-85|5-124|5-354|5-495|5-667|5-815|5-828|5-946|6-1281|6-1282|6-339|6-699|6-711
1316,1-268|1-268|1-268|1-482|1-866|1-93|1-948|1-97|2-369|2-375|2-375|2-482|2-708|2-92|2-93|2-97|3-1471|3-1564|3-482|3-708|3-708|3-866|3-946|3-97|4-369|4-369|4-93|5-946|5-946|5-948|6-1564|6-92|6-93
1317,1-473|1-567|2-128|2-695|3-1|3-436
1318,1-140|1-140|1-470|1-567|1-567|2-221|2-221|2-224|2-470|2-971|3-28|3-645|3-848|3-848|3-994|4-138|4-28|4-697|4-697|4-994|5-436|5-594|5-594|5-645|5-875|6-138|6-971|7-436|7-875
1319,1-145|1-908|1-913|2-912|2-915|3-910|3-917|4-1565|4-919|5-1566|5-1567|6-1568|6-922
1320,1-308|1-887|1-942|10-946|10-949|10-950|11-1102|11-1191|2-470|2-482|2-508|3-421|3-892|4-145|4-908|4-913|5-801|5-947|6-289|6-36|7-44|7-504|7-919|8-912|8-915|9-910|9-917
1321,1-545|1-567|1-597|2-258|2-363|2-739|3-119|3-157|4-701|4-97|5-460|5-85|6-1098|6-765|6-814
1322,1-365|1-850|2-489|2-995|3-195|3-712|4-271|4-733|5-1569|5-961
1323,1-280|1-280|1-280|1-289|1-470|1-545|1-545|2-112|2-128|2-128|2-268|2-430|2-470|2-971|3-112|3-113|3-268|3-470|3-473|3-508|3-508|4-224|4-268|4-289|4-430|4-594|4-875|4-875|5-138|5-289|5-875|5-971|5-971|5-994
1324,1-140|1-421|1-441|1-473|10-489|10-995|11-365|11-850|12-118|12-708|13-289|13-384|2-367|2-470|2-508|2-823|3-1009|3-421|3-441|3-508|4-442|4-486|4-597|4-823|5-289|5-367|5-482|5-486|6-701|6-737|7-442|7-482|8-712|8-97|9-128|9-268
1325,1-339|1-370|2-85|2-880|3-451|3-711|4-1570|4-188|5-945|6-1571|6-643|7-1572|7-1573
1326,1-1578|1-44|2-910|2-950|3-1431|3-145|4-1576|4-801|5-919|5-948|6-1081|6-949|7-1575|7-504|8-1574|8-946|9-1415|9-1567
1328,1-210|1-410|1-937|1-938|2-1194|2-1300|2-30|2-411
943,1-140|1-140|1-308|1-370|1-370|1-370|1-370|1-421|1-421|1-421|1-421|1-441|1-441|1-473|1-473|1-597|1-597|1-630|1-630|1-667|1-667|1-667|1-675|1-675|1-675|1-675|1-701|1-737|1-737|1-737|1-823|1-823|1-887|2-140|2-258|2-268|2-269|2-289|2-308|2-308|2-308|2-363|2-441|2-441|2-442|2-442|2-470|2-470|2-473|2-482|2-482|2-482|2-486|2-508|2-508|2-597|2-667|2-823|2-887|2-887|2-887|2-942|2-942|2-943|2-943|2-97|3-140|3-163|3-163|3-163|3-258|3-289|3-315|3-363|3-367|3-370|3-421|3-421|3-421|3-442|3-442|3-461|3-470|3-473|3-482|3-482|3-508|3-533|3-590|3-675|3-701|3-737|3-823|3-864|3-887|3-887|3-944|3-944|3-97|4-118|4-140|4-163|4-217|4-268|4-268|4-269|4-269|4-365|4-367|4-370|4-375|4-441|4-442|4-45|4-470|4-473|4-486|4-558|4-597|4-701|4-708|4-737|4-79|4-79|4-815|4-815|4-823|4-828|4-828|4-866|4-943|4-945|5-128|5-128|5-163|5-191|5-207|5-217|5-258|5-308|5-315|5-363|5-461|5-470|5-486|5-486|5-508|5-533|5-533|5-590|5-667|5-738|5-864|5-864|5-867|5-887|5-944|5-945|5-946|5-97|5-97|6-118|6-217|6-258|6-315|6-363|6-367|6-375|6-442|6-442|6-461|6-482|6-482|6-508|6-590|6-708|6-823|6-866|7-118|7-191|7-207|7-268|7-269|7-365|7-375|7-558|7-708|7-866|7-867|7-946|8-217|8-289|8-365|8-45|8-45|8-558|8-597|8-738|8-823
1702,1-118|1-128|1-141|1-308|1-365|1-370|1-370|1-421|1-421|1-630|1-667|1-675|1-675|1-850|1-97|2-1|2-124|2-128|2-163|2-289|2-308|2-489|2-630|2-667|2-708|2-85|2-866|2-961|3-118|3-142|3-281|3-324|3-339|3-355|3-436|3-70|3-701|3-815|3-828|3-946|3-97|4-1211|4-124|4-163|4-322|4-356|4-471|4-611|4-708|4-75|4-815|4-828|4-866|5-1212|5-322|5-356|5-391|5-493|5-63|5-630|5-667|5-767|5-797|6-489|6-85|7-365|7-850|8-1|8-289
1329,1-489|1-508|1-630|1-701|1-712|1-75|1-953|1-961|2-1344|2-1580|2-1581|2-347|2-365|2-366|2-850|2-956|3-1343|3-271|3-797
1330,1-436|1-470|1-645|2-1582|2-594|2-884|2-971|3-1583|3-224|3-994|4-138|4-140|4-362|4-875
1331,1-630|1-701|2-215|2-489|2-75|3-326|3-438|4-127|4-766
1332,1-140|1-140|1-140|1-367|1-470|1-473|1-473|1-567|2-268|2-269|2-289|2-367|2-441|2-470|2-473|2-567|3-268|3-269|3-370|3-441|3-442|3-442|3-662|3-780|4-128|4-262|4-362|4-367|4-441|4-737|4-79|4-884|5-268|5-289|5-442|5-645|5-780|5-875|5-884|5-994|6-370|6-470|6-662|6-971
1333,1-289|1-421|1-482|1-545|1-545|1-567|1-567|1-887|2-25|2-370|2-370|2-421|2-675|2-675|2-708|2-967|3-217|3-36|3-421|3-482|3-698|3-887|3-944|3-97|4-217|4-25|4-289|4-708|4-738|4-944
1334,1-138|1-470|1-875|2-280|2-430|2-971|3-224|3-436|3-645
1335,1-597|1-698|2-258|2-363|2-739|3-638|3-693|4-36|4-823|5-92|5-93|6-196|6-646|7-357|7-416
1336,1-473|1-473|1-567|1-567|1-710|2-370|2-470|2-470|2-48|2-710|3-112|3-128|3-48|3-675|3-777|4-314|4-315|4-461|4-461|4-777|5-370|5-675|6-112|6-128|7-118|7-289|8-1239|8-749
1337,1-994|2-140|3-662|4-645|5-65|6-436|7-224|8-875|9-1490
1338,1-461|1-461|1-470|1-567|1-567|1-594|1-737|10-141|10-1585|10-611|10-767|2-421|2-441|2-441|2-675|2-710|2-967|3-128|3-308|3-328|3-367|3-470|3-486|3-594|3-737|4-118|4-281|4-289|4-667|4-675|4-710|5-128|5-1586|5-308|5-339|5-558|5-738|5-939|6-118|6-1281|6-1282|6-1550|6-495|6-667|7-162|7-328|7-367|7-486|7-711|7-85|7-880|8-1211|8-142|8-163|8-281|8-289|8-630|8-946|9-354|9-355|9-733|9-946
1339,1-128|2-315|3-281|4-675|5-289|6-1200
1340,1-132|1-191|1-699|2-1587|2-1588|3-1238|3-1589
953,1-508|1-746|2-258|2-533|3-855|3-864|4-594|4-946|5-470|5-79
952,1-269|10-328|11-946|12-645|13-289|14-436|15-968|2-140|3-737|4-367|5-268|6-442|7-441|8-79|9-495
951,1-482|1-597|1-698|2-258|2-363|2-739|3-460|3-85|4-119|4-157|5-142|5-97|6-630|6-701
954,1-421|1-470|1-470|1-852|1-852|2-145|2-145|2-421|2-908|2-913|3-36|3-36|3-645|3-969|3-969|4-801|4-909|4-946|4-947|4-947
950,1-47|1-567|1-710|1-710|2-140|2-268|2-367|2-737|3-140|3-289|3-473|3-473|4-112|4-268|4-441|4-442|5-128|5-508|5-630|5-701|6-47|6-701
949,1-289|1-421|1-482|1-887|2-128|2-473|2-567|2-944|3-358|3-36|3-421|3-967|4-128|4-482|5-25|5-708|6-217|6-590|7-289|7-944|8-191|8-72
948,1-504|1-674|2-44|3-914|3-916|4-910|4-917
955,1-140|1-269|1-269|1-280|1-280|2-128|2-128|2-594|2-645|2-645|3-875|3-968|3-968|3-971|3-971|4-224|4-436
945,1-141|1-142|1-48|1-880|1-949|1-955|1-958|1-961|2-442|2-701|2-951|2-952|2-953|2-956|2-959|3-365|3-850|3-954|3-957|3-960|4-489|4-85|4-866|5-71|5-712|6-289|6-630|7-92|7-93|8-70|8-946
933,1-140|1-473|1-486|1-667|2-367|2-441|2-567|2-597|3-163|3-280|3-289|3-470|4-124|4-370|4-630|4-675|5-268|5-737|6-780|6-97|7-421|7-852|8-442|8-701
947,1-289|1-482|1-482|1-739|1-97|2-708|2-866|2-866|2-964|2-97|3-289|3-36|3-482|3-739|3-963|4-36|4-698|4-708|4-962|4-97|5-191|5-191|5-217|6-289|6-965|6-966
922,1-140|1-140|1-367|1-367|1-421|1-441|1-470|1-473|1-852|2-140|2-289|2-470|2-473|2-508|2-567|2-630|2-667|2-701|3-145|3-289|3-421|3-442|3-482|3-892|3-937|3-938|3-97|4-268|4-370|4-410|4-508|4-567|4-597|4-937|5-145|5-268|5-421|5-441|5-737|5-908|5-913|6-370|6-482|6-567|6-597|6-667|6-675|6-698|7-852|7-892|8-30|8-411
929,1-191|1-425|1-867|2-132|2-16|3-133|3-972|4-246|4-276|5-136|5-973|5-974
928,1-269|1-737|2-367|2-441|2-486|3-442|3-701|4-460|4-667|5-281|5-289|6-315|6-738|7-359|7-939|8-162|8-614
939,1-145|10-916|11-917|12-918|13-919|14-920|15-921|16-922|17-923|18-924|19-925|2-908|20-926|21-927|22-928|23-929|24-930|25-931|26-932|27-933|28-934|29-935|3-909|30-936|4-910|5-911|6-912|7-913|8-914|9-915
976,1-470|1-710|2-28|2-645|3-558|3-994|4-594|4-697|5-118|5-848|6-775|6-971|7-436|7-875|8-140|8-662
946,1-482|1-482|1-97|1-97|2-118|2-118|2-375|2-375|3-217|3-217|3-866|3-866|4-965|4-965|4-966|4-966|5-1046|5-369|5-708|5-962|6-1046|6-369|6-708|6-962
941,1-737|10-328|11-968|12-946|13-630|14-943|15-191|2-442|3-473|4-269|5-441|6-367|7-701|8-128|9-971
961,1-258|1-363|1-739|2-118|2-701|2-97|3-1098|3-880|4-1097|4-119|4-157|5-460|5-85|6-149|6-150
978,1-1081|1-1081|1-1104|1-1106|1-1111|1-1114|1-1115|1-914|1-914|1-982|2-1108|2-1113|2-1113|2-1116|2-1116|2-145|2-145|2-911|2-923|2-923|3-1104|3-1105|3-1105|3-1106|3-1109|3-1110|3-1111|3-1114|3-1115|3-982|4-1102|4-1103|4-1107|4-1108|4-1110|4-1112|4-1117|4-1118|4-911|4-981|5-1112|5-1118
944,1-163|1-421|1-482|1-482|1-545|1-567|1-97|1-97|2-128|2-308|2-370|2-421|2-441|2-545|2-567|2-908|3-370|3-370|3-442|3-442|3-590|3-590|3-887|3-943|4-1123|4-25|4-358|4-421|4-441|4-708|4-908|4-97|5-118|5-128|5-191|5-217|5-217|5-308|5-738|5-944|6-442|6-708|6-887|6-962
984,1-126|1-128|2-370|2-590|3-864|3-880|4-1184|4-711|5-1185|5-1186|6-1182|6-1183|7-1180|7-1181
936,1-47|1-482|1-710|1-710|2-441|2-442|2-473|2-473|3-38|3-777|4-48|4-891|5-441|5-47|6-436|6-855
935,1-489|1-508|1-712|2-365|2-850|3-733|3-797|4-1187|4-998
990,1-375|1-482|1-97|1-97|10-172|11-708|12-118|13-369|2-258|2-363|2-597|2-739|3-416|3-482|3-597|4-217|4-258|4-965|5-118|5-739|5-866|6-375|6-708|6-964|7-172|7-363|7-369|8-866|9-416
940,1-1106|1-1106|1-1191|1-923|1-923|1-923|2-1102|2-1106|2-1190|2-1191|2-982|2-982|3-1102|3-1111|3-1118|3-1189|3-1190|3-982|4-1191
1755,1-140|1-140|1-140|1-140|1-269|1-269|1-367|1-367|1-367|1-370|1-370|1-370|1-421|1-421|1-421|1-441|1-441|1-441|1-442|1-470|1-473|1-473|1-473|1-473|1-473|1-508|1-508|1-737|1-892|1-97|1-97|2-1106|2-140|2-145|2-145|2-163|2-269|2-269|2-370|2-421|2-441|2-442|2-470|2-470|2-470|2-473|2-473|2-482|2-486|2-486|2-508|2-508|2-508|2-701|2-737|2-737|2-911|2-914|2-921|2-943|2-943|2-97|3-1081|3-145|3-163|3-163|3-269|3-30|3-367|3-367|3-370|3-370|3-410|3-411|3-421|3-441|3-442|3-470|3-482|3-486|3-486|3-630|3-630|3-892|3-908|3-908|3-909|3-909|3-912|3-912|3-914|3-914|3-97|4-1076|4-1080|4-1081|4-1106|4-145|4-163|4-269|4-30|4-410|4-411|4-421|4-421|4-442|4-701|4-737|4-892|4-911|4-913|4-921|4-921|4-923|4-923|4-924|4-924|4-927|4-943|4-946|4-949|4-949|4-970|4-970|5-1077|5-1082|5-1193|5-1210|5-2465|5-2466|5-269|5-367|5-370|5-441|5-442|5-442|5-482|5-486|5-486|5-701|5-737|5-892|5-909|5-911|5-912|5-923|5-924|5-925|5-930|5-933|5-943|6-1076|6-1106|6-145|6-30|6-410|6-411|6-908|6-908|6-909|6-912|6-913|6-927|6-930|6-946|6-949|6-949|6-97|6-97|6-970|7-1076|7-1082|7-118|7-1210|7-482|7-630|7-701|7-913|7-921|7-927|7-97|8-1080|8-1081|8-909|8-914|8-923|8-924|8-946|8-970
985,1-1193|1-1194|1-1300|1-411|2-410|2-703|3-389|3-53|4-409|5-333|5-49|6-1196|6-1197|7-1198|7-1199
959,1-1209|1-128|1-141|1-163|1-308|1-436|1-567|1-567|1-630|1-675|1-675|1-710|1-710|1-961|2-118|2-1206|2-1207|2-128|2-308|2-65|2-662|2-797|2-866|2-957|3-1007|3-118|3-1200|3-1208|3-365|3-461|3-47|3-71|3-850|3-866|3-955|4-1200|4-1201|4-262|4-461|4-47|4-699|4-70|4-85|4-946|5-1202|5-1205|5-162|5-471|5-65|5-662|5-941|6-1203|6-1204|6-365|6-733|6-850|7-1201|7-85|8-699|8-70|8-946
993,1-375|1-375|1-708|1-866|1-866|1-965|1-966|2-217|2-337|2-369|2-54|2-708|2-965|2-966|3-1211|3-141|3-149|3-150|3-337|3-369|4-1208|4-149|4-150|4-955|5-1212|5-167|5-217|5-493|5-518|5-54|6-1211|6-141
983,1-1081|1-1214|1-421|1-482|1-482|1-892|1-918|1-97|1-97|2-118|2-1224|2-1225|2-258|2-258|2-470|2-470|2-908|2-909|3-1215|3-1216|3-1217|3-163|3-421|3-630|3-701|3-892|3-911|4-1067|4-1076|4-1077|4-1228|4-1229|4-701|4-911|4-923|4-924|4-946|5-1081|5-118|5-1214|5-1218|5-1219|5-1224|5-1225|5-908|5-909|5-918|6-1065|6-1077|6-1215|6-1216|6-1217|6-1226|6-1227|6-1230|6-923|6-924|7-1067|7-1076|7-1114|7-1115|7-1218|7-1219|7-1220|7-1221|7-1228|7-1229|7-946|8-1065|8-1114|8-1115|8-1220|8-1221|8-1231|8-1232|8-1233|8-163|8-309|8-630|9-1081|9-1214|9-1222|9-1222|9-1223|9-1223|9-1231|9-1232|9-1233|9-918
1080,1-384|1-508|2-1189|2-365|2-850|3-347|3-366|4-733|4-797|5-1189
960,1-923|10-1065|11-1066|12-1246|13-1247|14-1248|15-1249|16-1250|17-1251|18-1252|19-1253|2-1230|20-1254|3-1240|4-1241|5-1242|6-1110|7-1243|8-1244|9-1245
956,1-280|1-470|2-430|2-968|3-1201|3-1204|3-1237|4-162|4-471|5-645|5-662
992,1-191|1-708|2-132|2-276|3-1238|3-136
994,1-1315|1-909|10-1214|11-927|12-1067|13-929|14-926|15-930|16-1314|17-921|18-934|19-928|2-908|2-935|20-936|21-931|22-915|3-1313|3-923|4-1316|4-913|5-1312|5-914|6-1317|6-912|7-1081|7-1318|8-1319|8-925|9-1320|9-933
1729,1-370|1-442|10-354|10-355|2-269|2-473|3-421|3-675|4-128|4-308|5-367|5-441|6-460|6-939|7-1201|7-141|7-163|8-1098|8-880|9-162|9-946
988,1-370|1-442|10-354|10-355|2-269|2-473|3-421|3-675|4-128|4-308|5-367|5-441|6-460|6-939|7-1201|7-141|7-163|8-1098|8-880|9-162|9-946
1020,1-1077|1-913|1-924|1-930|2-1312|2-912|2-913|2-930|3-1077|3-1312|3-912|3-924|4-1253|4-923|4-936|4-936|5-1313|5-1313|5-934|5-934|6-1255|6-1255|6-927|6-927
1025,1-1078|1-1304|2-1305|2-969|3-1125|3-1210|4-1082|4-1306
1010,1-508|1-746|2-649|2-864|3-128|3-79|4-407|4-855
1081,1-140|1-994|2-645|2-848|3-280|3-471|4-558|4-775|5-968|5-971|6-1451|6-436|7-224|7-875
1048,1-1080|1-1081|1-145|1-145|1-1605|1-370|1-370|1-370|1-470|1-470|1-470|1-470|1-470|1-909|1-909|1-909|1-911|1-911|1-914|10-1401|10-309|11-1410|11-1411|2-1106|2-1214|2-1314|2-1430|2-370|2-370|2-909|2-911|2-911|2-912|2-912|2-913|2-913|2-913|2-923|2-925|2-927|2-927|2-933|3-1081|3-1106|3-1106|3-1214|3-1228|3-1230|3-1253|3-1255|3-1314|3-1401|3-1408|3-1409|3-145|3-909|3-913|3-914|3-923|3-930|3-934|4-1077|4-1077|4-1081|4-1106|4-1214|4-1214|4-1242|4-1314|4-1314|4-145|4-911|4-912|4-913|4-914|4-923|4-925|4-930|4-933|4-934|5-1067|5-1067|5-1077|5-1080|5-1081|5-1242|5-1408|5-1409|5-1424|5-1605|5-912|5-914|5-925|5-930|5-933|5-934|6-1067|6-1081|6-1242|6-1401|6-1408|6-1409|6-1410|6-1411|6-1425|6-309|6-914|6-930|6-934|7-1080|7-1080|7-1228|7-1228|7-1229|7-1229|7-1605|7-1605|8-1255|8-1410|8-1411|8-1424|8-1425|8-925|8-927|8-933|9-1255|9-1424|9-1425|9-927
997,1-1232|1-839|10-1554|10-1619|11-1245|11-1618|12-1065|12-1405|13-1233|13-1617|14-1459|14-1603|15-1250|15-1609|2-1255|2-923|3-1230|3-1401|4-1404|4-470|5-1067|5-1076|6-1242|6-1244|7-1240|7-1241|8-1246|8-1461|9-1228|9-1229
1054,1-258|1-363|1-597|10-296|10-768|11-1452|11-760|12-1453|12-876|13-1454|13-1455|2-119|2-157|3-460|3-85|4-36|4-630|4-841|5-1098|5-880|6-163|6-701|7-149|7-150|7-451|8-765|8-814|9-339|9-658
1051,1-268|1-370|1-441|1-442|2-421|2-442|2-482|2-864|2-943|3-268|3-358|3-708|3-962|4-25|4-708|5-441|5-943|6-217|6-738|7-1184|7-608
1084,1-470|1-909|2-1106|2-923|3-1613|3-1614|4-1102|4-1244|5-1190|5-1255|6-1191|6-1615|7-1428|7-1429|8-1111|8-1616
1700,1-1081|1-1081|1-145|1-911|1-914|1-914|10-1410|10-1411|10-1419|10-1420|2-1214|2-1314|2-1408|2-1409|2-145|2-911|3-1422|3-1423|3-926|3-926|3-933|3-933|4-1214|4-1314|4-1410|4-1411|4-1424|4-1426|5-1108|5-1108|5-1421|5-918|5-918|5-925|6-1408|6-1409|6-1412|6-1413|6-1425|6-1427|7-1261|7-1424|7-1426|7-1428|7-1429|8-1415|8-1416|8-1422|8-1423|8-1430|8-1431|9-1417|9-1418|9-1421|9-1432|9-1433|9-925
1012,1-140|1-140|1-141|1-281|1-436|1-473|1-473|1-521|1-630|1-675|1-710|2-1|2-1444|2-163|2-370|2-370|2-38|2-421|2-442|2-442|2-855|2-961|3-128|3-1446|3-247|3-296|3-308|3-356|3-614|3-675|3-710|3-797|3-85|4-118|4-38|4-421|4-558|4-662|4-866|5-128|5-150|5-308|5-521|5-630|5-703|6-105|6-118|6-1201|6-162|6-866|6-883|7-1239|7-1444|7-163|7-558|7-662|8-296|8-356|8-614|8-629|8-85|8-850
1056,1-1081|1-1081|1-1081|1-1214|1-1214|1-1214|1-1417|1-1417|1-1424|1-1425|1-1425|1-145|1-1605|1-1605|1-1605|1-1607|1-911|1-911|1-923|2-1214|2-1214|2-1410|2-1410|2-1411|2-1424|2-1424|2-1425|2-1425|2-1433|2-145|2-145|2-1605|2-1606|2-1606|2-911|2-911|2-923|2-923|3-1253|3-1256|3-1261|3-1408|3-1408|3-1409|3-1409|3-1410|3-1411|3-1411|3-1417|3-1427|3-1433|3-145|3-145|3-1605|3-1608|3-1609|3-923|4-1081|4-1115|4-1253|4-1256|4-1261|4-1261|4-1409|4-1410|4-1411|4-1414|4-1417|4-1420|4-1424|4-1424|4-1425|4-1428|4-1429|4-1607|4-911|5-1253|5-1414|5-1428|5-1429|5-1606|5-923|6-1420|6-1427|6-1433|6-1608|7-1115|7-1607
1052,1-470|1-908|2-1077|2-909|3-1403|3-1447|4-1068|4-1269|5-1448|5-1449|6-1236
1341,1-280|1-470|2-430|2-968|3-1201|3-1204|3-1237|4-162|4-471
1053,1-280|1-280|1-470|1-470|1-884|2-140|2-140|2-145|2-145|2-923|3-1076|3-645|3-675|3-855|3-908|4-1076|4-128|4-908|4-968|4-971|5-128|5-436|5-855|5-994|5-994|6-1255|6-1450|6-594|6-645|6-923|7-968|7-971|8-1255|8-436|9-1430|9-1443
1011,1-737|10-421|11-701|12-79|13-128|14-442|15-855|16-367|17-441|18-908|19-1076|2-470|20-645|21-486|22-708|23-968|24-1255|25-946|26-943|29-163|3-710|4-269|5-268|6-675|7-370|8-482|9-923
991,1-140|1-140|1-268|1-269|1-367|1-421|1-441|1-47|1-470|1-470|1-470|1-473|1-473|1-482|1-675|1-675|1-701|1-710|1-710|1-710|1-710|2-268|2-268|2-269|2-269|2-269|2-367|2-370|2-421|2-441|2-442|2-482|2-486|2-737|2-737|2-737|2-737|2-892|2-892|2-892|2-943|2-96|3-140|3-144|3-145|3-30|3-370|3-370|3-411|3-421|3-421|3-442|3-47|3-470|3-473|3-486|3-508|3-71|3-710|3-746|3-887|3-923|3-97|4-1082|4-1098|4-118|4-140|4-163|4-268|4-375|4-441|4-473|4-508|4-508|4-508|4-645|4-675|4-695|4-701|4-746|4-746|4-880|4-884|4-908|5-103|5-1076|5-128|5-144|5-145|5-217|5-30|5-367|5-370|5-411|5-442|5-590|5-712|5-780|5-887|5-939|5-964|5-97|6-1076|6-1098|6-144|6-145|6-365|6-384|6-421|6-482|6-489|6-558|6-590|6-630|6-701|6-79|6-855|6-880|6-887|6-923|7-1082|7-118|7-268|7-269|7-375|7-442|7-482|7-695|7-892|7-946|7-968|8-128|8-441|8-645|8-675|8-701|8-712|8-855|8-908|8-97
1079,1-30|1-411|2-105|2-1193|3-389|3-53|4-410|4-703|5-1198|5-49
1049,1-384|1-508|1-630|1-956|2-701|2-75|2-857|3-1344|3-630|3-712|4-365|4-850|5-215|5-471|6-347|6-366|7-1604|7-733
1088,1-191|1-708|2-965|2-966|3-1362|3-424|4-1436|4-425|5-132|5-276
1342,1-969|1-970|2-1078|2-1082|3-1227|3-1620|4-1621|4-1622
1091,1-1255|1-923|10-1438|10-1456|11-1247|11-1458|12-1250|12-1602|2-1244|2-1246|3-1230|3-1401|4-1228|4-1229|5-1240|5-1241|6-1243|6-1280|7-1459|7-1603|8-1245|8-1251|9-1406|9-1461
1023,1-47|1-710|2-38|2-48|3-112|3-128|4-281|4-675|5-461
1090,1-1430|1-145|1-470|1-909|1-923|1-923|2-470|2-908|2-909|2-913|2-930|2-934|3-1408|3-1409|3-1412|3-1413|3-908|3-913|4-1253|4-1255|4-1256|4-1425|4-930|4-934|5-1068|5-1408|5-1409|5-927|6-1412|6-1413
1055,1-1244|1-1246|2-1240|2-1241|3-1247|3-1458|4-1245|4-1459|5-1406|5-1461|6-1066|6-1457|7-1249|7-1460|8-1438|8-1456
1089,1-145|1-912|1-921|10-1313|10-1597|10-918|11-1430|11-1590|11-913|12-1081|12-928|12-936|13-1598|13-1599|13-921|14-1425|15-1312|16-933|17-936|18-1593|19-1594|2-1430|2-923|2-923|20-1255|21-1590|22-1313|23-1595|24-1596|25-1597|26-1430|27-1598|28-928|3-908|3-909|3-927|4-930|4-930|4-934|5-908|5-913|5-934|6-1255|6-1593|6-909|7-1081|7-912|7-918|8-1214|8-1214|8-1425|9-1312|9-927|9-933
1082,1-470|1-470|1-908|1-908|1-909|1-927|2-1081|2-145|2-909|2-911|2-923|2-927|3-1214|3-1314|3-145|3-1593|3-923|3-930|4-1081|4-1425|4-911|4-925|4-933|4-934|5-1414|5-1421|5-1422|5-1423|5-1593|5-930|6-1214|6-1314|6-1424|6-1590|6-918|6-926|7-1255|7-1418|7-1425|7-1430|7-1624|7-934|8-925|8-933
1013,1-421|1-421|1-47|1-508|1-508|1-710|2-128|2-47|2-675|2-701|2-710|2-712|3-163|3-471|3-630|3-675|3-695|3-701|3-880|4-128|4-712|4-738|4-876|4-878|4-968|5-162|5-163|5-695|5-85|5-880|6-471|6-630
1115,1-1421|1-921|10-1593|10-936|2-1610|2-470|3-1590|3-908|4-1591|4-912|5-928|5-930|6-1418|6-913|7-1422|7-911|8-1423|8-934|9-1592|9-927
1167,1-1721|1-258|1-597|1-597|1-701|1-737|1-737|1-97|1-97|2-128|2-1721|2-258|2-421|2-508|2-701|2-823|2-887|3-128|3-157|3-1722|3-416|3-460|3-695|3-887|4-1076|4-118|4-375|4-421|4-460|4-508|4-695|4-823|4-85|5-157|5-163|5-1719|5-1722|5-363|5-638|5-841|6-1098|6-177|6-339|6-416|6-533|6-880|7-149|7-150|7-451|7-460|7-695|7-765|7-814|7-85|8-1076|8-118|8-142|8-295|8-296|8-375|8-630|8-75|8-850|9-1452|9-1720|9-768
1117,1-1081|1-1081|1-112|1-112|1-1425|1-145|1-145|1-145|1-1593|1-470|1-470|1-470|1-470|1-470|1-892|1-892|1-892|1-892|1-908|1-908|1-908|1-914|1-914|1-923|1-923|10-1608|10-1760|11-1430|11-1761|12-1249|12-1591|13-1610|13-1718|2-1077|2-1077|2-1080|2-1080|2-1081|2-1081|2-128|2-128|2-145|2-145|2-1605|2-1613|2-1614|2-908|2-913|2-913|2-914|2-914|2-923|2-923|2-923|2-927|2-927|2-930|2-934|3-1080|3-112|3-112|3-1314|3-1408|3-1409|3-1418|3-1421|3-1422|3-1422|3-1423|3-1423|3-1429|3-1432|3-1593|3-1613|3-1614|3-1717|3-892|3-911|3-913|3-927|3-930|3-933|3-934|4-112|4-1245|4-1245|4-1253|4-1255|4-1255|4-1256|4-1314|4-1408|4-1408|4-1409|4-1409|4-1432|4-1432|4-1613|4-1613|4-1614|4-1614|4-1717|4-1717|4-801|4-911|4-933|4-947|4-950|5-1077|5-128|5-1412|5-1413|5-1421|5-1422|5-1423|5-1425|5-1428|5-1428|5-1429|5-1593|5-1595|5-1613|5-1614|5-1616|5-1616|5-908|5-913|5-913|5-927|5-927|5-930|5-934|5-946|6-1077|6-1115|6-1220|6-1253|6-1256|6-128|6-1314|6-1408|6-1412|6-1412|6-1413|6-1413|6-1418|6-1421|6-1425|6-1593|6-1608|6-1610|6-1613|6-1614|6-1718|6-1760|6-930|6-933|6-934|7-1080|7-1081|7-1115|7-1220|7-1249|7-1249|7-1280|7-1418|7-1429|7-1430|7-1591|7-1591|7-1605|7-1610|7-1718|7-1761|7-911|7-914|8-1245|8-1255|8-1409|8-1422|8-1423|8-1425|8-1428|8-1593|8-1595|8-1605|8-1616|8-946|9-1115|9-1220|9-1253|9-1256|9-1430|9-1432|9-1595|9-1608|9-1717|9-946
1108,1-1228|1-1229|1-1232|1-1232|1-1232|1-1232|1-1240|1-1244|1-1244|1-1244|1-1246|1-1246|1-1246|1-1404|1-1557|1-1729|1-233|1-839|1-839|1-839|1-839|2-1228|2-1228|2-1228|2-1229|2-1229|2-1229|2-1230|2-1230|2-1230|2-1230|2-1232|2-1240|2-1249|2-1401|2-1401|2-1401|2-1514|2-1557|2-1602|2-233|2-839|3-1240|3-1240|3-1241|3-1241|3-1244|3-1244|3-1245|3-1246|3-1246|3-1250|3-1458|3-1459|3-1459|3-1461|3-1514|3-1532|3-1532|3-1554|3-1554|3-1603|3-1603|4-1228|4-1229|4-1230|4-1240|4-1241|4-1245|4-1249|4-1401|4-1404|4-1458|4-1461|4-1514|4-1532|4-1554|4-1555|4-1557|4-1602|4-1618|4-1728|4-1729|4-233|5-1240|5-1241|5-1245|5-1458|5-1459|5-1461|5-1555|5-1555|5-1557|5-1603|5-1618|5-1728|5-233|6-1245|6-1249|6-1249|6-1404|6-1404|6-1461|6-1602|6-1602|6-1729|6-1729|7-1250|7-1514|7-1532|7-1554|7-1618|7-1728|8-1459|8-1603
1119,1-163|1-421|1-421|1-473|1-482|1-508|1-508|1-508|2-1730|2-370|2-370|2-442|2-442|2-823|2-823|2-943|3-128|3-1730|3-268|3-442|3-630|3-701|3-701|3-712|4-1076|4-268|4-441|4-441|4-473|4-482|4-590|4-943|5-217|5-25|5-268|5-701|5-708|5-708|5-738|5-962|6-1123|6-128|6-712|6-962
1254,1-489|1-712|2-733|2-797|3-1741|3-1742
1255,1-1076|1-1077|1-258|1-258|1-421|1-421|1-421|1-470|1-470|1-470|1-852|1-852|1-852|1-908|1-908|2-1076|2-1076|2-1076|2-1077|2-1232|2-1244|2-1245|2-1593|2-1593|2-258|2-258|2-421|2-852|2-923|2-923|3-1067|3-1077|3-1115|3-1220|3-1232|3-1233|3-1233|3-1244|3-1244|3-1245|3-1750|3-1751|3-470|3-908|3-923|4-1077|4-1232|4-1244|4-1403|4-1403|4-1404|4-1447|4-1447|4-1593|4-1750|4-1751|4-908|5-1067|5-1115|5-1220|5-1233|5-1593|5-1750|5-1751|5-1756|5-1757|5-923|6-1232|6-1233|6-1245|6-1404|7-1403|7-1447|8-1756|8-1757
1258,1-1738|1-473|1-482|10-855|10-946|11-471|11-850|12-962|13-247|13-355|13-797|14-1203|14-1204|2-128|2-1739|2-864|3-38|3-48|4-1|4-337|4-866|5-280|5-645|5-994|6-436|6-708|7-362|7-884|8-85|9-1201|9-1737
1408,1-1429|1-1429|1-1717|1-470|1-470|1-470|1-911|1-911|1-914|2-1253|2-1255|2-1255|2-1255|2-1256|2-1424|2-1425|2-923|2-923|3-1081|3-1081|3-1414|3-1429|3-1566|3-1717|3-914|3-914|3-923|4-1253|4-1256|4-1424|4-1425
1431,1-1240|1-1244|1-1246|1-1255|1-145|1-268|1-268|1-268|1-268|1-269|1-269|1-269|1-269|1-328|1-328|1-367|1-367|1-370|1-421|1-441|1-441|1-470|1-470|1-470|1-473|1-473|1-482|1-482|1-486|1-486|1-486|1-508|1-887|1-892|1-892|1-892|1-923|1-925|1-933|1-943|1-943|1-968|1-97|10-1082|10-1230|10-1401|10-1404|10-1514|10-163|10-1715|10-1750|10-1751|10-1846|10-855|10-946|10-968|11-1245|11-1458|11-1595|11-1617|12-1215|12-1216|12-1750|12-1751|13-1532|13-1556|13-1608|13-1745|14-1404|14-1460|14-1715|14-1744|2-1081|2-1228|2-1229|2-1244|2-1246|2-1255|2-1255|2-1421|2-1422|2-1423|2-1424|2-1425|2-1425|2-145|2-145|2-1557|2-163|2-269|2-30|2-367|2-367|2-370|2-411|2-421|2-421|2-441|2-470|2-473|2-473|2-482|2-482|2-508|2-508|2-892|2-914|2-914|2-923|2-923|2-923|2-923|2-937|2-938|2-97|3-1076|3-1081|3-1081|3-1082|3-1193|3-1232|3-1255|3-1413|3-1429|3-145|3-1555|3-1557|3-1593|3-163|3-163|3-1746|3-268|3-268|3-269|3-269|3-308|3-367|3-367|3-370|3-421|3-441|3-441|3-441|3-442|3-442|3-486|3-508|3-695|3-695|3-701|3-839|3-855|3-911|3-914|3-914|3-923|3-937|3-97|4-1076|4-1076|4-1081|4-1193|4-1230|4-1314|4-1401|4-1401|4-1412|4-1418|4-1418|4-1429|4-145|4-1514|4-1514|4-1514|4-1514|4-1554|4-1554|4-1593|4-1619|4-163|4-30|4-308|4-308|4-328|4-370|4-410|4-410|4-411|4-470|4-508|4-738|4-887|4-887|4-892|4-908|4-913|4-914|4-927|4-937|4-942|4-97|5-1066|5-1080|5-1081|5-1193|5-1230|5-1240|5-1242|5-1244|5-1246|5-1314|5-1401|5-1421|5-1422|5-1423|5-1424|5-1424|5-1425|5-1425|5-1458|5-1593|5-30|5-328|5-411|5-421|5-421|5-473|5-482|5-486|5-508|5-630|5-630|5-630|5-701|5-887|5-911|5-914|5-923|5-930|5-930|5-934|5-934|5-943|5-968|6-1076|6-1232|6-1240|6-1240|6-1241|6-1241|6-1244|6-1245|6-1246|6-1255|6-1314|6-1412|6-1418|6-1421|6-1422|6-1423|6-1425|6-1554|6-1555|6-1556|6-1557|6-1595|6-1618|6-1729|6-1746|6-308|6-308|6-328|6-370|6-410|6-486|6-839|6-887|6-908|6-914|6-925|6-933|6-942|6-968|7-1076|7-1077|7-1077|7-1228|7-1229|7-1232|7-1314|7-1423|7-1424|7-1429|7-1554|7-1608|7-1619|7-268|7-367|7-441|7-442|7-442|7-630|7-695|7-701|7-738|7-738|7-839|7-913|7-925|7-927|7-930|7-930|7-933|7-934|7-946|7-97|8-1076|8-1082|8-1193|8-1215|8-1216|8-1412|8-1413|8-1421|8-1422|8-1423|8-1459|8-1593|8-1603|8-1745|8-1753|8-328|8-410|8-695|8-855|8-887|8-908|8-913|8-927|8-937|8-943|9-1228|9-1229|9-1241|9-1242|9-1413|9-1429|9-1459|9-1532|9-1555|9-1557|9-1603|9-1617|9-1618|9-30|9-411|9-701|9-712|9-911
1343,1-370|1-370|1-923|1-923|10-1776|10-233|11-163|11-738|12-1459|12-1603|13-1461|13-946|14-1750|14-1751|15-1233|15-1438|16-1255|16-1404|17-1249|17-1430|2-1232|2-1232|2-839|2-839|3-1244|3-1244|3-140|3-140|4-1081|4-1081|4-1240|4-1240|5-145|5-145|5-328|5-328|6-1245|6-1245|6-1532|6-1532|7-1401|7-1514|8-1228|8-1229|9-1756|9-1757
1256,1-1443|1-1771|1-384|1-508|1-630|2-701|2-71|2-712|2-75|2-797|3-1772|3-1773|3-1774|3-489|3-70|3-71|4-1769|4-215|4-733|5-1341|5-1770|6-1732|6-94
1253,1-1080|1-1080|1-1080|1-1081|1-1244|1-1246|1-1255|1-1255|1-1425|1-145|1-145|1-145|1-1749|1-30|1-411|1-911|1-911|1-911|1-923|1-923|1-923|1-923|10-1245|10-1249|10-1253|10-1256|10-1438|10-1595|10-1750|11-1403|11-1447|11-1750|11-1751|12-1422|12-1425|12-1610|12-1718|13-1249|13-1313|13-1438|13-1590|14-1430|14-1608|14-1753|14-937|15-1596|15-1752|15-936|2-1081|2-1193|2-1193|2-1244|2-1244|2-1244|2-1246|2-1246|2-1246|2-30|2-30|2-410|2-410|2-410|2-411|2-411|2-908|2-908|2-912|2-921|2-937|2-937|3-1077|3-1080|3-1080|3-1193|3-1418|3-1421|3-1423|3-1423|3-145|3-1514|3-1593|3-30|3-410|3-411|3-908|3-909|3-909|3-911|3-911|3-912|3-921|3-927|4-1077|4-1077|4-1228|4-1418|4-1421|4-1421|4-1422|4-1423|4-1423|4-145|4-1514|4-1593|4-909|4-909|4-909|4-912|4-923|4-927|4-930|4-930|4-934|4-934|5-1193|5-1228|5-1228|5-1244|5-1246|5-1412|5-1421|5-1514|5-1593|5-1614|5-1717|5-1749|5-1753|5-1753|5-1755|5-410|5-908|5-921|5-927|5-930|5-933|5-934|6-1077|6-1228|6-1230|6-1255|6-1255|6-1401|6-1403|6-1424|6-1447|6-1514|6-1514|6-1749|6-1749|6-30|6-411|6-912|6-921|6-923|6-927|6-930|6-930|6-934|7-1081|7-1081|7-1253|7-1256|7-1412|7-1413|7-1421|7-1423|7-1425|7-1430|7-1614|7-1717|7-1717|7-1753|7-1755|7-930|7-934|7-937|8-1245|8-1255|8-1255|8-1412|8-1413|8-1421|8-1422|8-1423|8-1595|8-1610|8-1614|8-1718|8-1729|8-1729|8-1729|8-1751|8-1755|8-410|8-908|9-1230|9-1313|9-1401|9-1418|9-1418|9-1590|9-1598|9-928|9-933|9-936
1396,1-1421|1-145|1-470|10-1624|10-1763|11-1255|11-1430|2-470|2-908|2-923|3-1425|3-145|3-914|4-1593|4-923|4-934|5-1593|5-930|6-1081|6-933|7-1077|7-909|8-1412|8-1424|9-1428|9-1429
1430,1-923|10-1413|11-1412|12-1115|13-1608|14-1430|15-1426|16-1764|2-145|3-914|4-1314|5-1081|6-1762|7-1425|8-1717|9-1424
1427,1-140|1-280|2-662|2-848|3-645|3-884|4-436|4-994|5-229|5-247|5-284|6-662|6-753|7-1765|7-1766|7-692|8-1767|8-1768
1260,1-923|2-145|3-1593|4-1255|5-1430|6-1758|7-1759
1458,1-1218|1-1218|1-1229|1-1229|2-1250|2-1250|2-1401|2-1401|3-1230|3-1557|3-1778|3-511|4-1230|4-1514|4-511|5-1514|5-1557|5-1778
1419,1-140|2-994|3-884|4-362|5-662|6-775|7-436|8-143
1257,1-268|1-268|1-269|1-269|1-473|1-508|2-421|2-442|2-460|2-473|2-508|2-567|3-128|3-367|3-421|3-441|3-567|3-712|4-2236|4-328|4-367|4-441|4-695|4-880|4-968|5-2235|5-436|5-442|5-460|5-866|5-887|6-128|6-163|6-254|6-486|6-712|6-85|7-2236|7-328|7-355|7-711|7-815|7-828|7-968|8-695|8-880
1428,1-1067|1-1232|2-1750|2-1751|3-2240|3-2241|4-2237|4-2238|5-1233|5-2239|6-1846
1423,1-1109|1-470|2-1111|2-2242|3-2271|3-2323|4-2268|4-2308|5-2266|5-2267
1409,1-482|1-97|2-128|2-508|3-2250|3-421|4-1032|4-1323|5-1487|5-2251
1401,1-1232|1-1232|1-839|1-839|10-2237|10-2238|2-1244|2-1244|2-1532|2-1532|3-1776|3-1776|3-233|3-233|4-1067|4-1067|4-1554|4-1554|5-1245|5-1245|5-1461|5-1461|6-1459|6-1459|6-1603|6-1603|7-2240|7-2241|8-1750|8-1846|9-1233|9-2239
1425,1-1081|1-1314|1-1372|1-145|1-30|1-370|1-370|1-370|1-370|1-421|1-421|1-421|1-470|1-470|1-470|1-482|1-482|1-482|1-892|1-892|1-892|1-892|1-914|1-923|1-923|10-1401|10-946|11-1115|11-1608|12-1430|12-946|13-1418|14-1280|14-1711|15-2253|15-2255|2-1081|2-1228|2-1228|2-140|2-140|2-1421|2-1429|2-145|2-145|2-145|2-1556|2-1717|2-30|2-30|2-30|2-36|2-370|2-421|2-482|2-892|2-911|2-914|2-923|2-923|2-933|3-1080|3-1080|3-1081|3-1081|3-1408|3-1409|3-1421|3-1428|3-1593|3-1593|3-1717|3-2236|3-2254|3-328|3-36|3-421|3-470|3-482|3-911|3-914|3-914|3-923|3-933|3-934|3-934|4-1080|4-1214|4-1230|4-1314|4-1314|4-140|4-140|4-1401|4-1408|4-1408|4-1409|4-1413|4-1413|4-1424|4-1424|4-1425|4-1425|4-1429|4-1429|4-1514|4-1514|4-2236|4-328|4-470|4-911|5-1214|5-1214|5-1228|5-1228|5-1245|5-1255|5-1314|5-140|5-1409|5-1413|5-1421|5-1421|5-1422|5-1422|5-1423|5-1423|5-1429|5-145|5-1514|5-1717|5-2252|5-30|5-911|5-933|5-946|6-1081|6-1115|6-1245|6-1253|6-1255|6-1401|6-1418|6-1424|6-1425|6-1428|6-1430|6-1556|6-1593|6-1608|6-328|6-36|6-36|6-801|6-801|6-914|6-934|6-947|6-947|6-950|7-1080|7-1245|7-1255|7-1280|7-1408|7-1409|7-1422|7-1423|7-1428|7-1556|7-1593|7-1711|7-1717|7-1756|7-1757|7-2253|7-2254|7-934|7-946|8-1115|8-1228|8-1418|8-1608|8-2252|8-2252|8-2253|8-911|8-933|8-946|9-1280|9-1421|9-1756|9-1756|9-1757|9-1757|9-933
1411,1-258|1-737|1-739|2-533|2-701|2-864|3-363|3-97|4-460|4-85|4-887|5-119|5-157|6-638|6-693|7-1442|7-416|8-118|8-630|8-79
1399,1-1590|1-2243|1-2246|1-912|1-921|1-936|10-1590|10-2243|2-2244|2-2247|2-2248|2-909|2-927|2-930|3-1313|3-1593|3-2245|3-2248|3-908|3-909|4-1313|4-1598|4-908|4-921|4-934|4-936|5-2246|5-2249|5-2249|5-912|5-913|5-913|6-1593|6-2245|7-2247|7-927|8-2244|8-930|9-1598|9-934
1415,1-217|1-268|1-269|1-421|1-47|1-473|1-508|1-567|1-710|2-217|2-269|2-367|2-370|2-421|2-47|2-470|2-482|2-567|2-710|2-97|3-1730|3-268|3-269|3-36|3-421|3-473|3-508|3-590|3-943|4-163|4-163|4-268|4-367|4-370|4-47|4-533|4-701|4-710|4-943|5-1726|5-470|5-482|5-630|5-708|5-97|5-97|6-1730|6-36|6-590|6-708|6-962|7-217|7-944
1422,1-1214|1-1230|1-1232|1-1232|1-1232|1-1240|1-1240|1-1240|1-1244|1-1244|1-1244|1-1245|1-1246|1-1246|1-1246|1-1461|1-1514|1-1557|1-839|1-839|1-839|1-923|1-923|2-1214|2-1228|2-1229|2-1230|2-1230|2-1232|2-1240|2-1244|2-1245|2-1246|2-1401|2-1401|2-1461|2-1514|2-1554|2-1554|2-1557|2-1557|2-2260|2-2261|2-233|2-839|2-923|3-1066|3-1066|3-1228|3-1228|3-1229|3-1230|3-1230|3-1233|3-1240|3-1241|3-1245|3-1401|3-1438|3-1457|3-1458|3-1461|3-1514|3-1554|3-1557|3-1557|3-2239|3-2256|3-923|4-1193|4-1214|4-1214|4-1228|4-1229|4-1229|4-1241|4-1401|4-1457|4-1457|4-1458|4-1458|4-1514|4-1532|4-1554|4-1602|4-1603|4-1617|4-2237|4-2238|4-2256|4-2259|4-923|5-1193|5-1232|5-1241|5-1245|5-1250|5-1401|5-1461|5-1532|5-1554|5-1729|5-1733|5-1778|5-2240|5-2241|5-2256|5-2258|5-2260|5-2261|5-2264|5-233|5-233|5-511|5-839|6-1193|6-1214|6-1247|6-1250|6-1457|6-1458|6-1460|6-1514|6-1602|6-1602|6-1617|6-1729|6-1733|6-2238|6-2239|6-2257|6-2259|6-2260|6-2261|6-2265|6-341|6-511|7-1066|7-1241|7-1244|7-1246|7-1247|7-1438|7-1438|7-1460|7-1617|7-2237|7-2237|7-2238|7-2240|7-2241|7-2256|8-1066|8-1228|8-1229|8-1233|8-1457|8-1458|8-1532|8-1603|8-1778|8-2239|8-2257|8-2258
1413,1-1077|1-1081|1-1081|1-1081|1-1229|1-1255|1-1408|1-1409|1-1422|1-1425|1-163|1-268|1-268|1-269|1-269|1-269|1-269|1-367|1-367|1-367|1-370|1-370|1-370|1-370|1-421|1-421|1-421|1-470|1-470|1-470|1-470|1-473|1-482|1-482|1-508|1-508|1-533|1-567|1-630|1-701|1-710|1-864|1-892|1-892|1-914|1-914|1-914|1-923|1-923|1-923|1-923|1-943|1-97|1-97|1-97|2-1081|2-1228|2-1230|2-1232|2-1240|2-1244|2-1255|2-1255|2-1401|2-1401|2-1421|2-1423|2-1425|2-145|2-1458|2-1514|2-1554|2-163|2-163|2-163|2-1776|2-2301|2-268|2-268|2-269|2-280|2-30|2-328|2-367|2-370|2-421|2-436|2-470|2-473|2-473|2-473|2-482|2-482|2-508|2-508|2-508|2-567|2-567|2-710|2-710|2-839|2-852|2-887|2-887|2-892|2-914|2-923|2-923|2-923|2-97|3-1067|3-1081|3-1214|3-1255|3-1314|3-1314|3-1314|3-1408|3-1408|3-1412|3-1412|3-1412|3-1413|3-1413|3-1418|3-1421|3-1422|3-1423|3-1423|3-1424|3-1425|3-1428|3-1428|3-1429|3-1429|3-1430|3-1430|3-145|3-1514|3-1514|3-163|3-163|3-268|3-268|3-269|3-30|3-30|3-30|3-44|3-44|3-473|3-486|3-486|3-486|3-508|3-567|3-710|3-852|3-887|3-892|3-892|3-914|3-923|3-943|3-943|4-1193|4-1214|4-1214|4-1228|4-1228|4-1229|4-1240|4-1244|4-1244|4-1245|4-1245|4-1255|4-1401|4-1409|4-1409|4-1422|4-1425|4-1514|4-1514|4-1554|4-1711|4-2237|4-2237|4-2242|4-2261|4-2266|4-2267|4-328|4-421|4-44|4-470|4-473|4-482|4-533|4-533|4-567|4-630|4-701|4-701|4-708|4-71|4-71|4-710|4-710|4-710|4-852|4-855|4-864|4-892|4-911|4-911|4-911|4-929|4-97|4-97|5-1077|5-1077|5-1232|5-1280|5-1280|5-1401|5-1408|5-1409|5-1418|5-1418|5-1421|5-1423|5-1425|5-145|5-1514|5-1711|5-1727|5-1736|5-1750|5-1750|5-1751|5-1751|5-1776|5-1846|5-2253|5-2253|5-2319|5-269|5-30|5-328|5-370|5-421|5-421|5-533|5-567|5-701|5-701|5-708|5-710|5-75|5-839|5-864|5-864|5-887|5-908|5-908|5-933|5-933|5-943|5-946|5-962|5-97|5-97|6-1115|6-1193|6-1193|6-1214|6-1214|6-1229|6-1244|6-1245|6-1255|6-1313|6-1314|6-1401|6-1401|6-1409|6-1413|6-1418|6-1423|6-1424|6-1428|6-1428|6-1429|6-1429|6-1514|6-1554|6-1608|6-1617|6-1727|6-1736|6-2242|6-2253|6-2260|6-2260|6-2261|6-2261|6-2268|6-2271|6-2308|6-2320|6-2320|6-280|6-328|6-421|6-436|6-44|6-44|6-71|6-852|6-855|6-911|6-911|6-914|6-936|6-946|7-1067|7-1115|7-1228|7-1229|7-1230|7-1233|7-1233|7-1240|7-1244|7-1245|7-1401|7-1403|7-1412|7-1413|7-1422|7-1447|7-1554|7-1608|7-1711|7-1776|7-2237|7-2238|7-2238|7-2238|7-2239|7-2239|7-2240|7-2266|7-2267|7-2268|7-2271|7-2308|7-2317|7-2318|7-268|7-482|7-486|7-533|7-701|7-708|7-708|7-71|7-739|7-75|7-852|7-855|7-887|7-962|7-97|8-1081|8-1228|8-1230|8-1240|8-1250|8-1313|8-1314|8-1408|8-1412|8-1421|8-1422|8-1423|8-1458|8-1458|8-1514|8-1590|8-1590|8-163|8-1750|8-1751|8-1846|8-2242|8-2242|8-2253|8-2266|8-2267|8-2291|8-2301|8-2301|8-280|8-436|8-911|8-911|8-914|8-936|9-1729|9-2240
1407,1-1255|1-1424|1-145|1-145|1-1717|1-1717|1-2252|1-2296|1-911|2-1214|2-1412|2-1414|2-1430|2-1595|2-1595|2-1607|2-923|2-923|3-1214|3-1255|3-1412|3-1414|3-1424|3-1427|3-1430|3-1607|3-2255|4-1427|4-2252|4-2255|4-911|5-1255|5-1424
1420,1-163|1-163|1-268|1-370|1-421|1-421|1-470|1-470|1-630|1-630|1-815|1-828|2-2273|2-2274|2-436|2-460|2-460|2-708|2-815|2-828|2-85|2-85|2-93|2-959|3-105|3-1201|3-1207|3-2273|3-2274|3-2279|3-2280|3-268|3-356|3-370|3-471|3-880|4-118|4-118|4-2276|4-2277|4-2278|4-254|4-421|4-866|4-866|4-93|4-93|4-959|5-149|5-150|5-2281|5-2282|5-436|5-708|6-1|6-105|6-451|6-49|6-788|6-880|7-1201|7-141|7-355|7-471|7-797|7-837|8-1007|8-254|8-876|8-878|8-907|8-93|9-2283|9-2284
1436,1-2285|2-2290|3-2287|4-2288|5-2289
1434,1-280|1-470|2-140|2-832|3-645|3-994|4-362|4-884|5-696|5-968|6-436|6-775|7-224|7-875
1440,1-482|2-1032|3-1323|4-976|5-2250|6-2251
1454,1-1401|1-1401|1-1409|1-1409|2-1230|2-1514|2-1557|2-1778|3-1228|3-1230|3-1250|3-1778|4-1228|4-1250|4-1514|4-1557|5-1229|5-1424|5-1618|5-511|6-1229|6-1424|6-1618|6-511
1410,1-268|1-269|1-421|1-421|1-47|1-630|1-710|1-710|2-163|2-47|2-473|2-473|2-508|2-508|2-630|2-815|3-268|3-269|3-328|3-864|3-880|3-968|4-1184|4-163|4-370|4-712|4-815|4-864|4-880|5-47|5-630|6-2236|6-328|6-968
1438,1-1067|1-1240|1-1240|1-1244|1-1244|1-1756|1-1757|2-1532|2-1603|2-1776|2-2264|2-2292|2-233|3-1532|3-1603|3-1776|3-2237|3-2238|3-2264|4-1233|4-2241|4-2269|4-2292|4-2295|4-233|5-2237|5-2238|5-2260|5-2291|5-2293|5-2294|6-1067|6-1756|6-1757
1441,1-1080|1-1080|1-1253|1-1255|1-1314|1-1428|1-145|1-145|1-145|1-145|1-1717|1-1717|1-1717|1-1717|1-470|1-470|1-911|1-923|1-933|2-1080|2-1115|2-1255|2-1409|2-1425|2-1428|2-145|2-1595|2-1605|2-1608|2-2252|2-2252|2-2253|2-470|2-911|2-911|2-923|2-923|2-933|3-1115|3-1314|3-1314|3-1425|3-1425|3-1428|3-1605|3-1605|3-1607|3-1607|3-1608|3-1717|3-2252|3-2253|3-2253|3-2300|3-470|3-911|3-933|4-1255|4-1255|4-1255|4-1425|4-1425|4-1595|4-1595|4-1595|4-1607|4-2253|4-2297|4-2298|4-2299|4-2300|4-911|4-923|4-933|5-1080|5-1115|5-1428|5-1608|5-2252|5-2254|5-2297|5-2298|6-1409|6-2297|6-2298|6-923|7-1428|7-2254
1449,1-482|1-97|2-436|2-708|3-1323|3-25|4-2314|4-25|5-1032|5-2250|6-2313|6-962|7-1487|7-2251
1817,1-1438|1-1514|1-1778|1-2237|1-2237|1-2242|1-2264|1-2267|1-2306|1-2306|1-2307|1-2307|1-2312|1-470|1-923|2-1109|2-1109|2-1590|2-1613|2-1614|2-2267|2-2268|2-2268|2-2306|2-2307|2-2308|2-2308|2-2309|2-2311|2-982|3-1076|3-1228|3-1229|3-1424|3-1424|3-1554|3-1554|3-1776|3-2266|3-2266|3-2267|3-2271|3-2271|3-2310|3-982|4-1076|4-1109|4-1228|4-1228|4-1229|4-1229|4-1424|4-1554|4-1613|4-1613|4-1614|4-1614|4-2268|4-2308|4-982|5-1076|5-1076|5-1228|5-1424|5-1438|5-1554|5-1593|5-1613|5-1614|5-1776|5-1778|5-2271|5-2271|5-470|5-923|6-1514|6-1593|6-1776|6-2264|6-2268|6-2308|6-2312|6-470|6-923|7-1109|7-1590|7-1593|7-470|7-923|7-982|8-1590|8-1593|8-2309|8-2311
1455,1-470|1-923|2-145|2-1717|3-140|3-911|4-421|4-892|5-1408|5-1409|6-1730|6-328|7-1228|7-1244|8-1613|8-1614
1443,1-1080|1-1081|1-145|1-145|1-1595|1-1717|1-268|1-269|1-269|1-269|1-30|1-30|1-367|1-367|1-367|1-370|1-370|1-421|1-441|1-441|1-47|1-47|1-47|1-470|1-470|1-470|1-473|1-473|1-473|1-508|1-508|1-508|1-710|1-710|1-710|1-710|1-710|1-737|1-737|1-892|1-892|1-914|1-923|1-923|1-923|2-1080|2-1081|2-1193|2-1408|2-1412|2-1413|2-145|2-163|2-1717|2-2252|2-268|2-268|2-269|2-269|2-30|2-30|2-367|2-367|2-421|2-441|2-47|2-47|2-47|2-470|2-470|2-473|2-473|2-473|2-482|2-508|2-508|2-508|2-630|2-630|2-701|2-710|2-710|2-737|2-737|2-737|2-892|2-911|2-914|2-918|2-97|3-1081|3-1240|3-1240|3-1244|3-1244|3-1255|3-1255|3-1255|3-1409|3-1425|3-1425|3-1428|3-1429|3-1514|3-2252|3-2302|3-328|3-367|3-370|3-370|3-370|3-370|3-421|3-421|3-421|3-442|3-460|3-460|3-460|3-482|3-701|3-701|3-887|3-887|3-887|3-887|3-892|3-892|3-911|3-914|3-923|3-923|3-923|3-97|3-97|4-1081|4-1193|4-1228|4-1229|4-1229|4-1230|4-1240|4-1244|4-1255|4-1401|4-1408|4-1409|4-1424|4-1425|4-145|4-1514|4-1514|4-1595|4-1717|4-1717|4-1759|4-2254|4-2260|4-2261|4-2266|4-2267|4-2300|4-2302|4-2397|4-268|4-269|4-269|4-421|4-441|4-442|4-47|4-482|4-630|4-710|4-737|4-737|4-914|4-918|4-923|4-97|5-1080|5-1115|5-1193|5-1228|5-1253|5-1255|5-1256|5-1408|5-1409|5-1412|5-1412|5-1413|5-1413|5-1425|5-1428|5-1605|5-1608|5-163|5-163|5-1746|5-1746|5-1760|5-1778|5-1778|5-2252|5-2266|5-2267|5-2271|5-2321|5-2397|5-268|5-367|5-421|5-442|5-482|5-701|5-701|5-892|5-911|5-911|5-937|5-937|5-937|5-97|5-982|6-1080|6-1081|6-1193|6-1230|6-1230|6-1240|6-1244|6-1244|6-1424|6-1425|6-1428|6-1429|6-1438|6-1514|6-1514|6-1717|6-2268|6-2271|6-2302|6-2308|6-2309|6-2311|6-2377|6-30|6-328|6-328|6-421|6-442|6-460|6-470|6-482|6-737|6-738|6-738|6-887|6-946|6-97|6-982|7-1081|7-1228|7-1229|7-1229|7-1253|7-1256|7-1401|7-1424|7-1428|7-1429|7-145|7-1717|7-1759|7-2252|7-2254|7-2260|7-2261|7-2268|7-2308|7-2321|7-914|7-946|8-1115|8-1193|8-1240|8-1244|8-1408|8-1409|8-1438|8-1608|8-1759|8-1760|8-2254|8-2260|8-2261|8-2266|8-2267|8-2302|8-2309|8-2311|8-2397|8-946
1463,1-1255|1-145|1-1717|1-911|1-911|1-923|1-923|1-923|2-1193|2-145|2-1717|2-1717|2-2261|2-2300|2-30|2-892|3-1193|3-1228|3-1554|3-1613|3-1614|3-1776|3-2302|3-30|4-1229|4-1229|4-1438|4-1613|4-1614|4-1776|4-2271|4-2394|5-1776|5-2266|5-2266|5-2267|5-2268|5-2271|5-2311|5-2396|6-1255|6-1613|6-2261|6-2302|6-2307|6-2393|6-2395|6-892|7-1228|7-1554|7-1729|7-2310|7-2396|7-982|8-1229|8-1438
1445,1-1232|1-1246|1-1246|1-1532|1-1554|1-1778|1-911|1-911|2-1228|2-1228|2-1229|2-1229|2-1240|2-1241|2-1461|2-2302|3-1232|3-1245|3-1401|3-1438|3-1457|3-1458|3-1554|3-1603|4-1066|4-1066|4-1240|4-1241|4-1461|4-2270|4-2270|4-2302|5-1461|5-1532|5-1778|5-2260|5-2260|5-2261|5-2261|5-2302|6-1245|6-1401|6-1438|6-1603|6-2238|6-2238|6-2387|6-2387|7-1460|7-1532|7-1602|7-1778|7-2265|7-2389|8-1457|8-1458|8-2388|8-2390
1538,1-1229|1-1232|1-1438|1-1776|1-2260|1-2260|1-2302|1-2302|2-1228|2-1229|2-1245|2-1532|2-1554|2-1603|2-1776|2-2269|3-1232|3-1245|3-1438|3-2237|3-2260|3-2269|3-2302|3-2385|4-1228|4-1554|4-2237|4-2385|4-2387|4-2387|4-2392|4-2392|5-1532|5-1603
1540,1-482|1-482|1-508|1-943|2-1323|2-2250|2-712|2-97|3-1230|3-2398|3-25|3-508|4-1032|4-2251
1543,1-1240|1-1240|1-1244|1-1244|1-1246|1-1246|1-1776|1-2258|1-2260|1-2264|1-2385|2-1240|2-1438|2-1438|2-1532|2-1532|2-1554|2-1776|2-1778|2-2302|2-2385|2-2392|3-1228|3-1232|3-1232|3-1232|3-1233|3-1246|3-1401|3-1401|3-1401|3-2260|3-2265|4-1532|4-1554|4-1778|4-2238|4-2238|4-2258|4-2264|4-2265|4-2302|4-2385|4-2392|5-1233|5-1233|5-1438|5-1554|5-2237|5-2238|5-2265|5-2302|5-2392|6-1228|6-1228|6-1776|6-1778|6-2260|7-1244|7-2258|7-2258|7-2264|7-2264
1556,1-1244|1-145|1-2302|1-30|1-421|1-892|1-923|2-1255|2-145|2-1717|2-1717|2-911|2-923|2-923|3-140|3-1408|3-1409|3-1613|3-1614|3-2253|3-737|4-140|4-1428|4-1429|4-2252|4-2321|4-737|4-911|5-1613|5-1614|5-2252|5-2417|5-2418|5-421|5-911|6-1244|6-30|6-470|6-739|6-892|7-1244|7-470|8-1408|8-1409
1534,1-482|1-508|1-708|1-962|2-1123|2-268|2-370|2-421|2-738|3-2408|3-2409|3-421|3-708|3-968|4-1726|4-217|4-590|5-1487|5-738
1537,1-1228|1-1229|1-1229|1-1230|1-1230|1-1232|1-1232|1-1232|1-1240|1-1240|1-1240|1-1240|1-1246|1-1246|1-1401|1-1401|1-1461|1-1461|1-1461|1-1776|1-2302|2-1228|2-1228|2-1229|2-1229|2-1229|2-1232|2-1232|2-1240|2-1245|2-1245|2-1246|2-1246|2-1457|2-1457|2-1458|2-1458|2-1776|2-2237|2-2264|2-2302|2-2385|3-1228|3-1230|3-1438|3-1438|3-1457|3-1457|3-1458|3-1458|3-1459|3-1459|3-1461|3-1461|3-1514|3-1532|3-1603|3-1603|3-1776|3-2302|3-2302|3-2302|3-2385|4-1066|4-1066|4-1241|4-1401|4-1429|4-1457|4-1458|4-1459|4-1459|4-1514|4-1532|4-1603|4-1603|4-1776|4-1778|4-2237|4-2264|4-2265|4-2385|4-2387|4-2400|5-1066|5-1401|5-1429|5-1438|5-1459|5-1514|5-1514|5-1532|5-1603|5-1778|5-1778|5-2238|5-2260|5-2261|5-2265|5-2270|5-2387|5-2387|5-2401|5-2404|5-2404|6-1228|6-1230|6-1241|6-1241|6-1245|6-1429|6-1438|6-1776|6-2237|6-2258|6-2258|6-2260|6-2261|6-2264|6-2270|6-2385|6-2400|6-2401|6-2402|6-2403|6-2406|7-1233|7-1245|7-1246|7-2237|7-2238|7-2264|7-2385|7-2389|7-2389|7-2402|7-2403|7-2405|7-2407|8-1066|8-1230|8-1401|8-2265|8-2400
1568,1-1244|1-1244|1-1245|1-2265|1-2265|1-2404|2-1602|2-1602|2-1711|2-2387|2-2387|2-2410|3-1245|3-2301|3-2404|3-2411|3-2412|3-2413|4-1711|4-2410
1985,1-140|1-470|1-470|1-737|1-911|7-370|7-887
1536,1-1244|1-1246|2-1240|2-911|3-1429|3-1776|4-1461|4-2302|5-1457|5-1458|6-1242|6-1729|7-1532|7-2260|8-1245|8-2261
1569,1-421|1-567|2-370|2-864|2-880|3-140|3-614|4-163|4-268|5-2415|5-2416|5-85
1576,1-1081|1-1081|1-1081|1-1246|1-1408|1-1408|1-1408|1-1429|1-1429|1-1603|1-1717|1-1717|10-2405|10-2423|11-2422|11-2428|2-1244|2-1244|2-1244|2-1401|2-1514|2-1554|2-1776|2-1776|2-1776|2-1778|2-2264|2-2385|3-1081|3-1228|3-1240|3-1240|3-1244|3-1408|3-1438|3-1514|3-1554|3-1776|3-2302|3-2302|4-1228|4-1240|4-1246|4-1438|4-1514|4-1554|4-1603|4-2264|4-2264|4-2302|4-2385|4-2385|5-1228|5-1246|5-1401|5-1429|5-1438|5-1461|5-1603|5-1717|5-1778|5-2260|5-2404|5-2425|6-1228|6-1240|6-1438|6-1461|6-2237|6-2260|6-2302|6-233|6-2404|6-2425|6-2426|6-2427|7-1233|7-1233|7-1401|7-1514|7-1554|7-1778|7-2265|7-2265|7-2406|7-2406|7-2424|7-2424|8-1246|8-1603|8-2237|8-2264|8-2385|8-2405|8-2419|8-2419|8-2420|8-2420|8-2423|8-2426|9-1532|9-2412|9-2412|9-2421|9-2421|9-2422|9-2428|9-2429
1581,1-1244|1-2237|2-1066|2-2302|3-1246|3-2261|4-1458|4-2264
1577,1-1255|1-1717|1-268|1-421|1-911|1-923|1-923|2-1613|2-2396|2-421|2-470|2-737|2-737|2-923|3-1244|3-145|3-1717|3-2252|3-2271|3-268|4-1244|4-1613|4-1614|4-1614|4-1717|4-2271|4-2302|5-1081|5-1229|5-1429|5-1776|5-2237|5-2252|5-914|6-1081|6-1429|6-145|6-328|6-737|6-914|7-1244|7-1590|7-2268|7-328|7-911|8-1438|8-1532|8-1776|8-2264|8-2512
1605,1-1244|1-1246|2-1532|2-2429|3-1461|3-2260|4-2302|4-2420|5-1458|5-2433
1579,1-163|1-370|1-441|1-482|1-567|2-1730|2-268|2-268|2-370|2-421|3-163|3-217|3-367|3-567|3-614|4-2435|4-421|4-630|4-855|5-2434|5-367|5-441|5-708|5-962|6-708|6-746|7-1487|7-962
1590,1-140|1-140|1-140|1-145|1-1736|1-268|1-268|1-268|1-269|1-269|1-442|1-470|1-737|1-737|1-911|10-1727|10-1727|10-2436|10-268|10-708|11-1230|11-1776|11-441|11-855|12-1255|12-140|12-2436|12-328|13-2434|13-367|13-441|13-470|14-163|14-328|14-370|14-946|15-1717|15-2396|15-441|15-630|16-2435|16-421|16-962|17-1230|17-370|18-1230|18-2435|19-485|19-855|2-112|2-145|2-145|2-1776|2-2436|2-268|2-269|2-328|2-367|2-370|2-441|2-567|2-737|2-737|2-746|20-2396|20-328|21-442|21-855|22-163|22-943|23-2434|23-943|24-2434|24-421|25-2396|25-614|26-1255|26-1255|27-163|27-946|28-708|28-968|29-708|3-1230|3-163|3-1717|3-2436|3-268|3-269|3-421|3-470|3-567|3-614|3-855|3-911|3-943|3-946|3-968|30-630|31-962|32-614|33-112|34-486|35-1736|36-2302|37-746|38-815|39-828|4-1255|4-140|4-1776|4-2302|4-2396|4-2434|4-2435|4-470|4-486|4-567|4-708|4-737|4-911|4-911|4-962|5-145|5-1717|5-1727|5-269|5-370|5-567|5-630|5-737|5-815|6-112|6-145|6-1717|6-1727|6-370|6-421|6-911|7-140|7-145|7-367|7-441|7-442|7-911|7-968|8-1776|8-1776|8-2436|8-269|8-367|8-367|8-470|9-1717|9-2435|9-370|9-567|9-943
1575,1-140|1-140|1-140|1-1429|1-145|1-145|1-145|1-145|1-1717|1-268|1-269|1-269|1-269|1-30|1-30|1-30|1-367|1-367|1-367|1-441|1-441|1-441|1-47|1-470|1-470|1-473|1-473|1-473|1-473|1-508|1-567|1-567|1-567|1-567|1-567|1-710|1-710|1-737|1-892|1-892|1-892|1-911|1-911|1-97|1-97|2-140|2-140|2-1429|2-1429|2-145|2-163|2-1717|2-1730|2-1776|2-268|2-268|2-268|2-268|2-268|2-269|2-30|2-367|2-367|2-370|2-421|2-421|2-421|2-442|2-47|2-47|2-47|2-470|2-473|2-508|2-567|2-567|2-614|2-675|2-710|2-710|2-737|2-737|2-880|2-884|2-884|2-887|2-892|2-911|2-911|2-911|3-112|3-112|3-118|3-163|3-163|3-1727|3-1727|3-1736|3-2302|3-2396|3-2396|3-258|3-268|3-268|3-268|3-269|3-328|3-363|3-370|3-370|3-421|3-421|3-421|3-441|3-470|3-470|3-486|3-508|3-508|3-533|3-630|3-649|3-710|3-710|3-712|3-737|3-737|3-737|3-864|3-866|3-880|3-887|3-911|3-943|3-968|4-1230|4-1255|4-1429|4-1429|4-163|4-163|4-1776|4-1776|4-2302|4-2302|4-2302|4-2396|4-2434|4-2434|4-2435|4-2435|4-2436|4-2436|4-2436|4-258|4-269|4-280|4-280|4-363|4-367|4-410|4-421|4-441|4-442|4-442|4-473|4-508|4-533|4-567|4-590|4-614|4-614|4-737|4-855|4-864|4-880|4-887|4-943|4-97|4-97|5-1115|5-1255|5-1255|5-140|5-1429|5-145|5-15|5-1608|5-1717|5-1730|5-2396|5-2396|5-269|5-30|5-328|5-363|5-442|5-460|5-486|5-486|5-489|5-533|5-590|5-614|5-645|5-675|5-695|5-712|5-737|5-864|5-887|5-892|5-937|5-937|5-946|5-968|5-968|6-1082|6-112|6-112|6-1230|6-1230|6-1727|6-1730|6-1776|6-2436|6-370|6-370|6-410|6-421|6-441|6-470|6-486|6-489|6-614|6-630|6-630|6-695|6-708|6-710|6-710|6-855|6-880|6-943|6-946|6-962|6-968|6-97|7-1115|7-118|7-1608|7-1664|7-1664|7-2236|7-2434|7-2434|7-2435|7-2435|7-2436|7-258|7-258|7-280|7-328|7-363|7-442|7-590|7-649|7-815|7-855|7-866|7-880|7-884|8-118|8-163|8-1727|8-1736|8-2302|8-280|8-410|8-508|8-590|8-712|8-815|8-866|8-880|8-887
1594,1-1429|1-1429|1-1532|1-1776|1-1776|1-1778|2-1532|2-1603|2-1778|2-2258|2-2260|2-2437|3-2264|3-2271|3-2271|3-2404|3-2404|3-2405|4-1233|4-1514|4-1514|4-2237|4-2237|4-2424|5-1603|5-2258|5-2302|5-2385|5-2425|5-2433|6-2238|6-2260|6-2387|6-2419|6-2429|6-2437|7-2264|7-2309|7-2405|7-2438|7-2439|7-2440|8-1233|8-2291|8-2294|8-2424|8-2427|8-2442|9-2411|9-2412|9-2421|9-2441
1619,1-1245|1-1245|1-1458|1-1461|1-1461|1-2302|2-1244|2-1246|2-1458|2-2302|2-2442|2-2443|3-1246|3-2404|3-2421|3-2429|3-2433|3-2442|4-1244|4-2385|4-2401|4-2443|4-2444|4-2445
1641,1-1244|1-1244|1-2260|1-2404|1-2429|1-2429|2-1245|2-1245|2-1461|2-2302|2-2302|2-2412|3-1461|3-2265|3-2385|3-2412|3-2419|3-2441|4-2385|4-2387|4-2421|4-2441|4-2445|4-2446|5-2260|5-2404
1623,1-145|1-1717|1-2252|1-2252|1-2253|1-421|1-923|2-1244|2-140|2-2302|2-421|2-470|2-911|2-911|3-1244|3-1244|3-1246|3-1458|3-1614|3-2252|3-2396|4-1255|4-1428|4-1429|4-30|4-887|4-892|4-923|5-1614|5-1614|5-2267|5-2267|5-2321|5-370|5-370|6-140|6-145|6-2301|6-2401|6-30|6-470|6-892|7-1429|7-145|7-946|7-948|8-1595|8-2417|8-2418|8-923
1651,1-1244|1-1244|1-1245|1-1461|1-2264|1-2264|2-2265|2-2401|2-2401|2-2421|2-2429|2-2429|3-1245|3-1246|3-1461|3-2404|3-2440|3-2445|4-2265|4-2301|4-2411|4-2421
1666,1-145|1-1605
1658,1-1230|1-2264|2-2271|2-2434|3-1229|3-1532|4-1082|4-1401|5-2309|5-2404|6-2258|6-2445|7-1438|7-2425|8-1233|8-2448
1671,1-1246|1-2301|2-1245|2-1711|3-2309|3-460|4-2310|4-2445|5-2264|5-2450|6-2260|6-2451|7-2237|7-2307
1731,1-1272|1-1272|1-2271|1-2435|1-268|1-269|1-421|2-1272|2-1595|2-2237|2-2252|2-2271|2-2435|2-2436|3-1514|3-1532|3-1595|3-2387|3-2429|3-2436|3-737|4-1244|4-1532|4-2396|4-2436|4-269|4-421|4-421|5-1246|5-1429|5-1595|5-1639|5-2252|5-2306|5-737|6-1272|6-1429|6-1614|6-1614|6-1639|6-268|6-923|7-1246|7-1639|7-2387|7-2435|7-470|8-1244|8-1554|8-1639|8-2429|8-258|9-1228|9-1272|9-2437
1745,1-140|1-2434|1-2435|1-268|1-421|3-370|3-737|3-880
1742,1-421|2-567|3-710|4-47|5-675|6-79|7-436|8-645
1352,1-1656|1-210|2-1641|2-1651|3-389
1364,1-1641|1-1656|1-210|2-1669|4-839|7-1651|7-1652|8-389|8-49
1739,1-145|1-145|1-145|1-36|1-36|1-421|1-421|1-421|1-470|1-470|1-470|1-482|1-892|1-892|1-892|1-892|1-923|1-924|1-967|10-930|10-934|11-1078|11-1079|2-1081|2-145|2-145|2-328|2-421|2-470|2-470|2-482|2-482|2-645|2-892|2-908|2-909|2-909|2-911|2-912|2-912|2-913|2-914|3-1077|3-1081|3-328|3-36|3-482|3-645|3-645|3-908|3-909|3-909|3-911|3-912|3-912|3-913|3-914|3-923|3-924|3-969|3-969|4-1067|4-1076|4-1080|4-328|4-328|4-482|4-645|4-801|4-801|4-908|4-909|4-911|4-911|4-912|4-913|4-921|4-947|4-947|4-969|5-1067|5-1076|5-1077|5-1078|5-1082|5-36|5-923|5-924|5-946|5-950|5-969|6-1067|6-1076|6-1081|6-908|6-913|6-914|6-921|6-969|7-1080|7-1080|7-923|7-924|7-927|7-935|7-946|7-946|8-1077|8-921|8-930|8-934|8-950|8-970|9-1078|9-1079|9-927|9-935